Interne-ID;Function-Head;Funktion-Hit;Head;ID-Head;ID-NZZ;ID-Token;Meta-Kopf;sentence;Oberkategorie;Unterkategorie;Status;Kommentar;Veridikalität;externe Funktion;prozess;pFREQ;AuW;pure;agent;method;degree;proposition;KONJ;FRAME;SADV;extern;KAUS;TEMP;FREQ;BU;LOC;intern;INST;KOM;SH;iLOC
1;VVINF;ADV;fehlgehen;4;NZZ_1999_10_12_a217_seg7_s17;3;Full|-2;Man wird kaum fehlgehen, wenn man annimmt, dass diese Frage überhaupt hinter dem ganzen Vorhaben einer Publizierung dieses Briefwechsels steht, und dann beantwortet sich natürlich auch die Frage nach dem Umfang einer solchen Publikation : Unseld muss nun alle, aber auch wirklich alle Briefe drucken lassen, denn jede Auswahl, so gut sie sich begründen liesse und so angenehm sie die Lektüre machte, würde den Verdacht aufkommen lassen, sie sei, vor allem indem sie womöglich Briefe unterdrücke, tendenziell, und das hiesse : hauptsächlich auf den guten Ruf des Verlegers bedacht .;prozess;Gradadverbial;done;;?;frei;+;nd;+;nd;nd;nd;+;nd;nd;nd;nd;nd;nd;nd;nd;nd;nd;nd;nd;nd;nd;nd
2;VMFIN;ADV;können;5;NZZ_1999_08_18_a147_seg54_s5;7;Mod|3|Sg|Pres|Ind;"Von « Oper » kann dabei kaum die Rede sein ; bar jeden dramatischen Konflikts und in getragen feierlichem Ton breitet « Saint François d ' Assise » eine über vierstündige Bilderfolge aus dem Leben des Heiligen aus .";prozess;Gradadverbial;done;;-;frei;+;nd;+;nd;nd;nd;+;nd;nd;nd;nd;nd;nd;nd;nd;nd;nd;nd;nd;nd;nd;nd
3;VVPP;ADV;vernarben;19;NZZ_1993_08_10_a117_seg8_s4;18;Full|Psp;Da das Kriegsbeil unter den Konservativen in Sachen Maastricht nun gerade begraben sei und die politischen Wunden kaum vernarbt seien, habe man keine Initiative Majors in Richtung gemeinsamer Währung erwartet, hiess es .;extern;temporal;done;;+;frei;nd;nd;nd;nd;nd;nd;nd;nd;nd;nd;nd;+;nd;+;nd;nd;nd;nd;nd;nd;nd;nd
4;VVPP;ADV;ansprechen;20;NZZ_1996_03_01_a185_seg9_s9;19;Full|Psp;Im weiteren ist denn auch vorgesehen, die lokalen Organisatoren finanziell zu unterstützen, da sich diese ansonsten kaum angesprochen fühlen dürften .;prozess;Gradadverbial;done;;-;frei;+;nd;+;nd;nd;nd;+;nd;nd;nd;nd;nd;nd;nd;nd;nd;nd;nd;nd;nd;nd;nd
5;VVFIN;ADV;bringen;15;NZZ_1993_12_04_a159_seg30_s16;17;Full|3|Pl|Past|Ind;Trotz dem hohen Barometerstand überzogen die hohen Wolkenfelder ihre Warmfront auf unser Land, brachten aber kaum Regen .;nd;nd;not of interest;ModNP;;;nd;nd;nd;nd;nd;nd;nd;nd;nd;nd;nd;nd;nd;nd;nd;nd;nd;nd;nd;nd;nd;nd
6;VVFIN;ADV;kennen;15;NZZ_1999_01_21_a231_seg11_s7;16;Full|1|Sg|Pres|Ind;Und dann betonte der fünfzigjährige Christoph N., Arzt aus München : « Ich kenne kaum in der Bundesrepublik ein Hotel, das so viel Service, so viel Manpower bringt . »;nd;nd;not of interest;ModNP;;;nd;nd;nd;nd;nd;nd;nd;nd;nd;nd;nd;nd;nd;nd;nd;nd;nd;nd;nd;nd;nd;nd
7;VVINF;ADV;starten;15;NZZ_1999_02_22_a64_seg17_s4;14;Full|-2;Militärhelikopter stünden zwar zur Verfügung, doch können diese wegen der miserablen Sichtverhältnisse kaum starten .;prozess;Gradadverbial;done;;-;frei;+;nd;+;nd;nd;nd;+;nd;nd;nd;nd;nd;nd;nd;nd;nd;nd;nd;nd;nd;nd;nd
8;VVINF;ADV;erleichtern;29;NZZ_1995_10_20_a164_seg3_s9;28;Full|-2;Die Konsequenzen aus den spieltechnischen Koordinaten, plus die zeitlichen Abfolgen im ATP-Kalender nach dem Australian Open, dürften die Premiere der aufdringlich wohltätigen Genfer Tennismanifestation kommerziell kaum erleichtern .;prozess;Gradadverbial;done;;-;frei;+;nd;+;nd;nd;nd;+;nd;nd;nd;nd;nd;nd;nd;nd;nd;nd;nd;nd;nd;nd;nd
9;VVINF;ADV;widersprechen;12;NZZ_1996_07_20_a3_seg1_s42;10;Full|-2;Der alte Kontinent braucht nach amerikanischer Auffassung, der kaum zu widersprechen ist, einen strukturierten Frieden, die übrige Welt dagegen nicht .;prozess;Gradadverbial;done;;-;frei;+;nd;+;nd;nd;nd;+;nd;nd;nd;nd;nd;nd;nd;nd;nd;nd;nd;nd;nd;nd;nd
10;VVINF;ADV;verlieren;22;NZZ_1993_02_09_a36_seg11_s2;19;Full|-2;Aber selbst unter diesem politischen Druck wird dieses als Mittel zu noch mehr Mobilität, Unabhängigkeit und Freiheit kaum an Reiz verlieren und seinen überdurchschnittlich hohen Stellenwert für den einzelnen Konsumenten wie auch als wichtiger Faktor unseres Wohlstandes wahren können .;prozess;Gradadverbial;done;;+;frei;+;nd;+;nd;nd;nd;+;nd;nd;nd;nd;nd;nd;nd;nd;nd;nd;nd;nd;nd;nd;nd
11;VVINF;ADV;gewinnen;13;NZZ_1994_06_02_a38_seg9_s2;11;Full|-2;Die Abstimmung vom 12. Juni ist mit wirtschaftlichen Argumenten allein kaum zu gewinnen .;prozess;Gradadverbial;done;;+;frei;+;nd;+;nd;nd;nd;+;nd;nd;nd;nd;nd;nd;nd;nd;nd;nd;nd;nd;nd;nd;nd
12;VVIZU;ADV;eindämmen;21;NZZ_1994_11_29_a150_seg2_s16;20;Full|zu;Das immer vehementer in Erscheinung tretende Phänomen der organisierten Gewalt in den italienischen Fussballstadien ist allein mit drastischen Gefängnisstrafen kaum einzudämmen .;prozess;Gradadverbial;done;;+;frei;+;nd;+;nd;nd;nd;+;nd;nd;nd;nd;nd;nd;nd;nd;nd;nd;nd;nd;nd;nd;nd
13;VVFIN;ADV;bieten;30;NZZ_1996_08_06_a186_seg8_s4;25;Full|3|Sg|Pres|Ind;In Prag gibt man sich in dieser Beziehung eher skeptisch, obwohl nicht verschwiegen wird, dass der Verkaufserlös dem Verein noch vor kurzem kaum für möglich gehaltene Perspektiven bietet .;nd;nd;not of interest;ModNP;;;nd;nd;nd;nd;nd;nd;nd;nd;nd;nd;nd;nd;nd;nd;nd;nd;nd;nd;nd;nd;nd;nd
14;VVINF;ADV;beeindrucken;17;NZZ_1996_06_14_a110_seg2_s1;16;Full|-2;( Reuter ) Die Franken-Obligationen haben sich von den schwächer als erwartet ausgefallenen amerikanischen Konjunkturdaten kaum beeindrucken lassen und schwächer tendiert .;prozess;Gradadverbial;done;;+;frei;+;nd;+;nd;nd;nd;+;nd;nd;nd;nd;nd;nd;nd;nd;nd;nd;nd;nd;nd;nd;nd
15;VVFIN;ADV;bringen;9;NZZ_1997_04_26_a62_seg3_s4;11;Full|3|Pl|Pres|Ind;Sie sind dem breiten Publikum meistens unbekannt, bringen es kaum je zum Starstatus eines David Copperfield, sind mit Kammermusikern vergleichbar und geniessen unter Zauberern, auch unter den Bühnenkünstlern, hohes Ansehen .;nd;nd;not of interest;ModADV;;;nd;nd;nd;nd;nd;nd;nd;nd;nd;nd;nd;nd;nd;nd;nd;nd;nd;nd;nd;nd;nd;nd
16;VVINF;ADV;anwenden;13;NZZ_1999_05_18_a228_seg12_s5;12;Full|-2;So hat sich herausgestellt, dass Sachbearbeiter CBT im betrieblichen Alltag kaum anwenden können, weil zu viele Störungen auftreten .;prozess;Gradadverbial;done;;+;frei;+;nd;+;nd;nd;nd;+;nd;nd;nd;nd;nd;nd;nd;nd;nd;nd;nd;nd;nd;nd;nd
17;VVINF;ADV;umrüsten;17;NZZ_1997_04_14_a227_seg15_s2;13;Full|-2;Ein nicht unerheblicher Teil der westeuropäischen Büro- und Gewerbeimmobilien wird sich jedoch kaum für neue Nutzungskonzepte umrüsten lassen .;prozess;Gradadverbial;done;;+;frei;+;nd;+;nd;nd;nd;+;nd;nd;nd;nd;nd;nd;nd;nd;nd;nd;nd;nd;nd;nd;nd
18;VVINF;ADV;vorlegen;11;NZZ_1998_11_28_a164_seg9_s2;10;Full|-2;Ausgeglichene Budgets können trotz Sparmassnahmen vor allem die Schulgemeinden kaum vorlegen .;prozess;Gradadverbial;done;;+;frei;+;nd;+;nd;nd;nd;+;nd;nd;nd;nd;nd;nd;nd;nd;nd;nd;nd;nd;nd;nd;nd
19;VVPP;ADV;negieren;16;NZZ_1994_07_01_a240_seg17_s4;15;Full|Psp;Zweifellos eine ebenso bekannte wie ernstzunehmende Argumentation, deren Gültigkeit angesichts der wuchernden Agglomerationen kaum negiert werden kann .;prozess;Gradadverbial;done;;ambig;frei;+;nd;+;nd;nd;nd;+;nd;nd;nd;nd;nd;nd;nd;nd;nd;nd;nd;nd;nd;nd;nd
20;VVPP;ADV;gehen;16;NZZ_1994_05_11_a19_seg6_s1;13;Full|Psp;Frustrierte Jugendliche, die meisten von ihnen arbeitslos und in den Intifada-Jahren kaum zur Schule gegangen, liefern den israelischen Soldaten, die den Terminal abriegeln, hin und wieder kleinere Scharmützel .;nd;nd;not of interest;ModSekPräd;;;nd;nd;nd;nd;nd;nd;nd;nd;nd;nd;nd;nd;nd;nd;nd;nd;nd;nd;nd;nd;nd;nd
21;VVPP;ADV;bilden;29;NZZ_1993_08_05_a37_seg3_s3;28;Full|Psp;Stellenweise verfestigen sie sich und erinnern an eine Feder, einen Stein, ein Blatt, oder sie verschlaufen sich zu kalligraphischen Zeichen, die sich, kaum gebildet, wieder verflüssigen .;extern;temporal;done;;+;frei;nd;nd;nd;nd;nd;nd;nd;nd;nd;nd;nd;+;nd;+;nd;nd;nd;nd;nd;nd;nd;nd
22;VVINF;ADV;widerstehen;30;NZZ_1995_11_02_a4_seg8_s6;29;Full|-2;Der 56jährige Bouchard ist der populärste Politiker Quebecs und dürfte der Versuchung, von der nicht sehr glorreichen Rolle des Oppositionsführers im Bundesparlament auf die Provinzebene überzuwechseln, kaum widerstehen können .;prozess;Gradadverbial;done;;+;frei;+;nd;+;nd;nd;nd;+;nd;nd;nd;nd;nd;nd;nd;nd;nd;nd;nd;nd;nd;nd;nd
23;VVPP;ADV;arbeiten;79;NZZ_1993_02_09_a18_seg4_s1;77;Full|Psp;"Natürlich haben sie recht, die Apologeten des grossen kommunistischen Vaterlandes, die behaupten, zwischen der Ukraine und Russland gebe es kaum einen Unterschied : Die gleichen Polizisten in den gleichen Uniformen schwingen die gleichen schwarzweissen Knüppel und nähern sich den Autos, die sie aus dem Verkehrsstrom herausgewinkt haben, mit dem gleichen arroganten Wiegeschritt ; in den Vorstädten strömen die Menschen im Grau der Dämmerung in die gleichen staatlichen Fabriken, in denen kaum noch gearbeitet wird, weil die Rohstofflieferungen ausgeblieben sind .";prozess;Gradadverbial;done;;+;frei;+;nd;+;nd;nd;nd;+;nd;nd;nd;nd;nd;nd;nd;nd;nd;nd;nd;nd;nd;nd;nd
24;VVINF;ADV;rechnen;16;NZZ_1999_08_21_a101_seg11_s9;11;Full|-2;In der Frage der Gentech-Lebensmittel ist von diesem Gremium allerdings kaum mit zielführenden Vorschlägen zu rechnen .;prozess;Gradadverbial;done;;+;frei;+;nd;+;nd;nd;nd;+;nd;nd;nd;nd;nd;nd;nd;nd;nd;nd;nd;nd;nd;nd;nd
25;VVFIN;ADV;merken;5;NZZ_1996_07_10_a182_seg2_s7;7;Full|3|Sg|Pres|Ind;Vor dem zwanzigsten Altersjahr merkt man kaum etwas von diesem Syndrom .;prozess;Gradadverbial;done;;+;frei;+;nd;+;nd;nd;nd;+;nd;nd;nd;nd;nd;nd;nd;nd;nd;nd;nd;nd;nd;nd;nd
26;VVFIN;ADV;finden;24;NZZ_1999_10_22_a29_seg6_s6;26;Full|3|Pl|Past|Subj;Aber selbst wenn die beiden Oppositionskandidaten ein eigenständiges Programm hätten - im Lärm der gleichgeschalteten Medien um den einzig massgeblichen Bewerber Ben Ali fänden sie kaum Gehör .;prozess;Gradadverbial;done;;+;frei;+;nd;+;nd;nd;nd;+;nd;nd;nd;nd;nd;nd;nd;nd;nd;nd;nd;nd;nd;nd;nd
27;VVINF;ADV;zurücklocken;26;NZZ_1998_06_26_a140_seg3_s24;25;Full|-2;Das geradezu skandalös zähe Züri-Geschnetzelte, das er in einem an dieser Stelle nicht namentlich zu erwähnenden Erstklassrestaurant vorgesetzt bekam, wird ihn jedenfalls kaum zurücklocken .;prozess;Gradadverbial;done;;-;frei;+;nd;+;nd;nd;nd;+;nd;nd;nd;nd;nd;nd;nd;nd;nd;nd;nd;nd;nd;nd;nd
28;VMFIN;ADV;können;6;NZZ_1995_02_10_a25_seg6_s8;8;Mod|3|Sg|Pres|Ind;Zurück von der Front, kann man kaum glauben, dass die peruanische Seite den Konflikt von langer Hand und sorgfältig vorbereitet hat .;prozess;Gradadverbial;done;;+;frei;+;nd;+;nd;nd;nd;+;nd;nd;nd;nd;nd;nd;nd;nd;nd;nd;nd;nd;nd;nd;nd
29;VVFIN;ADV;kommen;16;NZZ_1994_11_14_a124_seg4_s18;13;Full|3|Sg|Past|Ind;Auffallenderweise wurde ihm keine Pause eingeräumt, obschon Urs Schärer, der kaum zum Einsatz kam, nicht zuletzt als Alternative im Aufbau für solche Situationen neu verpflichtet worden war .;prozess;Gradadverbial;done;;+;frei;+;nd;+;nd;nd;nd;+;nd;nd;nd;nd;nd;nd;nd;nd;nd;nd;nd;nd;nd;nd;nd
30;VVFIN;ADV;geben;2;NZZ_1998_09_07_a92_seg2_s10;14;Full|3|Sg|Pres|Ind;Anderseits gibt es auch für die einheimischen Investoren in der angeschlagenen malaysischen Wirtschaft kaum Gründe für einen derartig massiven Neueinstieg am Arbeitsmarkt .;prozess;Gradadverbial;done;;+;frei;+;nd;+;nd;nd;nd;+;nd;nd;nd;nd;nd;nd;nd;nd;nd;nd;nd;nd;nd;nd;nd
31;VVFIN;ADV;treten;9;NZZ_1995_06_26_a172_seg3_s8;6;Full|3|Sg|Past|Ind;Dass das französische Damen-Team sonst kaum in Erscheinung trat, war von vornherein zu erwarten gewesen .;prozess;Gradadverbial;done;;+;frei;+;nd;+;nd;nd;nd;+;nd;nd;nd;nd;nd;nd;nd;nd;nd;nd;nd;nd;nd;nd;nd
32;VVINF;ADV;widerlegen;39;NZZ_1995_02_03_a188_seg3_s10;37;Full|-2;Die Annahme, ein Spieler wie Rosset in Unterform und mit wenig Matchpraxis eröffne derzeit mehr Optionen auf den Erfolg als der im Tennisherbst angelangte Jakob Hlasek mit spröde gewordener Zuverlässigkeit, ist aus Schweizer Sicht kaum zu widerlegen - leider .;prozess;Gradadverbial;done;;+;frei;+;nd;+;nd;nd;nd;+;nd;nd;nd;nd;nd;nd;nd;nd;nd;nd;nd;nd;nd;nd;nd
33;VVFIN;ADV;unterscheiden;18;NZZ_1993_12_18_a3_seg6_s2;17;Full|3|Sg|Pres|Ind;Sie führt nur drastisch vor Augen, dass sich Angolas Hinterland von dem unvergleichlich ärmeren Moçambique kaum unterscheidet .;prozess;Gradadverbial;done;;+;frei;+;nd;+;nd;nd;nd;+;nd;nd;nd;nd;nd;nd;nd;nd;nd;nd;nd;nd;nd;nd;nd
34;VVPP;ADV;rütteln;39;NZZ_1999_05_11_a42_seg12_s17;33;Full|Psp;Nach dem Nein des Souveräns zur Initiative « Wohneigentum für alle » scheint klar, dass sowohl angesichts der momentanen Stimmung wie auch der Lage der Staatsfinanzen kurzfristig auf eidgenössischer Ebene wohl kaum an der Höhe des Eigenmietwertes gerüttelt werden kann .;prozess;Gradadverbial;done;;-;frei;+;nd;+;nd;nd;nd;+;nd;nd;nd;nd;nd;nd;nd;nd;nd;nd;nd;nd;nd;nd;nd
35;VVIZU;ADV;einwenden;25;NZZ_1995_10_28_a30_seg1_s11;23;Full|zu;So lange dies nicht zur Verschleppung zwar nicht unmittelbar dringlicher, aber dennoch in absehbarer Zeit notwendiger Entscheide führt, wird dagegen kaum etwas einzuwenden sein .;prozess;Gradadverbial;done;;+;frei;+;nd;+;nd;nd;nd;+;nd;nd;nd;nd;nd;nd;nd;nd;nd;nd;nd;nd;nd;nd;nd
36;VVPP;ADV;spielen;25;NZZ_1997_12_01_a158_seg2_s4;21;Full|Psp;Vor allem das 1 : 8 Biels gegen Abstiegskandidat Servette war eine nicht geringe Überraschung, wobei die Gastgeber, kaum waren zwölf Minuten gespielt, bereits 3 : 0 führten .;extern;temporal;done;;+;frei;nd;nd;nd;nd;nd;nd;nd;nd;nd;nd;nd;+;nd;+;nd;nd;nd;nd;nd;nd;nd;nd
37;VVPP;ADV;erwähnen;18;NZZ_1996_11_08_a72_seg9_s1;17;Full|Psp;In der Raubgolddiskussion ist bisher die dubiose Rolle der Bank für Internationalen Zahlungsausgleich ( BIZ ) kaum erwähnt worden .;prozess;Gradadverbial;done;;+;frei;+;nd;+;nd;nd;nd;+;nd;nd;nd;nd;nd;nd;nd;nd;nd;nd;nd;nd;nd;nd;nd
38;VVINF;ADV;durchringen;29;NZZ_1995_12_01_a212_seg3_s15;28;Full|-2;Zu Francis Solers Entwurf, dem einzigen radikalen Gegenmodell unter den zwölf preisgekrönten und angekauften Beiträgen, wird sich der Auslober, das Land Hessen, allerdings kaum durchringen können .;prozess;Gradadverbial;done;;+;frei;+;nd;+;nd;nd;nd;+;nd;nd;nd;nd;nd;nd;nd;nd;nd;nd;nd;nd;nd;nd;nd
39;VVPP;ADV;standhalten;22;NZZ_1998_04_14_a142_seg2_s8;21;Full|Psp;Allerdings : Nicht sämtliche 3000 Eier konnten in ein einziges Nest gelegt werden, die untersten hätten dem Druck wohl kaum standgehalten .;prozess;Gradadverbial;done;;-;frei;+;nd;+;nd;nd;nd;+;nd;nd;nd;nd;nd;nd;nd;nd;nd;nd;nd;nd;nd;nd;nd
40;VVFIN;ADV;lassen;5;NZZ_1997_10_23_a185_seg3_s3;15;Full|3|Sg|Past|Ind;Mit seinem besten Saison-Auftritt liess das Team von Trainer Trapattoni seinem vermeintlich härtesten Gruppen-Konkurrenten kaum eine Chance .;prozess;Gradadverbial;done;;+;frei;+;nd;+;nd;nd;nd;+;nd;nd;nd;nd;nd;nd;nd;nd;nd;nd;nd;nd;nd;nd;nd
41;VVFIN;ADV;machen;10;NZZ_1995_04_15_a29_seg9_s3;15;Full|3|Pl|Past|Ind;Der Ölreichtum kam allen zugute, und die Nutzniesser machten sich über dessen Verteilung kaum Gedanken .;prozess;Gradadverbial;done;;+;frei;+;nd;+;nd;nd;nd;+;nd;nd;nd;nd;nd;nd;nd;nd;nd;nd;nd;nd;nd;nd;nd
42;VVPP;ADV;interessieren;10;NZZ_1997_06_28_a8_seg8_s7;5;Full|Psp;Gerade Funktionsträger, die kaum an einer unkontrollierten Ökumene interessiert sind, dämpften die Erwartungen und betonten die Bedeutung der Versammlung als Gelegenheit zu Begegnungen .;prozess;Gradadverbial;done;;+;frei;+;nd;+;nd;nd;nd;+;nd;nd;nd;nd;nd;nd;nd;nd;nd;nd;nd;nd;nd;nd;nd
43;VVINF;ADV;sehen;5;NZZ_1994_02_09_a28_seg6_s3;3;Full|-2;Kinder sind kaum zu sehen, und Frauen machen deutlich weniger als die Hälfte der auf die Abfahrt ihrer Züge wartenden Massen aus .;prozess;Gradadverbial;done;;+;frei;+;nd;+;nd;nd;nd;+;nd;nd;nd;nd;nd;nd;nd;nd;nd;nd;nd;nd;nd;nd;nd
44;VVINF;ADV;berühren;27;NZZ_1997_10_15_a116_seg4_s1;25;Full|-2;Wie der leidenschaftliche Sammler in seiner Erzählung « Die unsichtbare Sammlung » habe Zweig, berichteten Besucher, seine wertvollen Stücke aus übergrosser Ehrfurcht kaum zu berühren gewagt und nur auf ihre Bitte hin hervorgeholt .;prozess;Gradadverbial;done;;+;frei;+;nd;+;nd;nd;nd;+;nd;nd;nd;nd;nd;nd;nd;nd;nd;nd;nd;nd;nd;nd;nd
45;VVPP;ADV;bestreiten;38;NZZ_1998_12_24_a108_seg9_s8;36;Full|Psp;Als renitente Zahler waren die USA darum in einer schlechten Lage, dem IMF Vorgaben zur Bewältigung der Asien-Krise zu machen, was früher noch - etwa während der Blütezeit des Bretton-Woods-Systems vor 1973 - kaum je bestritten worden wäre .;nd;nd;not of interest;ModADV;;;nd;nd;nd;nd;nd;nd;nd;nd;nd;nd;nd;nd;nd;nd;nd;nd;nd;nd;nd;nd;nd;nd
46;VVINF;ADV;überraschen;37;NZZ_1995_08_02_a41_seg4_s2;36;Full|-2;Zug, 1. August Sollten die beiden bisherigen Zuger Vertreter, Georg Stucky ( FDP ) und Peter Hess ( CVP ), am 22. Oktober wieder in den Nationalrat Einzug halten, würde dies kaum überraschen .;prozess;Gradadverbial;done;;+;frei;+;nd;+;nd;nd;nd;+;nd;nd;nd;nd;nd;nd;nd;nd;nd;nd;nd;nd;nd;nd;nd
47;VVFIN;ADV;besitzen;42;NZZ_1999_02_19_a208_seg7_s1;35;Full|3|Pl|Pres|Ind;Weil dieses Andere in den ethnisch und kulturell ausgesprochen vielfältigen und vielschichtigen Grossstädten Nordamerikas nicht selten in den Gefilden des Sports gefunden wird und lokale Profiklubs, zumindest in Zeiten des Erfolgs, die kaum zu überschätzende Funktion eines soziokulturellen Katalysators besitzen, hatten es Chicago und seine Einheimischen aber jahrzehntelang schwer .;nd;nd;not of interest;ModADJ;;;nd;nd;nd;nd;nd;nd;nd;nd;nd;nd;nd;nd;nd;nd;nd;nd;nd;nd;nd;nd;nd;nd
48;VVFIN;ADV;beeinflussen;2;NZZ_1997_06_06_a113_seg3_s7;8;Full|3|Sg|Pres|Ind;Dagegen beeinflusst das lokale Marktrisiko die Performance kaum .;prozess;Gradadverbial;done;;+;frei;+;nd;+;nd;nd;nd;+;nd;nd;nd;nd;nd;nd;nd;nd;nd;nd;nd;nd;nd;nd;nd
49;VVFIN;ADV;hinreichen;15;NZZ_1998_05_29_a229_seg4_s1;14;Full|3|Sg|Pres|Ind;Von grösstem Nutzen für die Medizin ist das Internet dort, wo sie kaum hinreicht .;prozess;Gradadverbial;done;;+;frei;+;nd;+;nd;nd;nd;+;nd;nd;nd;nd;nd;nd;nd;nd;nd;nd;nd;nd;nd;nd;nd
50;VVIMP;ADV;mildern;25;NZZ_1998_10_06_a263_seg6_s32;28;Full|3|Sg|Pres|Ind;Dass es in Dürrenmatts Kritik auch heisst : « Graf Öderland geht die Welt an, er ist eine Gestalt der Apokalypse », mildert deren Tendenz kaum .;prozess;Gradadverbial;done;;+;frei;+;nd;+;nd;nd;nd;+;nd;nd;nd;nd;nd;nd;nd;nd;nd;nd;nd;nd;nd;nd;nd
51;VVFIN;ADV;wundern;5;NZZ_1996_01_15_a114_seg3_s17;10;Full|3|Sg|Past|Ind;Der ÖSV-Cheftrainer Werner Margreither wunderte sich nach dieser Leistung kaum .;prozess;Gradadverbial;done;;+;frei;+;nd;+;nd;nd;nd;+;nd;nd;nd;nd;nd;nd;nd;nd;nd;nd;nd;nd;nd;nd;nd
52;VVFIN;ADV;übersteigen;23;NZZ_1997_06_10_a22_seg3_s10;22;Full|3|Sg|Pres|Ind;"Gut lebt aber, wer zur lokalen Mafia gehört ; so fährt zum Beispiel ein Polizist, dessen Monatsgehalt 50 Mark kaum übersteigt, im neuen, weissen Mercedes vor .";prozess;Gradadverbial;done;;+;frei;+;nd;+;nd;nd;nd;+;nd;nd;nd;nd;nd;nd;nd;nd;nd;nd;nd;nd;nd;nd;nd
53;VVFIN;ADV;passen;19;NZZ_1999_03_19_a155_seg4_s1;15;Full|3|Pl|Pres|Ind;Der Blick auf Monet nach Ingres beziehungsweise umgekehrt offenbart Eigenarten ihrer Kunst, die kaum ins gängige Schema passen : die ungemeine Spontaneität des Zeichners Ingres im Erfassen augenblicklicher Stimmungen und die auf überzeitliche Harmonie intendierende Naturverklärung des späten Monet .;prozess;Gradadverbial;done;;+;frei;+;nd;+;nd;nd;nd;+;nd;nd;nd;nd;nd;nd;nd;nd;nd;nd;nd;nd;nd;nd;nd
54;VVFIN;ADV;geben;2;NZZ_1996_10_04_a165_seg6_s8;4;Full|3|Sg|Pres|Ind;"Verweigerung gibt es kaum ; sie schiene wohl verdächtig .";prozess;Gradadverbial;done;;+;frei;+;nd;+;nd;nd;nd;+;nd;nd;nd;nd;nd;nd;nd;nd;nd;nd;nd;nd;nd;nd;nd
55;VVINF;ADV;hinwegtrösten;31;NZZ_1997_07_23_a18_seg4_s34;30;Full|-2;Über diese trüben Aussichten kann auch die Annahme des Budgets für 1997 durch das Parlament - just zum ersten Verfassungstag mit einer Mehrheit von nur vier Stimmen angenommen - kaum hinwegtrösten .;prozess;Gradadverbial;done;;+;frei;+;nd;+;nd;nd;nd;+;nd;nd;nd;nd;nd;nd;nd;nd;nd;nd;nd;nd;nd;nd;nd
56;VVINF;ADV;verändern;18;NZZ_1994_03_12_a5_seg7_s2;17;Full|-2;Doch in den Grundzügen, vor allem aber im ökonomischen Bereich, dürfte sich seine Politik kaum verändern .;prozess;Gradadverbial;done;;+;frei;+;nd;+;nd;nd;nd;+;nd;nd;nd;nd;nd;nd;nd;nd;nd;nd;nd;nd;nd;nd;nd
57;VVPP;ADV;auswirken;9;NZZ_1995_04_22_a92_seg3_s6;8;Full|Psp;Auf die Ertragslage habe sich diese jedoch kaum ausgewirkt, da Währungskosten die -erträge nahezu ausgeglichen hätten .;prozess;Gradadverbial;done;;+;frei;+;nd;+;nd;nd;nd;+;nd;nd;nd;nd;nd;nd;nd;nd;nd;nd;nd;nd;nd;nd;nd
58;VVINF;ADV;verspüren;25;NZZ_1997_04_12_a151_seg12_s3;22;Full|-2;Von den durch verschiedene Medien verbreiteten Meldungen über Angst und Panik in der Bevölkerung nach dem Absturz war am Freitag morgen kaum etwas zu verspüren .;prozess;Gradadverbial;done;;+;frei;+;nd;+;nd;nd;nd;+;nd;nd;nd;nd;nd;nd;nd;nd;nd;nd;nd;nd;nd;nd;nd
59;VVINF;ADV;sehen;5;NZZ_1996_09_07_a48_seg8_s3;3;Full|-2;Er ist kaum zu sehen hinter dem Rauchvorhang, der vom Holzfeuer durch den Küherstock ( Baujahr 1741 ) zieht .;prozess;Gradadverbial;done;;+;frei;+;nd;+;nd;nd;nd;+;nd;nd;nd;nd;nd;nd;nd;nd;nd;nd;nd;nd;nd;nd;nd
60;VVPP;ADV;zustimmen;23;NZZ_1995_05_26_a53_seg1_s7;22;Full|Psp;Auf der einen Seite hätte das an der Urne jeweils puritanischer als im Alltag handelnde Volk der Abschaffung des Spielbankenverbots wohl kaum zugestimmt, wenn nicht das Argument der Mitfinanzierung der AHV aus dieser Quelle gewesen wäre .;prozess;Gradadverbial;done;;-;frei;+;nd;+;nd;nd;nd;+;nd;nd;nd;nd;nd;nd;nd;nd;nd;nd;nd;nd;nd;nd;nd
61;VVFIN;ADV;geben;2;NZZ_1998_03_05_a273_seg3_s2;7;Full|3|Sg|Pres|Ind;Theoretisch gibt es für den Motorenentwickler kaum etwas Näherliegendes als den direkteinspritzenden Benzinmotor : Mit diesem Konzept liesse sich das grosse Leistungspotential des Ottomotors mit dem vorbildlichen Verbrauchsverhalten des Diesels kombinieren .;prozess;Gradadverbial;done;;+;frei;+;nd;+;nd;nd;nd;+;nd;nd;nd;nd;nd;nd;nd;nd;nd;nd;nd;nd;nd;nd;nd
62;VVINF;ADV;begeistern;19;NZZ_1997_11_22_a172_seg3_s11;18;Full|-2;Auch Lesungen fehlen diesmal im Programm, weil sich die Käufer im Frühling für dieses Angebot ebenfalls kaum begeistern konnten .;prozess;Gradadverbial;done;;+;frei;+;nd;+;nd;nd;nd;+;nd;nd;nd;nd;nd;nd;nd;nd;nd;nd;nd;nd;nd;nd;nd
63;VVPP;ADV;beigestehen|beistehen;14;NZZ_1998_03_28_a88_seg3_s18;13;Full|Psp;An dieser Feststellung ändert wenig, dass der Nichtbankensektor bisher den Instituten kaum beigestanden ist .;prozess;Gradadverbial;done;;+;frei;+;nd;+;nd;nd;nd;+;nd;nd;nd;nd;nd;nd;nd;nd;nd;nd;nd;nd;nd;nd;nd
64;VVPP;ADV;bringen;29;NZZ_1999_07_14_a145_seg12_s10;27;Full|Psp;Nach den bisherigen Erkenntnissen hätten die Massnahmen zum Schutz von Frauen, welche nach dem Mord im Parkhaus Urania eingeführt wurden, im konkreten Fall übrigens kaum etwas gebracht .;prozess;Gradadverbial;done;;+;frei;+;nd;+;nd;nd;nd;+;nd;nd;nd;nd;nd;nd;nd;nd;nd;nd;nd;nd;nd;nd;nd
65;VVPP;ADV;berühren;19;NZZ_1996_02_01_a77_seg3_s6;15;Full|Psp;Wie schon bei der letzten Verschiebung der Bandbreite vor sieben Monaten dürfte der Tageskurs kaum von der Massnahme berührt werden .;prozess;Gradadverbial;done;;-;frei;+;nd;+;nd;nd;nd;+;nd;nd;nd;nd;nd;nd;nd;nd;nd;nd;nd;nd;nd;nd;nd
66;VVINF;ADV;bringen;30;NZZ_1997_06_21_a6_seg4_s4;24;Full|-2;Die Euroskeptiker und Vertreter des rechten Parteiflügels beherrschen nun zwar die Unterhausfraktion, aber die Europafreunde und der linke Fraktionsflügel werden sich wohl kaum durch ein Diktat zum Schweigen bringen lassen .;prozess;Gradadverbial;done;;-;frei;+;nd;+;nd;nd;nd;+;nd;nd;nd;nd;nd;nd;nd;nd;nd;nd;nd;nd;nd;nd;nd
67;VVFIN;ADV;erstaunen;10;NZZ_1994_09_08_a131_seg3_s11;12;Full|3|Sg|Pres|Ind;Dass der Architekt Xenakis zu seinen Lieblingskomponisten gehört, erstaunt deshalb kaum .;prozess;Gradadverbial;done;;+;frei;+;nd;+;nd;nd;nd;+;nd;nd;nd;nd;nd;nd;nd;nd;nd;nd;nd;nd;nd;nd;nd
68;VVFIN;ADV;entstehen;3;NZZ_1994_10_28_a79_seg23_s5;4;Full|3|Sg|Pres|Ind;Für Einzelne entsteht kaum eine Notlage, da 500 Millionen Franken ( bis Anfang 2000 ) aus dem Ertrag der Mehrwertsteuer für die Personen in bescheidenen wirtschaftlichen Verhältnissen zu verwenden sind und Krankenversicherungsprämien im Rahmen der individuellen Hilfe ( Fürsorge, Ergänzungsleistungen usw. ) anerkannt werden .;prozess;Gradadverbial;done;;-;frei;+;nd;+;nd;nd;nd;+;nd;nd;nd;nd;nd;nd;nd;nd;nd;nd;nd;nd;nd;nd;nd
69;VVINF;ADV;mißverstehen;5;NZZ_1994_07_08_a17_seg6_s10;4;Full|zu;Der Fingerzeig war kaum misszuverstehen : Man solle vor seiner eigenen Haustür kehren und nicht China mit Ratschlägen oder sogar Vorhaltungen belästigen .;nd;nd;not of interest;ModPräd;;;nd;nd;nd;nd;nd;nd;nd;nd;nd;nd;nd;nd;nd;nd;nd;nd;nd;nd;nd;nd;nd;nd
70;VVPP;ADV;auswirken;12;NZZ_1997_04_15_a99_seg2_s3;8;Full|Psp;Die Kursverluste bei den US-Longbonds hätten sich kaum auf den Franken-Markt ausgewirkt .;prozess;Gradadverbial;done;;+;frei;+;nd;+;nd;nd;nd;+;nd;nd;nd;nd;nd;nd;nd;nd;nd;nd;nd;nd;nd;nd;nd
71;VVFIN;ADV;warten;11;NZZ_1994_10_01_a205_seg3_s8;12;Full|1|Sg|Past|Ind;Einige Tage später war die Nacht lau, und ich wartete kaum das Morgengrauen ab .;prozess;Gradadverbial;done;;+;frei;+;nd;+;nd;nd;nd;+;nd;nd;nd;nd;nd;nd;nd;nd;nd;nd;nd;nd;nd;nd;nd
72;VVPP;ADV;treten;18;NZZ_1996_06_26_a2_seg4_s6;15;Full|Psp;Sowohl die Entlassenen als auch die neu ernannten Sicherheitsratsfunktionäre waren bisher in der Öffentlichkeit kaum in Erscheinung getreten .;prozess;Gradadverbial;done;;+;frei;+;nd;+;nd;nd;nd;+;nd;nd;nd;nd;nd;nd;nd;nd;nd;nd;nd;nd;nd;nd;nd
73;VVFIN;ADV;bestehen;2;NZZ_1999_04_07_a93_seg10_s3;9;Full|3|Sg|Pres|Subj;Einerseits bestehe durch das schleppende Wirtschaftswachstum in Europa kaum eine Inflationsgefahr, woran auch eine bescheidene Zinssenkung von 25 Basispunkten nicht viel ändern dürfte .;prozess;Gradadverbial;done;;+;frei;+;nd;+;nd;nd;nd;+;nd;nd;nd;nd;nd;nd;nd;nd;nd;nd;nd;nd;nd;nd;nd
74;VVFIN;ADV;schenken;10;NZZ_1997_05_31_a154_seg3_s3;4;Full|-2;Sonst hätte er kaum der Schweiz 1804 ihr Nationaldrama schenken noch in « Die Braut von Messina » schreiben können : « Auf den Bergen ist Freiheit !;prozess;Gradadverbial;done;;-;frei;+;nd;+;nd;nd;nd;+;nd;nd;nd;nd;nd;nd;nd;nd;nd;nd;nd;nd;nd;nd;nd
75;VVIZU;ADV;annehmen;5;NZZ_1999_09_24_a219_seg11_s7;4;Full|zu;Denn es ist kaum anzunehmen, dass der Stadtklub den Afrikaner für die Ersatzbank verpflichtet hat .;prozess;Gradadverbial;done;;-;frei;+;nd;+;nd;nd;nd;+;nd;nd;nd;nd;nd;nd;nd;nd;nd;nd;nd;nd;nd;nd;nd
76;VVFIN;ADV;bieten;3;NZZ_1995_07_27_a142_seg3_s3;5;Full|3|Sg|Past|Ind;Die Selektion bot dabei kaum Schwierigkeiten .;nd;nd;not of interest;ModNP;;;nd;nd;nd;nd;nd;nd;nd;nd;nd;nd;nd;nd;nd;nd;nd;nd;nd;nd;nd;nd;nd;nd
77;VMFIN;ADV;können;2;NZZ_1997_03_19_a120_seg3_s22;4;Mod|3|Sg|Pres|Ind;Man kann Menzel kaum adäquater zeigen als hier .;prozess;Gradadverbial;done;;+;frei;+;nd;+;nd;nd;nd;+;nd;nd;nd;nd;nd;nd;nd;nd;nd;nd;nd;nd;nd;nd;nd
78;VVPP;ADV;halten;38;NZZ_1996_09_18_a208_seg5_s2;35;Full|Psp;Dagegen hat Churchills Appell an die historische Vernunft zugunsten einer Aussöhnung und einer partnerschaftlichen Zusammenarbeit zwischen Deutschland und Frankreich seine Erfüllung in einer Weise gefunden, wie sie unmittelbar nach dem Zweiten Weltkrieg noch kaum für möglich gehalten worden war .;prozess;Gradadverbial;done;;+;frei;+;nd;+;nd;nd;nd;+;nd;nd;nd;nd;nd;nd;nd;nd;nd;nd;nd;nd;nd;nd;nd
79;VMINF;ADV;können;6;NZZ_1997_10_09_a2_seg8_s2;4;Mod|-2;Sie werden es kaum vermeiden können, dass ihnen Clinton und die Demokraten das Etikett « Reformgegner » anhängen .;prozess;Gradadverbial;done;;+;frei;+;nd;+;nd;nd;nd;+;nd;nd;nd;nd;nd;nd;nd;nd;nd;nd;nd;nd;nd;nd;nd
80;VVFIN;ADV;geben;2;NZZ_1996_11_26_a73_seg5_s3;3;Full|3|Sg|Pres|Ind;Es gibt kaum eine allgemeingültige Aussage, warum in den letzten 20 Jahren die Arbeitslosigkeit - mit einigen Ausnahmen - weltweit tendenziell gestiegen ist .;prozess;Gradadverbial;done;;+;frei;+;nd;+;nd;nd;nd;+;nd;nd;nd;nd;nd;nd;nd;nd;nd;nd;nd;nd;nd;nd;nd
81;VVINF;ADV;verausgaben;12;NZZ_1996_04_22_a93_seg3_s25;11;Full|-2;Er ist es, auch wenn er sich dazu offensichtlich kaum verausgaben muss .;prozess;Gradadverbial;done;;+;frei;+;nd;+;nd;nd;nd;+;nd;nd;nd;nd;nd;nd;nd;nd;nd;nd;nd;nd;nd;nd;nd
82;VVFIN;ADV;finden;22;NZZ_1996_08_03_a185_seg3_s27;23;Full|3|Sg|Past|Ind;Das Spektakel in Form von raffinierten Smashes, unter der Tischplatte hervorgezauberten Bällen oder Duellen, weit vom Rechtecke entfernt, fand kaum statt, zu ähnlich schienen sich die Finalisten in ihrer Spielart .;prozess;Gradadverbial;done;;+;frei;+;nd;+;nd;nd;nd;+;nd;nd;nd;nd;nd;nd;nd;nd;nd;nd;nd;nd;nd;nd;nd
83;VVFIN;ADV;ernten;4;NZZ_1996_02_15_a17_seg6_s2;5;Full|3|Sg|Pres|Ind;"Der arme Vogel erntet kaum je ein Lächeln ; die forcierte Humorigkeit will nicht so recht zum Image des grimmigen Buchanan passen, der nun, begleitet von magerem Applaus, vor die Mikrophone tritt und sofort zu sprechen beginnt .";nd;nd;not of interest;ModADV;;;nd;nd;nd;nd;nd;nd;nd;nd;nd;nd;nd;nd;nd;nd;nd;nd;nd;nd;nd;nd;nd;nd
84;VAFIN;ADV;haben;38;NZZ_1996_11_12_a8_seg6_s4;32;Haben|-2;Zwar sind die nächsten Nationalratswahlen erst 1999 fällig, doch versäumt die FPÖ keine Gelegenheit, darauf hinzuweisen, dass die Grosse Koalition so gelähmt und zerstritten sei, dass sie kaum die ganze Legislaturperiode hindurch Bestand haben könne .;prozess;Gradadverbial;done;;-;frei;+;nd;+;nd;nd;nd;+;nd;nd;nd;nd;nd;nd;nd;nd;nd;nd;nd;nd;nd;nd;nd
85;VVINF;ADV;finden;8;NZZ_1995_05_20_a18_seg6_s8;6;Full|-2;Solche Spezies sind in Thailand kaum zu finden .;prozess;Gradadverbial;done;;+;frei;+;nd;+;nd;nd;nd;+;nd;nd;nd;nd;nd;nd;nd;nd;nd;nd;nd;nd;nd;nd;nd
86;VVPP;ADV;bezeichnen;15;NZZ_1999_11_13_a84_seg1_s12;12;Full|Psp;"Dagegen kann die Marktmacht der Schweiz im weltweiten oder europäischen Umfeld kaum als gewichtig bezeichnet werden ; der Zwang zur Kundensuche im Ausland hat hier denn auch entsprechende Verbindungen und Gewichte entstehen lassen, auf die der Konzern ( noch ) nicht verzichten will .";prozess;Gradadverbial;done;vergleich;+;frei;+;nd;+;nd;nd;nd;+;nd;nd;nd;nd;nd;nd;nd;nd;nd;nd;nd;nd;nd;nd;nd
87;VVINF;ADV;bemerken;25;NZZ_1995_06_12_a154_seg7_s6;21;Full|-2;Zu denken gibt allerdings der Umstand, dass von diesen Vorzügen nach dem Seitenwechsel, speziell nach dem Ausgleich, kaum mehr etwas zu bemerken war bis zum zu späten Eintritt von Gascoigne und Collymore in den letzten zehn Minuten .;prozess;Gradadverbial;done;;+;frei;+;nd;+;nd;nd;nd;+;nd;nd;nd;nd;nd;nd;nd;nd;nd;nd;nd;nd;nd;nd;nd
88;VVFIN;ADV;lassen;12;NZZ_1996_05_07_a168_seg3_s1;14;Full|3|Sg|Pres|Ind;Vom Kader der faktisch aus der ersten Bundesliga abgestiegenen Eintracht Frankfurt lässt sich kaum ein Spieler verkaufen .;prozess;Gradadverbial;done;;+;frei;+;nd;+;nd;nd;nd;+;nd;nd;nd;nd;nd;nd;nd;nd;nd;nd;nd;nd;nd;nd;nd
89;VVINF;ADV;finden;18;NZZ_1996_07_16_a118_seg8_s7;17;Full|-2;Im weiteren wurde klar, dass sich bestehende Hallen in der benötigten Grossräumigkeit und ohne Tragelemente kaum finden lassen würden .;prozess;Gradadverbial;done;;-;frei;+;nd;+;nd;nd;nd;+;nd;nd;nd;nd;nd;nd;nd;nd;nd;nd;nd;nd;nd;nd;nd
90;VVFIN;ADV;reichen;26;NZZ_1997_05_05_a87_seg3_s3;29;Full|3|Sg|Pres|Ind;Das verräterisch betitelte Sendesegment « The World Beyond New York » lässt den Blick für fünf Minuten über den Tellerrand der Metropole schweifen, allerdings reicht die Fernsicht kaum je weiter als bis nach Albany, dem Sitz des Governor von New York .;prozess;Gradadverbial;done;;+;frei;+;nd;+;nd;nd;nd;+;nd;nd;nd;nd;nd;nd;nd;nd;nd;nd;nd;nd;nd;nd;nd
91;VMFIN;ADV;können;2;NZZ_1998_03_17_a25_seg6_s2;7;Mod|3|Sg|Pres|Ind;Doch kann man den polnischen Behörden kaum verdenken, dass sie den bisher gängigen Handel mit gefälschten Besuchsbewilligungen an der Ostgrenze nicht mehr tolerieren wollen .;prozess;Gradadverbial;done;;-;frei;+;nd;+;nd;nd;nd;+;nd;nd;nd;nd;nd;nd;nd;nd;nd;nd;nd;nd;nd;nd;nd
92;VVINF;ADV;erwarten;13;NZZ_1996_03_05_a18_seg1_s12;11;Full|-2;Initiativen in dieser Richtung sind auch von der Regierung Yilmaz kaum zu erwarten .;prozess;Gradadverbial;done;;-;frei;+;nd;+;nd;nd;nd;+;nd;nd;nd;nd;nd;nd;nd;nd;nd;nd;nd;nd;nd;nd;nd
93;VVINF;ADV;vorwerfen;9;NZZ_1997_03_01_a126_seg5_s17;8;Full|-2;Man kann der « Neuen Folge » kaum vorwerfen, sie habe Themen verschlafen .;prozess;Gradadverbial;done;;-;frei;+;nd;+;nd;nd;nd;+;nd;nd;nd;nd;nd;nd;nd;nd;nd;nd;nd;nd;nd;nd;nd
94;VVPP;ADV;schießen;8;NZZ_1995_07_26_a29_seg10_s1;6;Full|Psp;Obwohl heute an der Grenze kaum noch geschossen wird, scheint sich das Verhältnis zwischen Russen und Chinesen nicht grundsätzlich gebessert zu haben .;prozess;Gradadverbial;done;;+;frei;+;nd;+;nd;nd;nd;+;nd;nd;nd;nd;nd;nd;nd;nd;nd;nd;nd;nd;nd;nd;nd
95;VVFIN;ADV;lassen;7;NZZ_1998_09_11_a77_seg3_s2;9;Full|3|Sg|Pres|Ind;Mit dem Werben für den Euro lässt sich kaum Begeisterung wecken, zumal die etablierten Parteien alle einer Meinung sind .;prozess;Gradadverbial;done;;+;frei;+;nd;+;nd;nd;nd;+;nd;nd;nd;nd;nd;nd;nd;nd;nd;nd;nd;nd;nd;nd;nd
96;VVINF;ADV;abflachen;25;NZZ_1996_05_30_a66_seg3_s3;24;Full|-2;Und auch das durch den natürlichen Bevölkerungszuwachs und durch die Abwanderung aus den ländlichen Gebieten bedingte Anschwellen der Metropolen wird im nächsten Jahrhundert kaum abflachen .;prozess;Gradadverbial;done;;+;frei;+;nd;+;nd;nd;nd;+;nd;nd;nd;nd;nd;nd;nd;nd;nd;nd;nd;nd;nd;nd;nd
97;VVFIN;ADV;interessieren;15;NZZ_1997_11_13_a192_seg10_s2;17;Full|3|Sg|Pres|Ind;Wenn die gesicherten Unfallzahlen dann im Frühling des darauffolgenden Jahres offiziell publiziert werden, interessiert sich kaum mehr jemand für ihre Interpretation .;prozess;Gradadverbial;done;;+;frei;+;nd;+;nd;nd;nd;+;nd;nd;nd;nd;nd;nd;nd;nd;nd;nd;nd;nd;nd;nd;nd
98;VVPP;ADV;lachen;26;NZZ_1995_09_18_a53_seg8_s16;17;Full|Psp;Und auch wenn sich die Szene wie hier abgespielt hätte, in Manhattan hätte er wohl kaum mit den Polizisten herzlich über den unbeabsichtigten Scherz gelacht, sondern hätte sein Mobiltelefon gezückt, um sofort seinen Anwalt zu kontaktieren .;prozess;Gradadverbial;done;;-;frei;+;nd;+;nd;nd;nd;+;nd;nd;nd;nd;nd;nd;nd;nd;nd;nd;nd;nd;nd;nd;nd
99;VVINF;ADV;realisieren;25;NZZ_1996_02_27_a67_seg10_s4;23;Full|-2;Die Fachleute wissen allerdings, dass Kürzungen von Löhnen oder Sozialleistungen in einem Wohlfahrtsstaat nordischen Zuschnitts quasi ein Tabu darstellen und damit kaum zu realisieren sind .;prozess;Gradadverbial;done;;+;frei;+;nd;+;nd;nd;nd;+;nd;nd;nd;nd;nd;nd;nd;nd;nd;nd;nd;nd;nd;nd;nd
100;VVINF;ADV;absprechen;26;NZZ_1997_07_05_a226_seg12_s14;25;Full|-2;Eine depressive Grundhaltung wird man ihm, der zeitlebens an ( zumindest teilweise ) psychosomatisch bedingten Furunkeln, Zysten und Rippenfellentzündungen gelitten hat, kaum absprechen können .;prozess;Gradadverbial;done;;-;frei;+;nd;+;nd;nd;nd;+;nd;nd;nd;nd;nd;nd;nd;nd;nd;nd;nd;nd;nd;nd;nd
101;VVFIN;ADV;nehmen;36;NZZ_1996_10_04_a165_seg8_s13;39;Full|3|Pl|Pres|Ind;Die politischen Themen gewidmeten Fernsehshows, bei denen sich die Teilnehmer ganz bewusst permanent ins Wort fallen und der Moderator mit gezielten Provokationen eine vertiefte Erörterung des Themas verunmöglicht, sind zwar beliebt, doch nehmen an ihnen kaum je Politiker, sondern fast immer nur Journalisten oder « Spezialisten » teil .;nd;nd;not of interest;ModADV;;;nd;nd;nd;nd;nd;nd;nd;nd;nd;nd;nd;nd;nd;nd;nd;nd;nd;nd;nd;nd;nd;nd
102;VVINF;ADV;vermeiden;22;NZZ_1994_09_21_a44_seg8_s12;21;Full|-2;Sollte der Europäische Gerichtshof für Menschenrechte zur gleichen Ansicht wie die Kommission gelangen, wird sich eine umfassende Revision wohl kaum vermeiden lassen .;prozess;Gradadverbial;done;;-;frei;+;nd;+;nd;nd;nd;+;nd;nd;nd;nd;nd;nd;nd;nd;nd;nd;nd;nd;nd;nd;nd
103;VMFIN;ADV;können;9;NZZ_1998_10_21_a137_seg3_s3;11;Mod|3|Sg|Pres|Ind;Strahlender Mittelpunkt dieses Berichts - von einem Roman kann man kaum sprechen - ist die barocke Figur des Filmregisseurs Bergmann, den Isherwood offensichtlich nach dem brillanten Theaterdirektor Berthold Viertel modelliert hat .;prozess;Gradadverbial;done;;+;frei;+;nd;+;nd;nd;nd;+;nd;nd;nd;nd;nd;nd;nd;nd;nd;nd;nd;nd;nd;nd;nd
104;VVPP;ADV;wachsen;15;NZZ_1999_09_10_a69_seg3_s1;14;Full|Psp;Die deutsche Wirtschaft ist gemäss den jüngsten volkswirtschaftlichen Statistiken im ersten Halbjahr 1999 kaum gewachsen .;prozess;Gradadverbial;done;;+;frei;+;nd;+;nd;nd;nd;+;nd;nd;nd;nd;nd;nd;nd;nd;nd;nd;nd;nd;nd;nd;nd
105;VVINF;ADV;bereiten;13;NZZ_1996_02_28_a43_seg8_s16;11;Full|-2;Die Erkennung der Bilder des Osthimmels wird dem geübten Beobachter kaum Schwierigkeiten bereiten .;prozess;Gradadverbial;done;;+;frei;+;nd;+;nd;nd;nd;+;nd;nd;nd;nd;nd;nd;nd;nd;nd;nd;nd;nd;nd;nd;nd
106;VVPP;ADV;kontrollieren;11;NZZ_1996_11_28_a169_seg4_s17;10;Full|Psp;Ein Problem sei, dass der Erfolg der Aktivitäten kaum kontrolliert werden könne .;prozess;Gradadverbial;done;;+;frei;+;nd;+;nd;nd;nd;+;nd;nd;nd;nd;nd;nd;nd;nd;nd;nd;nd;nd;nd;nd;nd
107;VAFIN;ADV;haben;17;NZZ_1997_11_15_a225_seg7_s18;16;Haben|3|Sg|Pres|Ind;"Auf seiner ersten Dienststelle knüpft er zarte Bande zur pockennarbigen Tochter seines Vorgesetzten ; doch kaum hat der Schwiegervater in spe ihm ein Pöstchen verschafft, ist von Heirat keine Rede mehr .";extern;temporal;done;;+;frei;nd;nd;nd;nd;nd;nd;nd;nd;nd;nd;nd;+;nd;+;nd;nd;nd;nd;nd;nd;nd;nd
108;VVINF;ADV;verhindern;12;NZZ_1999_01_14_a219_seg3_s4;11;Full|-2;Das wird nicht allen Pulverschnee-Skifahrern passen, lässt sich indessen kaum verhindern .;prozess;Gradadverbial;done;;+;frei;+;nd;+;nd;nd;nd;+;nd;nd;nd;nd;nd;nd;nd;nd;nd;nd;nd;nd;nd;nd;nd
109;VVINF;ADV;entscheiden;28;NZZ_1997_09_22_a11_seg6_s2;23;Full|-2;In Donegal, Kerry, Wicklow, Tipperary North und Longford beschlossen diese weitgehend aus knorrigen älteren Männern zusammengesetzten Körperschaften, die kaum je über wichtige Dinge entscheiden dürfen, Rosemary Scallan zu nominieren .;nd;nd;not of interest;ModADV;;;nd;nd;nd;nd;nd;nd;nd;nd;nd;nd;nd;nd;nd;nd;nd;nd;nd;nd;nd;nd;nd;nd
110;VVINF;ADV;rechnen;23;NZZ_1996_08_27_a76_seg7_s12;21;Full|-2;Vor dem Hintergrund des breiten Produkteportfolios und der ebenfalls stark unterschiedlichen Produktedifferenzierung ist mit einem nennenswerten Einspruch der Kartellbehörden wohl kaum zu rechnen .;prozess;Gradadverbial;done;;-;frei;+;nd;+;nd;nd;nd;+;nd;nd;nd;nd;nd;nd;nd;nd;nd;nd;nd;nd;nd;nd;nd
111;VVFIN;ADV;stehen;32;NZZ_1996_05_20_a135_seg6_s3;31;Full|3|Sg|Past|Ind;Zwar war noch am Samstag mit Inbrunst über die glitschigen Strassen und die mangelhafte Streckensicherung gelästert worden, doch einer eingehenden Betrachtung halten die Klagen von Fahrern und Sportlichen Leitern kaum stand .;prozess;Gradadverbial;done;;ambig;frei;+;nd;+;nd;nd;nd;+;nd;nd;nd;nd;nd;nd;nd;nd;nd;nd;nd;nd;nd;nd;nd
112;VVIZU;ADV;vorhersehen;19;NZZ_1999_05_18_a224_seg11_s14;18;Full|zu;Wie gross allerdings das Interesse ausfallen wird, hängt von verschiedenen Entwicklungen ab, die heute noch kaum vorherzusehen sind .;prozess;Gradadverbial;done;;+;frei;+;nd;+;nd;nd;nd;+;nd;nd;nd;nd;nd;nd;nd;nd;nd;nd;nd;nd;nd;nd;nd
113;VVINF;ADV;zweifeln;9;NZZ_1998_10_30_a32_seg10_s19;7;Full|-2;Aber an der fachlichen Kompetenz wird kaum zu zweifeln sein, um so mehr, als er sich auf einen erfahrenen Mitarbeiterstab stützen kann .;prozess;Gradadverbial;done;;+;frei;+;nd;+;nd;nd;nd;+;nd;nd;nd;nd;nd;nd;nd;nd;nd;nd;nd;nd;nd;nd;nd
114;VVINF;ADV;lohnen;29;NZZ_1997_09_25_a94_seg10_s6;28;Full|-2;In den meisten übrigen Bereichen könnten sich aber die reinen Grössenvorteile des ehemaligen Monopolisten für neue Wettbewerber als derart grosse Hürde erweisen, dass sich ein Eindringen kaum lohnen dürfte .;prozess;Gradadverbial;done;;+;frei;+;nd;+;nd;nd;nd;+;nd;nd;nd;nd;nd;nd;nd;nd;nd;nd;nd;nd;nd;nd;nd
115;VVPP;ADV;setzen;32;NZZ_1995_03_01_a142_seg3_s31;28;Full|Psp;Dass dem EV Zug nach dem 1 : 8 noch eine Resultatkosmetik erlaubt wurde, ist typisch für den ZSC, der den Gegner, der sich kaum noch zur Wehr gesetzt hatte, wieder fahrlässig gewähren liess .;prozess;Gradadverbial;done;;+;frei;+;nd;+;nd;nd;nd;+;nd;nd;nd;nd;nd;nd;nd;nd;nd;nd;nd;nd;nd;nd;nd
116;VVFIN;ADV;wissen;47;NZZ_1995_10_06_a147_seg4_s3;46;Full|3|Pl|Past|Ind;Das Fehlen solcher Räumlichkeiten hat sich seit der Räumung der offenen Zürcher Drogenszene um so akzentuierter bemerkbar gemacht, als Süchtige in der Szene aufgegriffen, ins Rückführungszentrum gebracht und von dort in ihre Wohngemeinden zurückgebracht wurden, wo die zuständigen Ämter und Behörden zunächst kaum wussten, was mit den Ankömmlingen zu unternehmen wäre .;prozess;Gradadverbial;done;;+;frei;+;nd;+;nd;nd;nd;+;nd;nd;nd;nd;nd;nd;nd;nd;nd;nd;nd;nd;nd;nd;nd
117;VVINF;ADV;auswirken;36;NZZ_1997_12_20_a129_seg10_s10;30;Full|-2;Da die Beteiligung der SMH am Smart-Hersteller MCC mit 19% gering erscheint, sind einzelne Stimmen allerdings der Ansicht, dass sich die Verzögerungen bei der Produktionsaufnahme des Smart kaum auf die Gewinnaussichten von SMH auswirken - eine Meinung, die nicht ganz einfach nachzuvollziehen ist .;prozess;Gradadverbial;done;;+;frei;+;nd;+;nd;nd;nd;+;nd;nd;nd;nd;nd;nd;nd;nd;nd;nd;nd;nd;nd;nd;nd
118;VVPP;ADV;übrigbleiben;25;NZZ_1994_05_28_a127_seg9_s15;15;Full|Psp;Andererseits ist durch die forcierte Abgrenzung von Deutschland nichts vom Deutschnationalismus, aber auch kaum etwas von den konstitutiven Elementen des deutschen romantischen Nationsbegriffs übriggeblieben .;prozess;Gradadverbial;done;;+;frei;+;nd;+;nd;nd;nd;+;nd;nd;nd;nd;nd;nd;nd;nd;nd;nd;nd;nd;nd;nd;nd
119;VVPP;ADV;kommen;9;NZZ_1996_09_03_a15_seg7_s5;6;Full|Psp;Seit seiner Nominierung ist Perot kaum vom Fleck gekommen und erhält noch immer nur etwa 7 Prozent Zustimmung .;prozess;Gradadverbial;done;;+;frei;+;nd;+;nd;nd;nd;+;nd;nd;nd;nd;nd;nd;nd;nd;nd;nd;nd;nd;nd;nd;nd
120;VVPP;ADV;belohnen;22;NZZ_1999_08_05_a36_seg8_s7;21;Full|Psp;Im heutigen System würden aber solche Beratungstätigkeiten, die dem Patienten helfen, seinen Bedarf zu beurteilen, nicht oder kaum belohnt .;prozess;Gradadverbial;done;;+;frei;+;nd;+;nd;nd;nd;+;nd;nd;nd;nd;nd;nd;nd;nd;nd;nd;nd;nd;nd;nd;nd
121;VVFIN;ADV;instruieren;20;NZZ_1999_09_29_a211_seg8_s16;16;Full|-2;Als Auskunftsperson recht beliebt war bei den chinesischen Handy-Novizen der Geräteverkäufer, während Deutsche sich kaum je im Geschäft instruieren liessen .;nd;nd;not of interest;ModADV;;;nd;nd;nd;nd;nd;nd;nd;nd;nd;nd;nd;nd;nd;nd;nd;nd;nd;nd;nd;nd;nd;nd
122;VVINF;ADV;eintreten;21;NZZ_1996_12_05_a72_seg8_s11;14;Full|-2;Die Heftigkeit der Auseinandersetzungen darf aber nicht darüber hinwegtäuschen, dass die Minister kaum auf die detaillierte Substanz dieser Themen eintreten werden .;prozess;Gradadverbial;done;;+;frei;+;nd;+;nd;nd;nd;+;nd;nd;nd;nd;nd;nd;nd;nd;nd;nd;nd;nd;nd;nd;nd
123;VVINF;ADV;auswirken;24;NZZ_1995_01_12_a89_seg2_s12;23;Full|-2;Da die SNB in neuerer Zeit sowieso sämtlichen Bewilligungsgesuchen stattgab, dürften sich die Gesetzesänderungen auf die Aktivität der Banken im Emissionsgeschäft kaum auswirken .;prozess;Gradadverbial;done;;+;frei;+;nd;+;nd;nd;nd;+;nd;nd;nd;nd;nd;nd;nd;nd;nd;nd;nd;nd;nd;nd;nd
124;VVINF;ADV;belasten;15;NZZ_1998_07_31_a131_seg2_s4;14;Full|-2;Die neuesten Berichte über die angespannte Wirtschaftslage in Japan hätten den Handel deshalb kaum belasten können .;prozess;Gradadverbial;done;;-;frei;+;nd;+;nd;nd;nd;+;nd;nd;nd;nd;nd;nd;nd;nd;nd;nd;nd;nd;nd;nd;nd
125;VVPP;ADV;dasein;18;NZZ_1997_11_10_a118_seg4_s11;17;Full|Psp;Die Qualifikationswettkämpfe am Freitag abend waren geprägt von Fehlern in einem Masse, wie sie noch kaum dagewesen waren .;prozess;Gradadverbial;done;;+;frei;+;nd;+;nd;nd;nd;+;nd;nd;nd;nd;nd;nd;nd;nd;nd;nd;nd;nd;nd;nd;nd
126;VVPP;ADV;unternehmen;73;NZZ_1993_02_19_a36_seg8_s4;71;Full|Psp;Der Entzug des Reisepasses für den langjährigen ehemaligen stellvertretenden Generaldirektor der Nationalbank, Janos Fekete, in Zusammenhang mit Devisenüberweisungen an die Kommunistische Partei in Moskau in den Jahren vor 1989 wirkt überzogen, wie manche neutrale Beobachter meinen : Während man an einem prominenten Bankfachmann und Nutzniesser des untergegangenen Regimes versuche, ein Exempel zu statuieren, werde gegen die weitverbreitete Wirtschaftskriminalität und die undurchsichtigen Machenschaften vorgeblich kapitalistischer Glücksritter kaum etwas unternommen .;prozess;Gradadverbial;done;;+;frei;+;nd;+;nd;nd;nd;+;nd;nd;nd;nd;nd;nd;nd;nd;nd;nd;nd;nd;nd;nd;nd
127;VVPP;ADV;berühren;16;NZZ_1994_06_09_a20_seg3_s9;15;Full|Psp;Im Wahlkampf im reichsten EU-Land, dessen prosperierende Banken- und Medienwirtschaft von der Rezession kaum berührt wurde, spielten Erleichterungen der direkten Steuern, die Einführung einer Ökosteuer und einer Pflegeversicherung sowie die Altersrenten eine Rolle .;prozess;Gradadverbial;done;;+;frei;+;nd;+;nd;nd;nd;+;nd;nd;nd;nd;nd;nd;nd;nd;nd;nd;nd;nd;nd;nd;nd
128;VVPP;ADV;reagieren;10;NZZ_1997_02_21_a121_seg2_s12;9;Full|Psp;Auf die veröffentlichten Wirtschaftsdaten hätten die Kurse dagegen kaum reagiert .;prozess;Gradadverbial;done;;+;frei;+;nd;+;nd;nd;nd;+;nd;nd;nd;nd;nd;nd;nd;nd;nd;nd;nd;nd;nd;nd;nd
129;VVPP;ADV;besiedeln;12;NZZ_1997_03_21_a50_seg3_s5;11;Full|Psp;Menschen kamen nicht zu Schaden, da die betroffene Region kaum besiedelt ist .;nd;nd;not of interest;ModPräd;;;nd;nd;nd;nd;nd;nd;nd;nd;nd;nd;nd;nd;nd;nd;nd;nd;nd;nd;nd;nd;nd;nd
130;VVINF;ADV;bewerkstelligen;24;NZZ_1994_12_14_a93_seg8_s7;22;Full|-2;Mit einer Auflage des Jahreskataloges von rund einer Million Exemplaren sei ein Volumen erreicht, bei dem ein spezieller Weihnachtsversand logistisch kaum zu bewerkstelligen wäre, sagte Marketinggeschäftsleiter Jean-Claude Heimo .;prozess;Gradadverbial;done;;+;frei;+;nd;+;nd;nd;nd;+;nd;nd;nd;nd;nd;nd;nd;nd;nd;nd;nd;nd;nd;nd;nd
131;VVINF;ADV;rechnen;9;NZZ_1993_08_25_a132_seg10_s10;3;Full|-2;Immerhin ist kaum mit einer westlichen Mehrheit zu rechnen, da in den bisherigen Diskussionen als höchster Anteil für fremde Anleger 34% genannt worden sind .;prozess;Gradadverbial;done;;+;frei;+;nd;+;nd;nd;nd;+;nd;nd;nd;nd;nd;nd;nd;nd;nd;nd;nd;nd;nd;nd;nd
132;VVPP;ADV;lösen;3;NZZ_1994_05_16_a7_seg4_s1;2;Full|Psp;Flüchtlingsfrage kaum gelöst;nd;nd;not of interest;title;;;nd;nd;nd;nd;nd;nd;nd;nd;nd;nd;nd;nd;nd;nd;nd;nd;nd;nd;nd;nd;nd;nd
133;VVINF;ADV;beteiligen;13;NZZ_1999_03_23_a152_seg8_s13;4;Full|-2;Es würde sich kaum an einem Studienwettbewerb für ein Türmchen in Zürich beteiligen, aber vielleicht einen Turm für Zürich bauen .;prozess;Gradadverbial;done;;+;frei;+;nd;+;nd;nd;nd;+;nd;nd;nd;nd;nd;nd;nd;nd;nd;nd;nd;nd;nd;nd;nd
134;VVFIN;ADV;trauen;7;NZZ_1995_03_13_a180_seg3_s2;8;Full|3|Pl|Past|Subj;Solothurn, 12. März Die Zuschauer trauten kaum den Augen .;prozess;Gradadverbial;done;;+;frei;+;nd;+;nd;nd;nd;+;nd;nd;nd;nd;nd;nd;nd;nd;nd;nd;nd;nd;nd;nd;nd
135;VMFIN;ADV;können;23;NZZ_1996_09_04_a92_seg3_s19;13;Mod|3|Sg|Pres|Ind;Der Spielraum der Regierung ist im übrigen insofern beschränkt, als sie kaum eine andere als eine « österreichische » Lösung annehmen kann .;prozess;Gradadverbial;done;;+;frei;+;nd;+;nd;nd;nd;+;nd;nd;nd;nd;nd;nd;nd;nd;nd;nd;nd;nd;nd;nd;nd
136;VVINF;ADV;trennen;20;NZZ_1993_04_19_a126_seg3_s12;16;Full|-2;Grassi rechtfertigte den Kredit, konnte eine gewisse Behäbigkeit zwar nicht verleugnen, war aber kaum vom Ball zu trennen und leistete zu beiden Toren gewissermassen das « Assist » .;prozess;Gradadverbial;done;;+;frei;+;nd;+;nd;nd;nd;+;nd;nd;nd;nd;nd;nd;nd;nd;nd;nd;nd;nd;nd;nd;nd
137;VVFIN;ADV;stehen;13;NZZ_1999_08_20_a201_seg5_s8;15;Full|3|Pl|Pres|Ind;Auch die wichtigsten Kontrahenten aus der Schweiz, ISL und Team, stehen ihnen kaum nach .;prozess;Gradadverbial;done;;+;frei;+;nd;+;nd;nd;nd;+;nd;nd;nd;nd;nd;nd;nd;nd;nd;nd;nd;nd;nd;nd;nd
138;VMFIN;ADV;können;3;NZZ_1998_10_20_a236_seg5_s4;5;Mod|3|Sg|Pres|Ind;Die Qualität kann es kaum sein .;prozess;Gradadverbial;done;;+;frei;+;nd;+;nd;nd;nd;+;nd;nd;nd;nd;nd;nd;nd;nd;nd;nd;nd;nd;nd;nd;nd
139;VVFIN;ADV;entwickeln;3;NZZ_1997_05_27_a55_seg3_s9;5;Full|3|Sg|Past|Ind;Die Stadt entwickelte sich kaum mehr weiter, was auf der positiven Seite zur Folge hatte, dass der historische Stadtkern weitgehend erhalten blieb und heute zu den bedeutenderen Kulturdenkmälern Brasiliens zählt .;prozess;Gradadverbial;done;;+;frei;+;nd;+;nd;nd;nd;+;nd;nd;nd;nd;nd;nd;nd;nd;nd;nd;nd;nd;nd;nd;nd
140;VVFIN;ADV;finden;20;NZZ_1999_03_22_a142_seg3_s16;22;Full|3|Sg|Pres|Ind;Was in Frankreich, im Land des Weltmeisters, eine Selbstverständlichkeit ist, nämlich das Forcieren der Jugend, findet hier kaum Nachahmung .;prozess;Gradadverbial;done;;+;frei;+;nd;+;nd;nd;nd;+;nd;nd;nd;nd;nd;nd;nd;nd;nd;nd;nd;nd;nd;nd;nd
141;VVPP;ADV;verdrängen;19;NZZ_1996_08_16_a185_seg3_s12;18;Full|Psp;Die dramaturgische Öffnung indes hat die früh schon begründete Priorität des gesprochenen Worts und der menschlichen Stimme kaum verdrängt, zumal das Hörspiel die dialektale Vielfalt und das Spannungsverhältnis zur Hochsprache in besonderer Weise zu spiegeln vermag .;prozess;Gradadverbial;done;;+;frei;+;nd;+;nd;nd;nd;+;nd;nd;nd;nd;nd;nd;nd;nd;nd;nd;nd;nd;nd;nd;nd
142;VVPP;ADV;finden;7;NZZ_1998_11_25_a86_seg8_s10;3;Full|Psp;Heute wird kaum noch neues Erdöl gefunden .;prozess;Gradadverbial;done;;+;frei;+;nd;+;nd;nd;nd;+;nd;nd;nd;nd;nd;nd;nd;nd;nd;nd;nd;nd;nd;nd;nd
143;VVINF;ADV;glauben;13;NZZ_1996_10_01_a78_seg6_s1;12;Full|3|Pl|Pres|Ind;ib. Man kann es schon fast nicht mehr hören und dennoch kaum glauben : Die Schweizer Wirtschaft befindet sich in ihrer längsten Stagnationsphase seit dem Krieg, und allem Anschein nach wird sie frühestens im kommenden Jahr aus dieser misslichen Situation herausfinden .;prozess;Gradadverbial;done;;+;frei;+;nd;+;nd;nd;nd;+;nd;nd;nd;nd;nd;nd;nd;nd;nd;nd;nd;nd;nd;nd;nd
144;VVINF;ADV;anhaben;43;NZZ_1995_12_19_a74_seg4_s5;40;Full|-2;"Mittlerweile hat der einst pionierhafte Reformprozess in eine Phase der Konsolidierung gemündet ; heute bewegt sich das Baltikum unwiderruflich auf dem Boden der Marktwirtschaft, und auch die immer wiederkehrenden ökonomischen und politischen Beben werden dem Fundament des Systems kaum mehr etwas anhaben können .";prozess;Gradadverbial;done;;+;frei;+;nd;+;nd;nd;nd;+;nd;nd;nd;nd;nd;nd;nd;nd;nd;nd;nd;nd;nd;nd;nd
145;VVINF;ADV;hoffen;21;NZZ_1999_05_06_a145_seg3_s25;16;Full|-2;Nur nebenbei wird von den Hunderttausenden abchasischen Flüchtlingen berichtet, die in den georgischen Hotels kaum auf eine bessere Zukunft hoffen dürfen .;prozess;Gradadverbial;done;;+;frei;+;nd;+;nd;nd;nd;+;nd;nd;nd;nd;nd;nd;nd;nd;nd;nd;nd;nd;nd;nd;nd
146;VVFIN;ADV;geben;2;NZZ_1998_05_20_a239_seg2_s1;3;Full|3|Sg|Pres|Ind;Es gibt kaum einen Teenager, der nicht irgendwann einmal mit Tabak experimentiert .;prozess;Gradadverbial;done;;+;frei;+;nd;+;nd;nd;nd;+;nd;nd;nd;nd;nd;nd;nd;nd;nd;nd;nd;nd;nd;nd;nd
147;VVPP;ADV;bringen;32;NZZ_1994_11_26_a113_seg3_s17;29;Full|Psp;Das ziemlich gleichmässige Hämmern der oft wiederholten Akkorde in relativ einfachen Taktarten, die im Verlauf des Werks ab und zu mit Notes ajoutées etwas gelockert, aber kaum ins Wanken gebracht werden, und die mögliche Absicht, in fast brutaler Weise eine Trance zu erzeugen, haben mit der ungemein zarten Märchenhandlung und dem hochempfindsamen, fein psychologisierenden Nuancenreichtum des Cocteau-Filmes überhaupt nichts zu tun, so dass man sich über so viel Unsensibilität nur wundern kann .;prozess;Gradadverbial;done;;+;frei;+;nd;+;nd;nd;nd;+;nd;nd;nd;nd;nd;nd;nd;nd;nd;nd;nd;nd;nd;nd;nd
148;VVINF;ADV;herausstellen;9;NZZ_1999_09_25_a233_seg9_s45;8;Full|-2;Deutlicher kann man den Primat des Ästhetischen kaum herausstellen .;prozess;Gradadverbial;done;;ambig;frei;+;nd;+;nd;nd;nd;+;nd;nd;nd;nd;nd;nd;nd;nd;nd;nd;nd;nd;nd;nd;nd
149;VVFIN;ADV;erspielen;3;NZZ_1999_11_02_a188_seg2_s5;10;Full|3|Sg|Past|Ind;Meister Milan erspielte sich auswärts gegen den Liga-Neuling Verona kaum eine eindeutige Torchance .;prozess;Gradadverbial;done;;+;frei;+;nd;+;nd;nd;nd;+;nd;nd;nd;nd;nd;nd;nd;nd;nd;nd;nd;nd;nd;nd;nd
150;VVFIN;ADV;geben;3;NZZ_1995_07_01_a195_seg9_s6;6;Full|3|Pl|Past|Ind;Einzeln betrachtet gaben diese Versehen kaum Anlass zur Besorgnis .;prozess;Gradadverbial;done;;+;frei;+;nd;+;nd;nd;nd;+;nd;nd;nd;nd;nd;nd;nd;nd;nd;nd;nd;nd;nd;nd;nd
151;VVFIN;ADV;geben;20;NZZ_1999_08_31_a2_seg8_s8;19;Full|3|Sg|Pres|Subj;Ihre politischen Gegner werfen der ÖVP vor, sie hege das Bild einer kinderreichen Familie, die es kaum gebe, wo der Mann draussen in der Welt arbeitet und die Frau zu Hause werkt und aufzieht .;prozess;Gradadverbial;done;;-;frei;+;nd;+;nd;nd;nd;+;nd;nd;nd;nd;nd;nd;nd;nd;nd;nd;nd;nd;nd;nd;nd
152;VVFIN;ADV;enden;17;NZZ_1995_09_25_a105_seg9_s1;16;Full|3|Pl|Pres|Ind;Der Illustration, was für eine Schweiz da « vertreten » wurde, diente die kaum enden wollende Parade der am Zug Teilnehmenden, die sich ab 11 Uhr vom Bürkliplatz über die obere Bahnhofstrasse zum Paradeplatz und dort rechts abschwenkend nach dem Münsterhof bewegte : Nach der Umzugsspitze mit einer Reitergruppe des Kavallerievereins des Bezirks Affoltern und der legendären Reitermusik aus Elgg signalisierten Bewegung im Zug, aufbrandender Applaus, ein Schwarm von Pressevertretern, Mikrophone und Kameras Betätigenden sowie mit Knopf im Ohr streng dreinblickenden Begleitern das Nahen der Hauptperson : Christoph Blocher hatte also den Marsch zum Rednerpult auf dem Münsterhof doch selber unter die Füsse genommen, an Mut angesichts veröffentlichter Drohungen schien es ihm nicht zu fehlen .;nd;nd;not of interest;ModADJ;;;nd;nd;nd;nd;nd;nd;nd;nd;nd;nd;nd;nd;nd;nd;nd;nd;nd;nd;nd;nd;nd;nd
153;VVINF;ADV;ausdenken;13;NZZ_1996_06_25_a167_seg5_s1;12;Full|-2;"Ein dramaturgisch besseres Szenario hätte sich für die Olympiaqualifikationen der US-Leichtathleten kaum ausdenken lassen : in dem Stadion, in welchem in wenigen Wochen dem Sternenbanner möglichst oft Ehre widerfahren soll, ein Weltrekord ; und dieser erst erreicht von dem Athleten, von welchem ganz Amerika in Atlanta mindestens dreimal Gold erwartet .";prozess;Gradadverbial;done;;+;frei;+;nd;+;nd;nd;nd;+;nd;nd;nd;nd;nd;nd;nd;nd;nd;nd;nd;nd;nd;nd;nd
154;VAFIN;ADV;haben;17;NZZ_1997_10_21_a19_seg2_s32;20;Haben|3|Sg|Pres|Ind;Die Gebrüder Castro mögen es vielleicht noch in das nächste Jahrtausend führen, eine prosperierende Zukunft hat es aber kaum mehr .;prozess;Gradadverbial;done;;+;frei;+;nd;+;nd;nd;nd;+;nd;nd;nd;nd;nd;nd;nd;nd;nd;nd;nd;nd;nd;nd;nd
155;VVINF;ADV;ausreichen;29;NZZ_1997_04_17_a85_seg9_s10;28;Full|-2;Bereits jetzt steht aber fest, dass die gegenwärtige Kapitalausrüstung zur Finanzierung der künftigen Defizite und der unvermeidlichen Zusatzinvestitionen in der drahtlosen Telefonie und in andern Unternehmensteilen kaum ausreichen wird .;prozess;Gradadverbial;done;;+;frei;+;nd;+;nd;nd;nd;+;nd;nd;nd;nd;nd;nd;nd;nd;nd;nd;nd;nd;nd;nd;nd
156;VVINF;ADV;umkehren;64;NZZ_1996_11_09_a119_seg10_s2;63;Full|-2;Doch so wichtig Proteste sind, ja selbst wenn sie den Rücktritt des Kulturministers - seines Zeichens übrigens Prosaschriftsteller und im früheren Beruf Arzt, den das kommunistische Regime mit der Leitung eines Sanatoriums für Parteibonzen betraut hatte - bewirken könnten, sie werden den nicht nur im Kulturbereich herrschenden offiziellen Trend zu Reglementierung, Kontrolle und unheilvoller Spaltung der slowakischen Gesellschaft kaum umkehren können .;prozess;Gradadverbial;done;;-;frei;+;nd;+;nd;nd;nd;+;nd;nd;nd;nd;nd;nd;nd;nd;nd;nd;nd;nd;nd;nd;nd
157;VVPP;ADV;begründen;22;NZZ_1996_06_03_a27_seg3_s2;21;Full|Psp;Obwohl das Geschäft mit der Destination Agno nach Angaben der Crossair gesamthaft unrentabel ist, scheinen allzu pessimistische Prognosen zurzeit kaum begründet zu sein .;nd;nd;not of interest;ModPräd;;;nd;nd;nd;nd;nd;nd;nd;nd;nd;nd;nd;nd;nd;nd;nd;nd;nd;nd;nd;nd;nd;nd
158;VVFIN;ADV;liegen;26;NZZ_1999_10_05_a165_seg5_s2;17;Full|3|Sg|Pres|Ind;Wer diesen Hort des Bürgersinns und der urbanen Kultur kennt, wird gern zugeben, dass kaum ein Zürcher Bücherhaus so zentral und so malerisch liegt .;nd;nd;not of interest;ModNP;;;nd;nd;nd;nd;nd;nd;nd;nd;nd;nd;nd;nd;nd;nd;nd;nd;nd;nd;nd;nd;nd;nd
159;VVPP;ADV;beanstanden;22;NZZ_1997_08_12_a62_seg11_s3;21;Full|Psp;Die enge und vertiefte Zusammenarbeit von Bank und Versicherung unter einem Dach dürfte nach den Worten Mühlemanns von den Kartellbehörden kaum beanstandet werden, weil sich diese vor allem mit Zusammenschlüssen innerhalb der gleichen Branche befassen .;prozess;Gradadverbial;done;;-;frei;+;nd;+;nd;nd;nd;+;nd;nd;nd;nd;nd;nd;nd;nd;nd;nd;nd;nd;nd;nd;nd
160;VVINF;ADV;lohnen;24;NZZ_1998_11_11_a33_seg3_s12;23;Full|-2;Für Arbeitnehmende mit Wohnsitz in der Schweiz, welche mit ihrem Lohn hauptsächlich nur ihre Lebenshaltungskosten decken können, wird sich dies kaum lohnen .;prozess;Gradadverbial;done;;+;frei;+;nd;+;nd;nd;nd;+;nd;nd;nd;nd;nd;nd;nd;nd;nd;nd;nd;nd;nd;nd;nd
161;VVFIN;ADV;gehen;16;NZZ_1998_12_02_a198_seg3_s5;12;Full|3|Sg|Past|Ind;Erst gegen Schluss forcierte Coach Huras die Besten, wobei Petrow kaum mehr vom Eis ging .;prozess;Gradadverbial;done;;+;frei;+;nd;+;nd;nd;nd;+;nd;nd;nd;nd;nd;nd;nd;nd;nd;nd;nd;nd;nd;nd;nd
162;VVINF;ADV;bezeichnen;13;NZZ_1997_06_09_a9_seg3_s12;10;Full|-2;Labour : Bis vor 20 Jahren konnte man Labour kaum als Linkspartei bezeichnen .;prozess;Gradadverbial;done;;-;frei;+;nd;+;nd;nd;nd;+;nd;nd;nd;nd;nd;nd;nd;nd;nd;nd;nd;nd;nd;nd;nd
163;VVFIN;ADV;erhöhen;9;NZZ_1996_09_09_a163_seg303_s3;16;Full|3|Sg|Past|Ind;In den vier Jahren zwischen den beiden Marktuntersuchungen erhöhte sich dieses Volumen trotz Teuerung wertmässig kaum .;prozess;Gradadverbial;done;;+;frei;+;nd;+;nd;nd;nd;+;nd;nd;nd;nd;nd;nd;nd;nd;nd;nd;nd;nd;nd;nd;nd
164;VVIMP;ADV;spüren;7;NZZ_1998_10_22_a165_seg11_s6;9;Full|3|Sg|Pres|Ind;Als er zu sich kommt, spürt er kaum Schmerzen .;prozess;Gradadverbial;done;;+;frei;+;nd;+;nd;nd;nd;+;nd;nd;nd;nd;nd;nd;nd;nd;nd;nd;nd;nd;nd;nd;nd
165;VVPP;ADV;kümmern;13;NZZ_1995_06_24_a34_seg1_s15;11;Full|Psp;Um diese Armeereform hat sich die SPS in konstruktiver Art kaum je gekümmert .;prozess;Gradadverbial;done;;+;frei;+;nd;+;nd;nd;nd;+;nd;nd;nd;nd;nd;nd;nd;nd;nd;nd;nd;nd;nd;nd;nd
166;VVPP;ADV;nehmen;33;NZZ_1998_12_03_a152_seg5_s3;31;Full|Psp;Es wäre schön, wenn man dies als gutes Omen für Leute betrachten dürfte, deren Spitzenleistungen in exotischen oder mediterranen Küchen in den ersten fünf Michelin-Guides für die Schweiz kaum ernst genommen worden sind .;prozess;Gradadverbial;done;;+;frei;+;nd;+;nd;nd;nd;+;nd;nd;nd;nd;nd;nd;nd;nd;nd;nd;nd;nd;nd;nd;nd
167;VVPP;ADV;tangieren;18;NZZ_1998_05_09_a90_seg18_s5;17;Full|Psp;Dort stehen reduzierten privaten Ersparnissen entsprechende Beträge der Pensionskassen gegenüber, so dass die volkswirtschaftliche Ersparnisbildung kaum tangiert wird .;prozess;Gradadverbial;done;;+;frei;+;nd;+;nd;nd;nd;+;nd;nd;nd;nd;nd;nd;nd;nd;nd;nd;nd;nd;nd;nd;nd
168;VVFIN;ADV;gelingen;16;NZZ_1994_07_09_a118_seg9_s11;22;Full|3|Pl|Past|Ind;Selbst « gewaltsame Abweichungen » vom allgemeinen Vernünftigkeitsniveau mit ihrer programmatisch « altmeisterlichen Neutönerei » gelangen über gedanklichen « Prunk » kaum hinaus .;prozess;Gradadverbial;done;;+;frei;+;nd;+;nd;nd;nd;+;nd;nd;nd;nd;nd;nd;nd;nd;nd;nd;nd;nd;nd;nd;nd
169;VVINF;ADV;heben;20;NZZ_1998_03_03_a34_seg1_s18;19;Full|-2;Durch finanzielle Anreize wird man also - entgegen den Hoffnungen des Bass - die Geburtenrate in der Schweiz kaum heben können .;prozess;Gradadverbial;done;;+;frei;+;nd;+;nd;nd;nd;+;nd;nd;nd;nd;nd;nd;nd;nd;nd;nd;nd;nd;nd;nd;nd
170;VAFIN;ADV;haben;12;NZZ_1993_04_28_a135_seg8_s19;10;Haben|3|Pl|Pres|Ind;Grossversuche zeigten auch, dass punktuelle Massnahmen zur Lärmbekämpfung kaum Erfolg haben : Eliminiert man z. B .;prozess;Gradadverbial;done;;+;frei;+;nd;+;nd;nd;nd;+;nd;nd;nd;nd;nd;nd;nd;nd;nd;nd;nd;nd;nd;nd;nd
171;VVFIN;ADV;hinauskommen;36;NZZ_1995_09_23_a90_seg3_s33;35;Full|3|Sg|Pres|Ind;Die in ihrem Segment mit grossem Abstand marktführende Allgemeine Plakatgesellschaft ( APG ) mutet ihren Aktionären ein inhaltsarmes Rundschreiben über den Geschäftsgang im 1. Semester zu, das über blosse Kontaktpflege mit den Aktionären kaum hinauskommt und als Zwischenbericht einer börsenkotierten Gesellschaft alles andere als wohl ansteht .;prozess;Gradadverbial;done;;+;frei;+;nd;+;nd;nd;nd;+;nd;nd;nd;nd;nd;nd;nd;nd;nd;nd;nd;nd;nd;nd;nd
172;VVFIN;ADV;unterscheiden;5;NZZ_1996_11_16_a27_seg10_s20;8;Full|3|Sg|Pres|Ind;Zumindest in dieser Hinsicht unterscheidet sich Tirol kaum vom Rest Österreichs .;prozess;Gradadverbial;done;;+;frei;+;nd;+;nd;nd;nd;+;nd;nd;nd;nd;nd;nd;nd;nd;nd;nd;nd;nd;nd;nd;nd
173;VVINF;ADV;aussprechen;15;NZZ_1993_12_15_a42_seg24_s7;14;Full|-2;Es kann nicht gutgehen, wenn wir Leute einbürgern, deren Namen wir kaum aussprechen können .;prozess;Gradadverbial;done;;+;frei;+;nd;+;nd;nd;nd;+;nd;nd;nd;nd;nd;nd;nd;nd;nd;nd;nd;nd;nd;nd;nd
174;VVFIN;ADV;geben;2;NZZ_1995_07_21_a3_seg10_s4;3;Full|3|Sg|Pres|Ind;Es gibt kaum Zweifel, dass Doles Vorstoss für die einseitige Durchbrechung des Uno- Waffenembargos zum jetzigen Zeitpunkt im Senat von einer breiten Mehrheit angenommen würde .;prozess;Gradadverbial;done;;+;frei;+;nd;+;nd;nd;nd;+;nd;nd;nd;nd;nd;nd;nd;nd;nd;nd;nd;nd;nd;nd;nd
175;VVIZU;ADV;abschätzen;9;NZZ_1995_02_11_a147_seg3_s40;8;Full|zu;Die langfristigen Effekte einer solchen Steuerpolitik sind kaum abzuschätzen .;prozess;Gradadverbial;done;;+;frei;+;nd;+;nd;nd;nd;+;nd;nd;nd;nd;nd;nd;nd;nd;nd;nd;nd;nd;nd;nd;nd
176;VVFIN;ADV;präsentieren;3;NZZ_1999_05_14_a110_seg4_s12;7;Full|3|Sg|Past|Ind;In Asien präsentierte sich das Bild kaum erfreulicher : Die Umsätze sanken um 52% auf 6 Mio. Fr .;nd;nd;not of interest;ModPräd;;;nd;nd;nd;nd;nd;nd;nd;nd;nd;nd;nd;nd;nd;nd;nd;nd;nd;nd;nd;nd;nd;nd
177;VVFIN;ADV;auswirken;14;NZZ_1993_04_15_a42_seg4_s11;13;Full|3|Sg|Pres|Ind;Die Fahrresultate zeigen aber, dass sich das Gewicht von 280 kg kaum auswirkt und dass auch der Preis von 23 980 Franken nicht übertrieben ist .;prozess;Gradadverbial;done;;+;frei;+;nd;+;nd;nd;nd;+;nd;nd;nd;nd;nd;nd;nd;nd;nd;nd;nd;nd;nd;nd;nd
178;VVPP;ADV;wissen;11;NZZ_1997_02_14_a202_seg6_s3;10;Full|Psp;Nach 38. - a3 39. Kc1 Sc6 hätte Weiss kaum gewusst, was er ziehen soll .;prozess;Gradadverbial;done;;+;frei;+;nd;+;nd;nd;nd;+;nd;nd;nd;nd;nd;nd;nd;nd;nd;nd;nd;nd;nd;nd;nd
179;VVINF;ADV;trauen;7;NZZ_1999_12_24_a2_seg9_s21;5;Full|-2;Solchen Versicherungen ist allerdings kaum zu trauen, denn Moskau hat in den neunziger Jahren sowohl im Konflikt um das aserbeidschanische Gebiet Nagorni Karabach als auch im Krieg um die georgische Teilrepublik Abchasien die dortigen Sezessionisten unterstützt .;prozess;Gradadverbial;done;;-;frei;+;nd;+;nd;nd;nd;+;nd;nd;nd;nd;nd;nd;nd;nd;nd;nd;nd;nd;nd;nd;nd
180;VVPP;ADV;gedeihen;25;NZZ_1997_06_05_a182_seg3_s16;21;Full|3|Pl|Past|Ind;In Serie verlorene Zweikämpfe, Wirkungsradien von transferwilligen und intern seit je über den grünen Klee gelobten Spielern, die kaum über den Mittelfeldkreis gediehen, sowie in der aufkommenden Furcht vor dem Ausgleich begründete Anfängerfehler zeugten von einer Mischung aus Unsicherheit und Überheblichkeit .;prozess;Gradadverbial;done;;+;frei;+;nd;+;nd;nd;nd;+;nd;nd;nd;nd;nd;nd;nd;nd;nd;nd;nd;nd;nd;nd;nd
181;VVFIN;ADV;bestehen;17;NZZ_1998_12_19_a163_seg3_s27;16;Full|3|Sg|Past|Ind;Handel, Museen und Sammler konkurrierten sich im übervollen Saal, so dass die Möglichkeit kaum bestand, ein Los günstig kaufen zu können .;prozess;Gradadverbial;done;;+;frei;+;nd;+;nd;nd;nd;+;nd;nd;nd;nd;nd;nd;nd;nd;nd;nd;nd;nd;nd;nd;nd
182;VVINF;ADV;auftauchen;12;NZZ_1999_09_22_a57_seg7_s7;10;Full|-2;Doch das « Lächeln einer Sommernacht » wird dort kaum je auftauchen, und so lässt sich vielleicht die Kampfbereitschaft erklären, mit der eine Frau im IIC einen Sitzplatz verteidigte, der für diesen Film bereits reserviert war .;nd;nd;not of interest;ModADV;;;nd;nd;nd;nd;nd;nd;nd;nd;nd;nd;nd;nd;nd;nd;nd;nd;nd;nd;nd;nd;nd;nd
183;VVPP;ADV;wahrnehmen;12;NZZ_1994_09_30_a113_seg4_s3;11;Full|Psp;Überhaupt wurde das kompositorische Geschehen in der DDR in Westdeutschland kaum wahrgenommen, und die « Gegenseite » scheute keine Mühen, das Kunstschaffen der Bundesrepublik am Metallgitterzaun der « Staatsgrenze West » abprallen zu lassen .;prozess;Gradadverbial;done;;+;frei;+;nd;+;nd;nd;nd;+;nd;nd;nd;nd;nd;nd;nd;nd;nd;nd;nd;nd;nd;nd;nd
184;VAFIN;ADV;haben;6;NZZ_1998_11_28_a29_seg8_s13;4;Haben|3|Pl|Pres|Ind;Da diese aber kaum Geld haben, um dafür zu bezahlen, fliesst das Kapital nur spärlich über die Kraftwerke an die Gruben zurück .;prozess;Gradadverbial;done;;+;frei;+;nd;+;nd;nd;nd;+;nd;nd;nd;nd;nd;nd;nd;nd;nd;nd;nd;nd;nd;nd;nd
185;VVINF;ADV;profitieren;14;NZZ_1999_09_24_a124_seg2_s1;9;Full|-2;( Reuters ) Die Frankenobligationen haben am Donnerstag kaum von den positiven Neuigkeiten profitieren können .;prozess;Gradadverbial;done;;+;frei;+;nd;+;nd;nd;nd;+;nd;nd;nd;nd;nd;nd;nd;nd;nd;nd;nd;nd;nd;nd;nd
186;VVFIN;ADV;gelangen;39;NZZ_1995_05_29_a132_seg3_s5;35;Full|3|Sg|Past|Ind;Der Trainer vermochte auch diesmal die schon früher mehrfach ( auch mit Schaffhausen ) bewiesene Fähigkeit zur Motivation auszuspielen, so dass Luzern, sieht man von drei gefährlichen Rushes von Güntensperger ab, kaum je zu Torchancen gelangte .;nd;nd;not of interest;ModADV;;;nd;nd;nd;nd;nd;nd;nd;nd;nd;nd;nd;nd;nd;nd;nd;nd;nd;nd;nd;nd;nd;nd
187;VVPP;ADV;entgegenkommen;19;NZZ_1995_02_18_a30_seg6_s4;18;Full|Psp;Obwohl Frau Kumaratunga mit zahlreichen Gesten ihren Friedenswillen unterstrichen hat, sind ihr die Rebellen um Prabhakaran kaum entgegengekommen, und sie gibt ihrer Frustration in Interviews Ausdruck : « Die Tiger sind rigide .;prozess;Gradadverbial;done;;+;frei;+;nd;+;nd;nd;nd;+;nd;nd;nd;nd;nd;nd;nd;nd;nd;nd;nd;nd;nd;nd;nd
188;VVPP;ADV;erweitern;38;NZZ_1996_11_20_a133_seg2_s6;34;Full|Psp;Hätte zu jener Zeit auch nur jemand zu denken gewagt, verkehrstechnisch gut gelegene Areale wie jene von Steinfels, Sulzer/Escher-Wyss und Maag würden einmal zur Überbauung frei, wäre die ETH wohl kaum auf dem Hönggerberg erweitert worden, und die Banken hätten sich auch nicht unbedingt in die Vororte verzogen .;prozess;Gradadverbial;done;;-;frei;+;nd;+;nd;nd;nd;+;nd;nd;nd;nd;nd;nd;nd;nd;nd;nd;nd;nd;nd;nd;nd
189;VVIZU;ADV;absehen;28;NZZ_1993_08_19_a3_seg8_s4;27;Full|zu;Präsident Jelzin wird in dieser Lage wohl früher oder später um den Versuch nicht herumkommen, die Reformen mit verfassungswidrigen Akten zu sichern, deren Konsequenzen kaum abzusehen, potentiell aber gefährlich sind .;nd;nd;not of interest;ModPräd;;;nd;nd;nd;nd;nd;nd;nd;nd;nd;nd;nd;nd;nd;nd;nd;nd;nd;nd;nd;nd;nd;nd
190;VVIZU;ADV;einhalten;6;NZZ_1993_04_24_a168_seg3_s9;5;Full|zu;Allerdings dürften die Budgetvorgaben kaum einzuhalten sein, da sie auf unrealistischen Prognosen beruhen .;prozess;Gradadverbial;done;;-;frei;+;nd;+;nd;nd;nd;+;nd;nd;nd;nd;nd;nd;nd;nd;nd;nd;nd;nd;nd;nd;nd
191;VVFIN;ADV;bedürfen;23;NZZ_1993_04_24_a171_seg4_s12;24;Full|3|Sg|Pres|Ind;Dass von einer solchen Möglichkeit eine starke Verlockung ausgeht, weil sie denkbar einfach und praktikabel und überdies rasch durchführbar ist, bedarf kaum der Erläuterung .;prozess;Gradadverbial;done;;-;frei;+;nd;+;nd;nd;nd;+;nd;nd;nd;nd;nd;nd;nd;nd;nd;nd;nd;nd;nd;nd;nd
192;VVINF;ADV;zögern;10;NZZ_1993_04_24_a171_seg8_s3;9;Full|-2;Heckenschützen und Maquisarden mit weniger lauteren Intentionen werden kaum zögern, ihr durch die geschlagene Bresche zu folgen .;prozess;Gradadverbial;done;;-;frei;+;nd;+;nd;nd;nd;+;nd;nd;nd;nd;nd;nd;nd;nd;nd;nd;nd;nd;nd;nd;nd
193;VVINF;ADV;rechnen;33;NZZ_1993_04_24_a177_seg2_s17;27;Full|-2;Den Ertragsfortschritten und der neuerdings sowohl den EG-Richtlinien als auch den IAS-Standards genügenden Rechnungslegung zum Trotz störte man sich am Umstand, dass im laufenden Jahr kaum mit einer weiteren Gewinnsteigerung zu rechnen sein wird .;prozess;Gradadverbial;done;;+;frei;+;nd;+;nd;nd;nd;+;nd;nd;nd;nd;nd;nd;nd;nd;nd;nd;nd;nd;nd;nd;nd
194;VVPP;ADV;diskutieren;6;NZZ_1993_04_24_a179_seg2_s6;5;Full|Psp;Ein Abbruch wurde freilich kaum diskutiert, da die den älteren Dübendorfern noch als Armenhaus bekannte Alte Schmitte im kommunalen Schutzinventar figuriert .;prozess;Gradadverbial;done;;+;frei;+;nd;+;nd;nd;nd;+;nd;nd;nd;nd;nd;nd;nd;nd;nd;nd;nd;nd;nd;nd;nd
195;VVPP;ADV;entstehen;33;NZZ_1993_04_24_a191_seg7_s1;32;Full|Psp;Wie eine kleine Umfrage ergeben hat, wurden die Behinderungen, die der Stromausfall mit sich brachte, im grossen ganzen von den Betroffenen gelassen genommen, und empfindliche Schäden sind kaum entstanden .;prozess;Gradadverbial;done;;+;frei;+;nd;+;nd;nd;nd;+;nd;nd;nd;nd;nd;nd;nd;nd;nd;nd;nd;nd;nd;nd;nd
196;VVFIN;ADV;zeigen;20;NZZ_1993_04_26_a18_seg4_s4;21;Full|3|Pl|Past|Ind;"Die Stimmung wurde eindeutig von Jelzins Leuten bestimmt ; Altkommunisten und Nationalpatrioten, die bedeutendsten Feinde des Staatschefs, zeigten kaum Flagge .";prozess;Gradadverbial;done;;+;frei;+;nd;+;nd;nd;nd;+;nd;nd;nd;nd;nd;nd;nd;nd;nd;nd;nd;nd;nd;nd;nd
197;VVINF;ADV;erfassen;22;NZZ_1993_04_26_a20_seg7_s1;21;Full|-2;Die sozialen und psychologischen Folgen immer neuer Generationen von Aids-Waisen, ihre Trauer und Verzweiflung lassen sich dagegen mit Zahlen kaum erfassen .;prozess;Gradadverbial;done;;+;frei;+;nd;+;nd;nd;nd;+;nd;nd;nd;nd;nd;nd;nd;nd;nd;nd;nd;nd;nd;nd;nd
198;VVPP;ADV;entlarven;10;NZZ_1993_04_26_a28_seg2_s30;9;Full|Psp;Die Egomanie dieser Bohème wird bloss gezeigt, kaum entlarvt .;prozess;Gradadverbial;done;;+;frei;+;nd;+;nd;nd;nd;+;nd;nd;nd;nd;nd;nd;nd;nd;nd;nd;nd;nd;nd;nd;nd
199;VVINF;ADV;hören;10;NZZ_1993_04_26_a32_seg2_s13;9;Full|-2;Aber man konnte die Sechzehntel der linken Hand kaum hören : diese Widerhaken, die dem fliessenden Charakter des Themas zuerst behutsam, später entschieden das Gewicht der Verzögerung geben .;prozess;Gradadverbial;done;;+;frei;+;nd;+;nd;nd;nd;+;nd;nd;nd;nd;nd;nd;nd;nd;nd;nd;nd;nd;nd;nd;nd
200;VVFIN;ADV;gehen;9;NZZ_1993_04_26_a47_seg6_s3;10;Full|3|Sg|Past|Ind;Der Luzerner Adrian Schmid als Miturheber der Initiative ging kaum auf die Abstimmungsargumentation ein, sondern befasste sich vor allem mit einigen Szenarien des Abstimmungsergebnisses .;prozess;Gradadverbial;done;;+;frei;+;nd;+;nd;nd;nd;+;nd;nd;nd;nd;nd;nd;nd;nd;nd;nd;nd;nd;nd;nd;nd
