Interne-ID;Function-Head;Funktion-Hit;Head;ID-Head;ID-NZZ;ID-Token;Meta-Kopf;sentence;Oberkategorie;Unterkategorie;Status;Kommentar;externe Funktion;pFREQ;AuW;pure;agent;method;degree;proposition;KONJ;FRAME;SADV;extern;KAUS;TEMP;FREQ;BU;LOC;intern;INST;KOM;SH;iLOC
42;VVFIN;ADV;--;16;NZZ_1996_06_06_a174_seg3_s18;12;Full|1|Sg|Pres|Ind;Und : « Ich arbeite hart für mein Geld, und anders als viele andere versteuere ich es auch . »;nd;nd;not of interest;false hit;;nd;nd;nd;nd;nd;nd;nd;nd;nd;nd;nd;nd;nd;nd;nd;nd;nd;nd;nd;nd;nd
139;VVPP;ADV;--;24;NZZ_1998_10_31_a55_seg7_s5;15;Full|Psp;Die Folge war, dass die Sektionen zu einer Routineangelegenheit wurden und dass - anders als heute - damals grundsätzlich jeder verstorbene Klinikpatient obduziert wurde .;nd;nd;not of interest;"Vergleich; Parenthese; wrong head";;nd;nd;nd;nd;nd;nd;nd;nd;nd;nd;nd;nd;nd;nd;nd;nd;nd;nd;nd;nd;nd
41;VVIZU;ADV;abwenden;15;NZZ_1999_01_23_a55_seg4_s2;13;Full|zu;Dürfen wir es dann, wenn es schwere Krankheiten gibt, die anders nicht abzuwenden wären ?;prozess;rein;done;;frei;nd;+;+;nd;nd;nd;nd;nd;nd;nd;nd;nd;nd;nd;nd;nd;nd;nd;nd;nd;nd
27;VVPP;ADV;anführen;11;NZZ_1996_10_31_a22_seg6_s13;6;Full|Psp;Nie habe er eine Mission anders als an der Spitze angeführt .;nd;nd;not of interest;Vergleich;;nd;nd;nd;nd;nd;nd;nd;nd;nd;nd;nd;nd;nd;nd;nd;nd;nd;nd;nd;nd;nd
127;VVPP;ADV;angehören|anhören;35;NZZ_1996_09_20_a7_seg15_s2;17;Full|Psp;Die Palästinenser verstehen solche Gesten der Regierung Netanyahu als Hinweis darauf, dass sie nun, anders als in den Zeiten von Rabin und Peres, bei strategischen Entscheiden über Cisjordanien überhaupt nicht mehr angehört werden, sondern weiter unten in der Stufenleiter ausführender Organe angesiedelt sind .;nd;nd;not of interest;Vergleich;;nd;nd;nd;nd;nd;nd;nd;nd;nd;nd;nd;nd;nd;nd;nd;nd;nd;nd;nd;nd;nd
148;VMFIN;ADV;anwenden;20;NZZ_1994_08_20_a119_seg24_s35;19;Mod|2|Pl|Pres|Ind;Wenige Tage vor seinem Tod beklagt er : « Ach könnte ich mein Leben wieder zurückrufen, wie anders wollt ' ich ' s anwenden !;prozess;rein;done;;frei;nd;+;+;nd;nd;nd;nd;nd;nd;nd;nd;nd;nd;nd;nd;nd;nd;nd;nd;nd;nd
17;VVINF;ADV;aufbringen;29;NZZ_1998_06_08_a23_seg8_s15;13;Full|-2;Befürchtet wird zudem, dass der neue Wirtschafts- und Finanzminister Baca - anders als sein eiserner Vorgänger Camet - nicht genügend Standfestigkeit gegenüber den Begehrlichkeiten von Präsident Fujimori aufbringen wird .;nd;nd;not of interest;"Vergleich; Parenthese";;nd;nd;nd;nd;nd;nd;nd;nd;nd;nd;nd;nd;nd;nd;nd;nd;nd;nd;nd;nd;nd
3;VVPP;ADV;ausdrücken;3;NZZ_1999_07_31_a204_seg8_s18;2;Full|Psp;Oder anders ausgedrückt : Das kontrollierte Doping ist wohl schon alltäglich .;prozess;rein;done;;notwendig;nd;+;+;nd;nd;nd;nd;nd;nd;nd;nd;nd;nd;nd;nd;nd;nd;nd;nd;nd;nd
6;VVPP;ADV;ausdrücken;26;NZZ_1994_06_23_a185_seg8_s1;25;Full|Psp;Auch nach dem Seitenwechsel blieb das Spiel offen, wobei die Schweizer mehrheitlich das Geschehen bestimmten - zweikampfstark, organisiert und mutig - oder anders ausgedrückt : wie in guten alten Zeiten .;prozess;rein;done;;notwendig;nd;+;+;nd;nd;nd;nd;nd;nd;nd;nd;nd;nd;nd;nd;nd;nd;nd;nd;nd;nd
9;VVPP;ADV;ausdrücken;32;NZZ_1994_10_01_a80_seg9_s7;31;Full|Psp;Mambelli führt in ihrer Arbeit aus, dass heutzutage nicht die Qualität der gebotenen Leistung ausschlaggebend sei, ob Restaurants und Bars frequentiert werden, sondern die Ambiance oder, anders ausgedrückt, die Freundlichkeit, welche im Lokal vorherrsche .;prozess;rein;done;;notwendig;nd;+;+;nd;nd;nd;nd;nd;nd;nd;nd;nd;nd;nd;nd;nd;nd;nd;nd;nd;nd
200;VVPP;ADV;ausdrücken;3;NZZ_1993_04_06_a72_seg2_s25;2;Full|Psp;Oder anders ausgedrückt : Dass der VfB Stuttgart als Titelhalter auf dem neunten Tabellenplatz rangiert - ist dies wirklich keinem einzigen Stuttgarter Spieler anzukreiden ?;prozess;rein;done;;frei;nd;+;+;nd;nd;nd;nd;nd;nd;nd;nd;nd;nd;nd;nd;nd;nd;nd;nd;nd;nd
13;VVINF;ADV;ausfallen;17;NZZ_1999_03_25_a14_seg5_s16;16;Full|-2;Nunmehr könnte seine Gewichtung angesichts des von den Lordrichtern ausgelösten weitgehenden Kollapses der spanischen Anklage anders ausfallen .;prozess;rein;done;;notwendig;nd;+;+;nd;nd;nd;nd;nd;nd;nd;nd;nd;nd;nd;nd;nd;nd;nd;nd;nd;nd
14;VVPP;ADV;ausfallen|ausgefallen;6;NZZ_1998_01_19_a110_seg3_s20;5;Full|Psp;Vielleicht wäre die Umfrage anders ausgefallen, hätte sie der Stadtrat nach der Annahme der verlängerten Ladenöffnungszeiten durch das Stadtzürcher Stimmvolk durchgeführt .;prozess;rein;done;;notwendig;nd;+;+;nd;nd;nd;nd;nd;nd;nd;nd;nd;nd;nd;nd;nd;nd;nd;nd;nd;nd
25;VVINF;ADV;ausgehen;5;NZZ_1999_08_24_a80_seg6_s2;4;Full|-2;Dass die Hauptsache anders ausgehen kann als das Verfahren auf Erlass einer einstweiligen Massnahme, ist eine Binsenwahrheit, wenn sich neue Tatsachen ergeben .;prozess;rein;done;;notwendig;nd;+;+;nd;nd;nd;nd;nd;nd;nd;nd;nd;nd;nd;nd;nd;nd;nd;nd;nd;nd
110;VMINF;ADV;ausgehen;9;NZZ_1996_02_13_a120_seg3_s32;6;Mod|-2;Dass immer alles auch ganz anders hätte ausgehen können, das wissen wir zwar, das lassen wir uns aber gerne noch einmal erzählen und beweisen .;prozess;rein;done;;notwendig;nd;+;+;nd;nd;nd;nd;nd;nd;nd;nd;nd;nd;nd;nd;nd;nd;nd;nd;nd;nd
135;VVINF;ADV;ausmachen;21;NZZ_1999_09_14_a127_seg3_s12;20;Full|-2;Braun gehört zu jenen Dichter-Stimmen, deren scheinbar unzeitgemässes Lamentieren sich unter dem wachsenden Abstand der Zeit vielleicht einmal anders ausmachen wird - auch in bezug auf die literarische Gewichtung .;prozess;rein;not of interest;sd;;nd;+;+;nd;nd;nd;nd;nd;nd;nd;nd;nd;nd;nd;nd;nd;nd;nd;nd;nd;nd
28;VVINF;ADV;aussehen;6;NZZ_1996_09_21_a186_seg9_s13;5;Full|-2;Sie würde auch ganz anders aussehen, aber nun habe ich die « 24 besten Spieler der Welt » und mit denen arbeite ich .;prozess;rein;done;;notwendig;nd;+;+;nd;nd;nd;nd;nd;nd;nd;nd;nd;nd;nd;nd;nd;nd;nd;nd;nd;nd
40;VVFIN;ADV;aussehen;6;NZZ_1998_03_06_a228_seg4_s27;5;Full|3|Sg|Pres|Ind;Ob das dann ganz anders aussieht in Old Trafford ?;prozess;rein;done;;notwendig;nd;+;+;nd;nd;nd;nd;nd;nd;nd;nd;nd;nd;nd;nd;nd;nd;nd;nd;nd;nd
48;VVINF;ADV;aussehen;6;NZZ_1999_03_18_a35_seg10_s12;5;Full|-2;Die Realität wird jedoch anders aussehen .;prozess;rein;done;;notwendig;nd;+;+;nd;nd;nd;nd;nd;nd;nd;nd;nd;nd;nd;nd;nd;nd;nd;nd;nd;nd
50;VVINF;ADV;aussehen;13;NZZ_1998_09_15_a173_seg4_s28;12;Full|-2;Millionenteure Entschädigungszahlungen an die betroffenen Grundeigentümer würden die Rechnung am Flughafen anders aussehen lassen .;prozess;rein;done;;notwendig;nd;+;+;nd;nd;nd;nd;nd;nd;nd;nd;nd;nd;nd;nd;nd;nd;nd;nd;nd;nd
51;VVPP;ADV;aussehen;25;NZZ_1998_11_18_a3_seg6_s2;24;Full|Psp;Im Jahre 1994, nach dem grossen Sieg Gingrichs und seiner Mitkämpfer für die « Republican Revolution », hatte alles noch ganz anders ausgesehen .;prozess;rein;done;;notwendig;nd;+;+;nd;nd;nd;nd;nd;nd;nd;nd;nd;nd;nd;nd;nd;nd;nd;nd;nd;nd
52;VVFIN;ADV;aussehen;15;NZZ_1994_08_30_a44_seg5_s15;14;Full|-2;Politisch mag das Bild, wie das Beispiel Polens zeigt, unter Umständen anders aussehen .;prozess;rein;done;;notwendig;nd;+;+;nd;nd;nd;nd;nd;nd;nd;nd;nd;nd;nd;nd;nd;nd;nd;nd;nd;nd
53;VVFIN;ADV;aussehen;20;NZZ_1999_08_11_a208_seg11_s4;19;Full|3|Sg|Pres|Subj;Professor Willke bedauert, dass gerade in bezug auf Zuständigkeit und Verantwortung im Betrieb die Praxis oft ganz anders aussehe als bei Mettler-Toledo .;prozess;rein;done;;notwendig;nd;+;+;nd;nd;nd;nd;nd;nd;nd;nd;nd;nd;nd;nd;nd;nd;nd;nd;nd;nd
142;VVFIN;ADV;äußern;3;NZZ_1997_04_12_a9_seg4_s4;10;Full|3|Sg|Past|Ind;Offensichtlich verstimmt äusserte sich Erdmann zur Entscheidung Griechenlands, anders als die übrigen EU-Staaten seinen Botschafter in Teheran nicht zur Berichterstattung zurückzurufen .;nd;nd;not of interest;Vergleich;;nd;nd;nd;nd;nd;nd;nd;nd;nd;nd;nd;nd;nd;nd;nd;nd;nd;nd;nd;nd;nd
154;VVINF;ADV;bearbeiten;38;NZZ_1993_12_04_a64_seg14_s18;37;Full|-2;Als der Verlagslektor von einem Abdruck der für die « Wanderer » -Sammlung eingereichten, in nüchtern-lakonischem Berichtsstil gehaltenen Geschichte abrät, lässt Böll ihn wissen, er werde « wahrscheinlich das schöne Thema irgendwann einmal anders bearbeiten » - was dann im achten Kapitel von « Wo warst du, Adam ? »;prozess;rein;done;;frei;nd;+;+;nd;nd;nd;nd;nd;nd;nd;nd;nd;nd;nd;nd;nd;nd;nd;nd;nd;nd
22;VVFIN;ADV;befinden;10;NZZ_1999_06_07_a23_seg8_s4;6;Full|3|Sg|Pres|Ind;Heute ist das politische Umfeld anders : Am Ruder befindet sich als stärkere Regierungspartei seit anderthalb Jahren die Solidarität .;nd;nd;not of interest;"prädikativ; wrong head";;nd;nd;nd;nd;nd;nd;nd;nd;nd;nd;nd;nd;nd;nd;nd;nd;nd;nd;nd;nd;nd
54;VVPP;ADV;begegnen;14;NZZ_1999_02_26_a215_seg3_s3;13;Full|3|Sg|Pres|Ind;Es liegt auf der Hand, dass man mir als FCZ-Trainer jetzt anders begegnet .;prozess;rein;done;;frei;nd;+;+;nd;nd;nd;nd;nd;nd;nd;nd;nd;nd;nd;nd;nd;nd;nd;nd;nd;nd
140;VVPP;ADV;behandeln;23;NZZ_1996_02_22_a45_seg2_s2;20;Full|Psp;Die Anrufer, so Hänsenberger, seien nun gewarnt und könnten keine Illusionen darüber haben, dass ihre Anliegen anders als spasseshalber behandelt würden .;nd;nd;not of interest;Vergleich;;nd;nd;nd;nd;nd;nd;nd;nd;nd;nd;nd;nd;nd;nd;nd;nd;nd;nd;nd;nd;nd
88;VVFIN;ADV;beleuchten;31;NZZ_1999_11_23_a130_seg3_s39;30;Full|3|Sg|Past|Ind;Wie er die Motivik in Thelonious Monks « Blue Monk » oder « ' Round Midnight » auseinandernahm und auf völlig überraschende Weise neu zusammensetzte, Monks Harmonik ganz anders beleuchtete, das war hohe Schule der Standard-Improvisation .;prozess;rein;done;;frei;nd;+;+;nd;nd;nd;nd;nd;nd;nd;nd;nd;nd;nd;nd;nd;nd;nd;nd;nd;nd
163;VVPP;ADV;benutzen;27;NZZ_1994_12_05_a29_seg12_s1;26;Full|3|Sg|Pres|Ind;"Hält jemand der regierenden Partei vor, dass sie auf die Presse Druck ausübt und dass Präsident Tudjman das Fernsehen zur Absicherung seiner Macht nicht anders benutzt als der serbische Präsident in Belgrad, dann erhält man die Antwort, dass die Vorwürfe ungerechtfertigt seien ; die Verfassung garantiere die Pressefreiheit .";prozess;rein;done;Vergleich;frei;nd;+;+;nd;nd;nd;nd;nd;nd;nd;nd;nd;nd;nd;nd;nd;nd;nd;nd;nd;nd
183;VVPP;ADV;besetzen;17;NZZ_1997_04_14_a126_seg4_s17;16;Full|Psp;Die Interpreten und Interpretinnen der verschiedenen Rollen - in den folgenden Aufführungen werden sie teilweise anders besetzt - wusste das Kammerensemble Junge Schweizer Musiker ( Leitung : Veronica Scully ) trotz einigen technischen Unsauberkeiten mit dem Gefühl für die knappe und treffende Formulierung sorgfältig zu begleiten .;prozess;rein;done;;frei;nd;+;+;nd;nd;nd;nd;nd;nd;nd;nd;nd;nd;nd;nd;nd;nd;nd;nd;nd;nd
87;VVFIN;ADV;betrachten;12;NZZ_1997_05_09_a179_seg3_s12;23;Full|3|Pl|Pres|Ind;Die Deutschen, Tschechen, Belgier und Holländer von Schalke 04 betrachten sich und ihre Art Fussball, speziell in solchen Europacup-Nächten anders .;prozess;rein;done;;frei;nd;+;+;nd;nd;nd;nd;nd;nd;nd;nd;nd;nd;nd;nd;nd;nd;nd;nd;nd;nd
182;VVPP;ADV;beurteilen;50;NZZ_1998_03_11_a149_seg3_s16;49;Full|Psp;Deutlich hat dies Lyall Watson in seinem Buch über die « Naturgeschichte des Bösen » hervortreten lassen : Wir müssten an der Menschheit verzweifeln, wenn wir ihre destruktiven Kräfte nicht irgendwie als etwas auffassen könnten, das bereits seinen Lauf in der Natur genommen hat und daher anders beurteilt werden muss als rein moralisch .;nd;nd;not of interest;ModPräd;;nd;nd;nd;nd;nd;nd;nd;nd;nd;nd;nd;nd;nd;nd;nd;nd;nd;nd;nd;nd;nd
189;VVINF;ADV;darstellen;28;NZZ_1996_06_01_a116_seg3_s5;27;Full|-2;Aber die klug konzipierte, auf akribischen Recherchen beruhende Ausstellung beweist, dass sich auch « nur » mit schriftlichen Dokumenten und Photographien eine vielschichtige Biographie anders darstellen lässt, als das mit dem gleichen Material in Buchform möglich wäre .;prozess;rein;done;;frei;nd;+;+;nd;nd;nd;nd;nd;nd;nd;nd;nd;nd;nd;nd;nd;nd;nd;nd;nd;nd
11;VVFIN;ADV;denken;34;NZZ_1997_05_10_a3_seg1_s19;36;Full|3|Pl|Pres|Ind;"Es ist sogar verständlich, denn Amerikaner, die auf vielen Kriegsschauplätzen der Welt für andere kämpfen müssen - sie tun das selten aus freien Stücken -, haben eine andere Perspektive und denken grundsätzlich anders ; auch die komplizierte, im 20. Jahrhundert besonders tragische Geschichte Europas bringt sie kaum zum Umdenken .";prozess;rein;done;;frei;nd;+;+;nd;nd;nd;nd;nd;nd;nd;nd;nd;nd;nd;nd;nd;nd;nd;nd;nd;nd
78;VVFIN;ADV;denken;15;NZZ_1998_03_13_a53_seg6_s7;24;Full|3|Sg|Pres|Subj;Erst nachdem Hauptmann Alfred Ernst durch sondierende Gespräche zur Überzeugung gelangt war, Däniker denke hinsichtlich der Haltung gegenüber dem Dritten Reich grundsätzlich anders und sei vielmehr ein Anpasser, liess man ihn fallen und behandelte ihn in der Folge als entschiedenen Gegner .;prozess;rein;done;;frei;nd;+;+;nd;nd;nd;nd;nd;nd;nd;nd;nd;nd;nd;nd;nd;nd;nd;nd;nd;nd
131;VVFIN;ADV;denken;5;NZZ_1994_10_31_a18_seg6_s8;4;Full|3|Sg|Pres|Ind;Dass die Staatduma anders denkt als Jelzin, machte sie am Freitag klar, indem sie eine Resolution verabschiedete, in welcher die Ergebnisse der Regierungsarbeit als unbefriedigend und nicht den Erwartungen der Bevölkerungsmehrheit entsprechend eingestuft werden .;prozess;rein;done;Vergleich;frei;nd;+;+;nd;nd;nd;nd;nd;nd;nd;nd;nd;nd;nd;nd;nd;nd;nd;nd;nd;nd
43;VVFIN;ADV;disponieren;5;NZZ_1999_11_02_a132_seg7_s27;6;Full|3|Sg|Pres|Ind;Gewiss, der Maler disponiert anders als der Graphiker, ruhiger, eher monumental als pointiert .;prozess;rein;done;Vergleich;frei;nd;+;+;nd;nd;nd;nd;nd;nd;nd;nd;nd;nd;nd;nd;nd;nd;nd;nd;nd;nd
29;VMFIN;ADV;dürfen;7;NZZ_1995_03_25_a187_seg3_s19;9;Mod|3|Sg|Past|Subj;Noch kennen wir nicht - wie dürfte es anders sein - Ernst Jüngers « letztes Wort », also das, was sein Sammeleifer von vielen anderen sich zutragen liess .;nd;nd;not of interest;"prädikativ; wrong head";;nd;nd;nd;nd;nd;nd;nd;nd;nd;nd;nd;nd;nd;nd;nd;nd;nd;nd;nd;nd;nd
55;VVFIN;ADV;einherkommen;82;NZZ_1999_10_30_a237_seg7_s3;81;Full|3|Pl|Past|Ind;Als junger schwarzer Schriftsteller, dessen Erfahrung entscheidend von der Apartheid geprägt war, las ich « Go Tell It on the Mountain » nicht als Roman aus einer fremden Lebens- und Sprachwelt : war ich doch in ein ganz ähnliches evangelisches Milieu hineingeboren worden, in den Schoss einer Kirche, wo man Gospels sang, in Zungen redete und schon mit fünfzehn auf dem Gehsteig trotzig und selbstbewusst den « Sündern » predigte, die gar nicht so anders einherkamen als jene « elenden Unerlösten », welche die Strassen in Baldwins « Down at the Cross » bevölkern .;nd;nd;not of interest;sd;;nd;nd;nd;nd;nd;nd;nd;nd;nd;nd;nd;nd;nd;nd;nd;nd;nd;nd;nd;nd;nd
30;VVIZU;ADV;einsetzen;8;NZZ_1994_12_07_a18_seg3_s20;7;Full|zu;Die bisherigen Versuche, die Allianz anders einzusetzen als in ihrer Kernfunktion - etwa zur Friedensbewahrung -, kann man füglich als gescheitert betrachten .;prozess;rein;done;Vergleich;frei;nd;+;+;nd;nd;nd;nd;nd;nd;nd;nd;nd;nd;nd;nd;nd;nd;nd;nd;nd;nd
67;VVFIN;ADV;einstufen;6;NZZ_1999_10_20_a185_seg111_s4;5;Full|3|Sg|Pres|Ind;Weil YB die Lage anders einstuft, dürfte in dieser Angelegenheit das letzte Wort noch nicht gesprochen sein .;prozess;rein;done;;frei;nd;+;+;nd;nd;nd;nd;nd;nd;nd;nd;nd;nd;nd;nd;nd;nd;nd;nd;nd;nd
57;VVPP;ADV;entscheiden;17;NZZ_1997_09_11_a152_seg3_s6;16;Full|Psp;Im Rahmen einer Geschäftsleitungssitzung der SP vom Mittwoch hat Thanei mitgeteilt, sich nun doch anders entschieden zu haben .;prozess;rein;done;;frei;nd;+;+;nd;nd;nd;nd;nd;nd;nd;nd;nd;nd;nd;nd;nd;nd;nd;nd;nd;nd
68;VVINF;ADV;entscheiden;33;NZZ_1999_04_01_a41_seg16_s6;32;Full|-2;Natürlich beeilen sich nun Politiker, Parteien, Arbeitgeber u. a. zu sagen, so sei die Verankerung des Streikrechts natürlich nicht gemeint gewesen und die Gerichte würden im konkreten Fall anders entscheiden .;prozess;rein;done;;frei;nd;+;+;nd;nd;nd;nd;nd;nd;nd;nd;nd;nd;nd;nd;nd;nd;nd;nd;nd;nd
86;VVPP;ADV;entscheiden;25;NZZ_1998_11_07_a225_seg3_s20;24;Full|Psp;Dass sich die NL in dieser Hinsicht exponiert, erstaunt, nachdem vor Beginn der Saison 1998/99 diverse Vertragsstreitigkeiten von den zuständigen Gremien anders entschieden worden sind .;prozess;rein;done;;frei;nd;+;+;nd;nd;nd;nd;nd;nd;nd;nd;nd;nd;nd;nd;nd;nd;nd;nd;nd;nd
26;VVPP;ADV;erfahren;11;NZZ_1997_08_25_a40_seg6_s3;10;Full|-2;Ein kleiner Solothurner Schuhmacher habe Religion und Konfession vermutlich anders erfahren als ein an den politischen Entscheiden beteiligter Solothurner Ratsherr .;prozess;rein;done;Vergleich;frei;nd;+;+;nd;nd;nd;nd;nd;nd;nd;nd;nd;nd;nd;nd;nd;nd;nd;nd;nd;nd
59;VVFIN;ADV;erfahren;12;NZZ_1999_11_13_a217_seg11_s31;2;Full|3|Sg|Pres|Ind;Aber anders als Florestan in der « Leonore » von 1805 erfährt Egmont die Überzeugung, kein Gedanke könne vor dem Ewigen zu Nichts zerfallen .;nd;nd;not of interest;Vergleich;;nd;nd;nd;nd;nd;nd;nd;nd;nd;nd;nd;nd;nd;nd;nd;nd;nd;nd;nd;nd;nd
2;VVPP;ADV;erklären;23;NZZ_1996_08_08_a46_seg3_s16;22;Full|Psp;So kommt der nun veröffentlichte Bericht, obwohl er einräumt, dass jede dieser Beobachtungen, für sich genommen, auch anders erklärt werden könne, am Ende doch zu dem Schluss, dass diese Phänomene Beleg für die Existenz einer primitiven Lebensform in der Frühzeit des Mars bilden .;prozess;rein;done;;frei;nd;+;+;nd;nd;nd;nd;nd;nd;nd;nd;nd;nd;nd;nd;nd;nd;nd;nd;nd;nd
168;VVFIN;ADV;erklären;15;NZZ_1997_12_11_a21_seg9_s7;14;Full|3|Sg|Pres|Ind;Die kasachische Führung hat der schnellstmöglichen baulichen Aufwertung Akmolas oberste Priorität gegeben, anders lässt sich nicht erklären, dass man ungeachtet der hohen Arbeitslosigkeit Scharen von Gastarbeitern ins Land geholt hat, die das Mehrfache eines kasachischen Durchschnittslohns verdienen .;prozess;rein;done;;frei;nd;+;+;nd;nd;nd;nd;nd;nd;nd;nd;nd;nd;nd;nd;nd;nd;nd;nd;nd;nd
70;VVPP;ADV;erregen;4;NZZ_1999_04_23_a240_seg3_s1;6;Full|Psp;In den USA erregt - anders als hierzulande - die Vergabe von Journalistenpreisen viel Aufsehen .;nd;nd;not of interest;"Vergleich; Parenthese";;nd;nd;nd;nd;nd;nd;nd;nd;nd;nd;nd;nd;nd;nd;nd;nd;nd;nd;nd;nd;nd
34;VVINF;ADV;erwarten;9;NZZ_1998_08_14_a221_seg2_s9;7;Full|-2;Es sind, wie wohl nicht anders zu erwarten gewesen war, auch ungestempelte Exemplare « durchgeschlüpft » .;prozess;rein;done;;frei;nd;+;+;nd;nd;nd;nd;nd;nd;nd;nd;nd;nd;nd;nd;nd;nd;nd;nd;nd;nd
35;VVPP;ADV;erwarten;20;NZZ_1997_08_25_a155_seg2_s1;19;Full|3|Sg|Pres|Ind;( si ) Im Berner Dreiländerkampf sind die Schweizer Kunstturner gegen die Chinesen und Weissrussen, wie nicht anders erwartet, nur Statisten gewesen .;prozess;rein;done;;frei;nd;+;+;nd;nd;nd;nd;nd;nd;nd;nd;nd;nd;nd;nd;nd;nd;nd;nd;nd;nd
45;VVINF;ADV;erwarten;11;NZZ_1995_07_17_a80_seg7_s2;9;Full|-2;In der Literaturstadt Swansea steht, wie kaum anders zu erwarten, der Name des dort geborenen Lyrikers Dylan Thomas im Zentrum der Veranstaltungen .;prozess;rein;done;;frei;nd;+;+;nd;nd;nd;nd;nd;nd;nd;nd;nd;nd;nd;nd;nd;nd;nd;nd;nd;nd
64;VVINF;ADV;erwarten;23;NZZ_1996_09_12_a167_seg4_s18;21;Full|-2;Dass als Entschuldigung für die indisponierte Abwehr das Fehlen der gesperrten Internationalen Helmer und Babbel herangezogen wurde, war nicht anders zu erwarten gewesen .;prozess;rein;done;;frei;nd;+;+;nd;nd;nd;nd;nd;nd;nd;nd;nd;nd;nd;nd;nd;nd;nd;nd;nd;nd
79;VVPP;ADV;erwarten;5;NZZ_1999_03_19_a223_seg3_s1;4;Full|Psp;jam. Wie nicht anders erwartet hat sich die a. o. Session für ein geändertes Auswahlverfahren der Winterspiele 2006 entschieden .;prozess;rein;done;;frei;nd;+;+;nd;nd;nd;nd;nd;nd;nd;nd;nd;nd;nd;nd;nd;nd;nd;nd;nd;nd
80;VVINF;ADV;erwarten;8;NZZ_1998_10_10_a196_seg8_s8;6;Full|-2;Dafür kam, wie nicht anders zu erwarten war, nur die Replik des MG TF in Frage .;prozess;rein;done;;frei;nd;+;+;nd;nd;nd;nd;nd;nd;nd;nd;nd;nd;nd;nd;nd;nd;nd;nd;nd;nd
94;VVINF;ADV;erwarten;5;NZZ_1993_04_17_a106_seg3_s9;3;Full|-2;Wie nicht anders zu erwarten ist, meistert der 21jährige Minsker auch diese mit Höchstschwierigkeiten bespickte Kür mit Bravour und baut den Vorsprung vor seinem direkten Verfolger aus .;prozess;rein;done;;frei;nd;+;+;nd;nd;nd;nd;nd;nd;nd;nd;nd;nd;nd;nd;nd;nd;nd;nd;nd;nd
95;VVINF;ADV;erwarten;5;NZZ_1996_08_24_a10_seg3_s1;3;Full|-2;Wie nicht anders zu erwarten war, hat der peruanische Kongress nach einer zwölfstündigen Marathonsitzung ein Gesetz verabschiedet, das - über eine Interpretation der gültigen Verfassung - die Wiederwahl von Präsident Fujimori im Jahre 2000 möglich macht .;prozess;rein;done;;frei;nd;+;+;nd;nd;nd;nd;nd;nd;nd;nd;nd;nd;nd;nd;nd;nd;nd;nd;nd;nd
122;VVINF;ADV;erwarten;5;NZZ_1995_12_13_a120_seg5_s10;3;Full|-2;Wie kaum anders zu erwarten, stellen die meisten der Autoren die Stalinallee in das Zentrum des Henselmannschen Schaffens - als « Vision einer urbanen, metropolitanen Stadt » ( Hans Hollein ), « grandiose Leistung des deutschen Wiederaufbaus » ( Hans Kollhoff ), eines « der grössten städtebaulichen Projekte Berlins » ( Aldo Rossi ), als « Art und Weise, dem Ort einen stolzen Charakter zu verleihen, die Menschen im Innersten ihrer Herzen anzusprechen » ( Philip Johnson ) .;prozess;rein;done;;frei;nd;+;+;nd;nd;nd;nd;nd;nd;nd;nd;nd;nd;nd;nd;nd;nd;nd;nd;nd;nd
144;VVINF;ADV;erwarten;5;NZZ_1994_08_30_a72_seg2_s1;3;Full|-2;Wie nicht anders zu erwarten, ist die Drogenszene in Zürich ausser Kontrolle geraten .;prozess;rein;done;;frei;nd;+;+;nd;nd;nd;nd;nd;nd;nd;nd;nd;nd;nd;nd;nd;nd;nd;nd;nd;nd
145;VVINF;ADV;erwarten;8;NZZ_1998_06_05_a264_seg11_s11;6;Full|-2;Grimshaw wird, wie nicht anders zu erwarten, für die Sparkasse eine High-Tech-Interpretation der ortstypischen Fenstergalerien liefern, deren bekanntestes Beispiel die fast unmittelbar an das Baugelände anschliessende Häuserzeile ist, ein ehrbares und zu Recht beliebtes Postkartensujet .;prozess;rein;done;;frei;nd;+;+;nd;nd;nd;nd;nd;nd;nd;nd;nd;nd;nd;nd;nd;nd;nd;nd;nd;nd
176;VVINF;ADV;erwarten;13;NZZ_1995_08_28_a71_seg3_s2;11;Full|-2;Er war zugleich Direktor und Regisseur, und wie nicht anders zu erwarten, wollte er auf der Bühne Schönheit und Würde sehen .;prozess;rein;done;;frei;nd;+;+;nd;nd;nd;nd;nd;nd;nd;nd;nd;nd;nd;nd;nd;nd;nd;nd;nd;nd
19;VVINF;ADV;erzählen;13;NZZ_1996_02_13_a120_seg3_s27;12;Full|-2;Zu sehr weiss der Autor von der Vergeblichkeit, ein Leben anders erzählen zu können als in Geschichten - die immer dort, wo sie die grösste Nähe und Treue zum Erlebten vorschützen, sich als Erfindungen zu erkennen geben müssen .;prozess;rein;done;Vergleich;frei;nd;+;+;nd;nd;nd;nd;nd;nd;nd;nd;nd;nd;nd;nd;nd;nd;nd;nd;nd;nd
36;VVFIN;ADV;erzählen;3;NZZ_1999_03_30_a202_seg2_s8;5;Full|3|Sg|Pres|Ind;Der Bergier-Zwischenbericht erzählt das anders .;prozess;rein;done;;frei;nd;+;+;nd;nd;nd;nd;nd;nd;nd;nd;nd;nd;nd;nd;nd;nd;nd;nd;nd;nd
92;VVFIN;ADV;fassen;3;NZZ_1997_09_27_a191_seg8_s7;2;Full|3|Sg|Pres|Ind;Wiederum anders fasst Leszek Kolakowski ( geb. 1927 ) dieselbe Problematik .;prozess;rein;done;;frei;nd;+;+;nd;nd;nd;nd;nd;nd;nd;nd;nd;nd;nd;nd;nd;nd;nd;nd;nd;nd
138;VVPP;ADV;festhalten;35;NZZ_1997_03_14_a27_seg7_s8;26;Full|Psp;Dennoch betreibe die Schweiz die nötige Aufarbeitung nicht nur kritisch, sondern auch mit Selbstvertrauen, denn sie habe im wesentlichen während des Krieges, anders als andere Staaten, an ihrer freiheitlichen Demokratie festgehalten .;nd;nd;not of interest;Vergleich;;nd;nd;nd;nd;nd;nd;nd;nd;nd;nd;nd;nd;nd;nd;nd;nd;nd;nd;nd;nd;nd
21;VVPP;ADV;festlegen;17;NZZ_1994_02_03_a100_seg9_s4;16;Full|Psp;Der Beginn und das Ende der Tagesarbeit können ausserdem zwischen 5 Uhr und 24 Uhr anders festgelegt werden, wenn die Arbeitnehmervertretung im Betrieb oder - wenn eine solche nicht besteht - die Mehrheit der betroffenen Arbeitnehmer dem zustimmt .;prozess;rein;done;;frei;nd;+;+;nd;nd;nd;nd;nd;nd;nd;nd;nd;nd;nd;nd;nd;nd;nd;nd;nd;nd
156;VVPP;ADV;festlegen;6;NZZ_1994_04_22_a88_seg3_s6;5;Full|Psp;Gleichzeitig ist die Legislaturperiode anders festgelegt worden .;prozess;rein;done;;frei;nd;+;+;nd;nd;nd;nd;nd;nd;nd;nd;nd;nd;nd;nd;nd;nd;nd;nd;nd;nd
49;VVPP;ADV;finden;29;NZZ_1996_06_22_a128_seg7_s11;14;Full|Psp;Auch wenn Behnisch sich wiederum heterogener Baumaterialien bedient, ist in Frankfurt - anders als am Stuttgarter Weckherlin-Haus - ein Gleichgewicht zwischen expressiven Momenten und formal klaren Partien gefunden .;nd;nd;not of interest;"Vergleich; Parenthese";;nd;nd;nd;nd;nd;nd;nd;nd;nd;nd;nd;nd;nd;nd;nd;nd;nd;nd;nd;nd;nd
72;VVPP;ADV;finden;23;NZZ_1995_10_03_a151_seg8_s7;22;Full|Psp;Er scheint zur Idee einer entsprechenden Erhöhung des MWSt-Satzes zu neigen, meinte im Gespräch jedoch, dass die Lösung auch anders gefunden werden könnte .;prozess;rein;done;;frei;nd;+;+;nd;nd;nd;nd;nd;nd;nd;nd;nd;nd;nd;nd;nd;nd;nd;nd;nd;nd
117;VVPP;ADV;formulieren;39;NZZ_1994_11_11_a18_seg9_s6;38;Full|Psp;Obwohl die Vertreter der Uno in Sarajewo in den letzten Wochen immer wieder betont hatten, die Unprofor lasse sich nicht erpressen, hat sie nun doch dem Druck der Serben nachgegeben, auch wenn das offiziell anders formuliert wird .;prozess;rein;done;;frei;nd;+;+;nd;nd;nd;nd;nd;nd;nd;nd;nd;nd;nd;nd;nd;nd;nd;nd;nd;nd
115;VVFIN;ADV;fristen;17;NZZ_1995_08_24_a166_seg4_s22;6;Full|3|Sg|Past|Ind;Die Realität war dann allerdings anders als die schönen Träume : Im Farmteam der Phoenix Roadrunners fristete Jaks ein eher kärgliches Leben und kam auf nicht einmal 50 Spiele .;nd;nd;not of interest;"prädikativ; wrong head";;nd;nd;nd;nd;nd;nd;nd;nd;nd;nd;nd;nd;nd;nd;nd;nd;nd;nd;nd;nd;nd
15;VVFIN;ADV;gehen;3;NZZ_1998_04_21_a156_seg3_s12;2;Full|3|Sg|Pres|Ind;Wie anders geht es - wieder einmal - im Zürcher Kulturleben zu !;prozess;rein;done;;frei;nd;+;+;nd;nd;nd;nd;nd;nd;nd;nd;nd;nd;nd;nd;nd;nd;nd;nd;nd;nd
16;VVINF;ADV;gehen;16;NZZ_1994_06_14_a89_seg41_s8;15;Full|-2;Wenn wir je die SBB wieder auf Erfolgskurs bringen wollen, wird es nicht anders gehen, als die bestehende Schuldenlast von, Milliarden Franken mindestens zu halbieren .;prozess;rein;done;;frei;nd;+;+;;nd;nd;nd;nd;nd;nd;nd;nd;nd;nd;nd;nd;nd;nd;nd;nd;nd
32;VVFIN;ADV;gehen;2;NZZ_1996_11_14_a198_seg3_s5;7;Full|3|Sg|Pres|Ind;Es geht aber auch noch ganz anders : Wer, vielleicht im Büro sitzend, den Verlockungen der Sonne und den weissen Hängen doch nicht widerstehen kann, marschiert gleich so, wie er ist, in eines der Centers .;prozess;rein;done;;frei;nd;+;+;nd;nd;nd;nd;nd;nd;nd;nd;nd;nd;nd;nd;nd;nd;nd;nd;nd;nd
56;VVFIN;ADV;gehen;24;NZZ_1999_06_22_a163_seg19_s1;23;Full|3|Sg|Pres|Ind;Kampf der Geschlechter - Die tierische Geschichte des Sex ( 3/3 ) Warum sich überhaupt mit Sex belasten, wenn es auch anders geht ?;prozess;rein;done;;möglich;nd;+;+;nd;nd;nd;nd;nd;nd;nd;nd;nd;nd;nd;nd;nd;nd;nd;nd;nd;nd
60;VVFIN;ADV;gehen;3;NZZ_1996_12_17_a165_seg7_s15;2;Full|3|Sg|Pres|Ind;Völlig anders geht natürlich der Zweiliter zur Sache .;prozess;rein;done;;möglich;nd;+;+;nd;nd;nd;nd;nd;nd;nd;nd;nd;nd;nd;nd;nd;nd;nd;nd;nd;nd
61;VVFIN;ADV;gehen;20;NZZ_1997_01_13_a82_seg3_s17;19;Full|3|Sg|Pres|Ind;Das Spiel mit dem Spiel - und dann staunt man doch wieder, weil ' s schneller und anders geht, als man ahnen konnte .;prozess;rein;done;;möglich;nd;+;+;nd;nd;nd;nd;nd;nd;nd;nd;nd;nd;nd;nd;nd;nd;nd;nd;nd;nd
66;VVFIN;ADV;gehen;3;NZZ_1999_12_14_a153_seg3_s28;6;Full|3|Pl|Pres|Ind;Hellenistische Künstler gehen zudem nachweislich anders mit der Tradition um als die Bildhauer archaischer und klassischer Zeit : Mehr als dass sie die Werke der grossen Vorgänger fortführen und perfektionieren, suchen sie den passenden Stil oder wählen ihn aus dem vorhandenen Bestand je nach Anlass und Anspruch aus .;prozess;rein;done;;möglich;nd;+;+;nd;nd;nd;nd;nd;nd;nd;nd;nd;nd;nd;nd;nd;nd;nd;nd;nd;nd
105;VVFIN;ADV;gehen;7;NZZ_1996_11_09_a26_seg5_s1;10;Full|3|Pl|Pres|Ind;Swaljawa, im Oktober In Tschop gehen die Uhren anders .;prozess;rein;done;;frei;nd;+;+;nd;nd;nd;nd;nd;nd;nd;nd;nd;nd;nd;nd;nd;nd;nd;nd;nd;nd
194;VVFIN;ADV;gehen;11;NZZ_1993_04_03_a179_seg2_s14;15;Full|3|Sg|Pres|Ind;Barata Quintás selbst, dem einstigen Psychologen und Erziehungsinspektor, geht es auch nicht anders .;prozess;rein;done;;möglich;nd;+;+;nd;nd;nd;nd;nd;nd;nd;nd;nd;nd;nd;nd;nd;nd;nd;nd;nd;nd
150;VVFIN;ADV;gelingen;3;NZZ_1993_04_23_a176_seg7_s3;6;Full|3|Sg|Past|Ind;Und es gelang zudem, anders als im Vorjahr, die Investitionen von, (, ) Mio. Fr .;nd;nd;not of interest;Vergleich;;nd;nd;nd;nd;nd;nd;nd;nd;nd;nd;nd;nd;nd;nd;nd;nd;nd;nd;nd;nd;nd
71;VVFIN;ADV;gestalten;11;NZZ_1995_04_19_a39_seg4_s1;10;Full|Psp;Neben dem üblichen Facelifting wurde die Fassade des Turms anders gestaltet .;prozess;rein;done;;frei;nd;+;+;nd;nd;nd;nd;nd;nd;nd;nd;nd;nd;nd;nd;nd;nd;nd;nd;nd;nd
77;VVFIN;ADV;gestalten;19;NZZ_1997_05_31_a223_seg7_s13;18;Full|Psp;"Dazu bemerkt John Shearman in seinem Manierismusbuch : « Jeder Innenraum ist wohlüberlegt und auf übertriebene Weise anders gestaltet : kapriziös ( capricious ) wie der Saal der Giganten, der auf den Betrachter hernieder zu stürzen droht ; exquisit verfeinert und sehr antik wie die Sala dei Stucchi ; delikat und artifiziell wie der Saal der Adler - alles provozierend illusionistisch, sinnlich, keusch usw. und alles ausserordentlich phantasievoll . »";prozess;rein;done;;frei;nd;+;+;nd;nd;nd;nd;nd;nd;nd;nd;nd;nd;nd;nd;nd;nd;nd;nd;nd;nd
179;VVFIN;ADV;greifen;7;NZZ_1994_09_17_a220_seg17_s19;8;Full|3|Sg|Pres|Subj;39 Behälter in dichterischem Dativ, greife anders !;prozess;rein;done;;frei;nd;+;+;nd;nd;nd;nd;nd;nd;nd;nd;nd;nd;nd;nd;nd;nd;nd;nd;nd;nd
118;VVFIN;ADV;handeln;56;NZZ_1997_04_03_a39_seg7_s5;55;Full|3|Sg|Pres|Ind;Der - wie die anderen Korrespondenten auch - anonyme Luzerner Berichterstatter der NZZ hat ebenso wie die Redaktion stets deutlich gemacht, dass es sich um einen politischen Prozess handelt, « einen Schandflecken der Justiz » : « Das Übel rührt daher, weil man in dem einen Falle so und dem andern anders handelt je nach der politischen Farbe, während in allen den aufgestellten Fällen von Rechtswegen die gleichen Grundsätze hätten beobachtet werden müssen, nämlich dass man die von einem Angeklagten Beschuldigten über die Beschuldigung zwar zur Rede gestellt hätte, aber, ohne hinzukommende andere Beweise, nicht sofort mit Verhaftung, Tortur usw. eingschritten wäre . »;prozess;rein;done;;frei;nd;+;+;nd;nd;nd;nd;nd;nd;nd;nd;nd;nd;nd;nd;nd;nd;nd;nd;nd;nd
90;VVIMP;ADV;heißen;9;NZZ_1995_01_12_a107_seg19_s3;10;Full|3|Sg|Pres|Ind;Sie werden von Erziehern kaum erkannt, das heisst anders diagnostiziert und benannt .;prozess;rein;done;;frei;nd;nd;nd;nd;nd;nd;nd;nd;nd;nd;nd;nd;nd;nd;nd;nd;nd;nd;nd;nd;nd
143;VVINF;ADV;inszenieren;21;NZZ_1994_08_02_a101_seg8_s6;19;Full|-2;Dabei kann es einem nicht entgehen, dass eben diese Differenz den Textgrammatiker nötigte, sein Unternehmen jeweils anders zu inszenieren, sollte jede der beiden Sprachen aus der Dynamik ihres innersten nisus formativus begriffen und dementsprechend beschrieben werden .;prozess;rein;done;;frei;nd;+;+;nd;nd;nd;nd;nd;nd;nd;nd;nd;nd;nd;nd;nd;nd;nd;nd;nd;nd
18;VVFIN;ADV;interpretieren;6;NZZ_1999_07_09_a222_seg3_s24;5;Full|3|Pl|Pres|Ind;Falls Gerichte die Sache anders interpretieren, müssten zahlreiche kommerzielle Websites ihre Praktiken umstellen .;prozess;rein;done;;frei;nd;+;+;nd;nd;nd;nd;nd;nd;nd;nd;nd;nd;nd;nd;nd;nd;nd;nd;nd;nd
190;VVFIN;ADV;intonieren;3;NZZ_1996_01_26_a170_seg5_s25;8;Full|3|Sg|Pres|Ind;Der Regisseur intoniert das mit Phantasie jeweils anders .;prozess;rein;done;;frei;nd;+;+;nd;nd;nd;nd;nd;nd;nd;nd;nd;nd;nd;nd;nd;nd;nd;nd;nd;nd
91;VVINF;ADV;kommen;13;NZZ_1995_09_08_a75_seg5_s3;12;Full|-2;Nach all den Prognoserevisionen der letzten Zeit konnte es eigentlich nicht anders kommen .;prozess;rein;done;;notwendig;nd;+;+;nd;nd;nd;nd;nd;nd;nd;nd;nd;nd;nd;nd;nd;nd;nd;nd;nd;nd
96;VVFIN;ADV;kommen;3;NZZ_1999_10_22_a30_seg5_s1;4;Full|3|Sg|Past|Ind;Doch es kam anders .;prozess;rein;done;;notwendig;nd;+;+;nd;nd;nd;nd;nd;nd;nd;nd;nd;nd;nd;nd;nd;nd;nd;nd;nd;nd
100;VVFIN;ADV;kommen;2;NZZ_1999_03_22_a188_seg11_s10;4;Full|3|Sg|Past|Ind;Es kam aber anders : Am 9. Mai mussten OKW und Führungsstab vor den Vertretern der alliierten Mächte in Berlin Karlshorst die bedingungslose Kapitulation unterzeichnen .;prozess;rein;done;;notwendig;nd;+;+;nd;nd;nd;nd;nd;nd;nd;nd;nd;nd;nd;nd;nd;nd;nd;nd;nd;nd
101;VVFIN;ADV;kommen;2;NZZ_1999_03_23_a47_seg7_s7;4;Full|3|Sg|Past|Ind;Manchmal kam es anders .;prozess;rein;done;;notwendig;nd;+;+;nd;nd;nd;nd;nd;nd;nd;nd;nd;nd;nd;nd;nd;nd;nd;nd;nd;nd
111;VMINF;ADV;kommen;59;NZZ_1999_11_20_a148_seg9_s25;56;Mod|-2;Die Berufung auf historische Notwendigkeiten oder ein schicksalhaftes Verhängnis ist ihm fremd, und dieser Zurückhaltung entspringt am Ende das eigentliche Geschenk, das Peter Gay den Deutschen heute machen kann : Als Historiker, der Fakten und Details mehr schätzt als grosse Entwürfe, gesteht er den Deutschen zu, dass es « auch anders hätte kommen können » .;prozess;rein;done;;notwendig;nd;+;+;nd;nd;nd;nd;nd;nd;nd;nd;nd;nd;nd;nd;nd;nd;nd;nd;nd;nd
24;VMFIN;ADV;können;5;NZZ_1998_03_12_a48_seg9_s10;7;Mod|3|Sg|Past|Subj;Zentrales Thema, wie könnte es anders sein : die « Frauenfrage » .;nd;nd;not of interest;"prädikativ; wrong head";;nd;nd;nd;nd;nd;nd;nd;nd;nd;nd;nd;nd;nd;nd;nd;nd;nd;nd;nd;nd;nd
31;VMFIN;ADV;können;3;NZZ_1998_07_25_a230_seg15_s20;2;Mod|3|Sg|Past|Subj;Wie anders könnte man den Bombenanschlag auf den heiligen Zahntempel in Kandy im Februar dieses Jahres erklären ? »;nd;nd;not of interest;Vergleich;;nd;nd;nd;nd;nd;nd;nd;nd;nd;nd;nd;nd;nd;nd;nd;nd;nd;nd;nd;nd;nd
33;VMFIN;ADV;können;49;NZZ_1999_02_09_a169_seg8_s12;51;Mod|3|Sg|Past|Subj;"Eine Rarität auf dieser Messe ist auch ein vergoldetes Trinkgefäss in Form eines Storchs beim Zürcher Silberspezialisten Payer : Das originelle Gefäss stammt aus Danzig ( 1616-1620 ) und ist mit der Meistermarke Daniel Wirtwein versehen ; im Schnabel trägt der 200 000 Franken teure Storch - wie könnte es anders sein - ein Wickelkind .";nd;nd;not of interest;"prädikativ; wrong head";;nd;nd;nd;nd;nd;nd;nd;nd;nd;nd;nd;nd;nd;nd;nd;nd;nd;nd;nd;nd;nd
58;VMFIN;ADV;können;7;NZZ_1999_11_06_a16_seg3_s2;9;Mod|3|Sg|Pres|Ind;Ministerpräsident António Guterres vom Partido Socialista kann - anders als beim Antritt seiner ersten Regierung vor vier Jahren - mit keiner neuen Schonfrist rechnen .;nd;nd;not of interest;"Vergleich; Parenthese";;nd;nd;nd;nd;nd;nd;nd;nd;nd;nd;nd;nd;nd;nd;nd;nd;nd;nd;nd;nd;nd
62;VMFIN;ADV;können;14;NZZ_1996_03_09_a81_seg3_s23;13;Mod|3|Sg|Pres|Ind;Hier hintanzustehen und unter Umständen zuzuwarten, bis man wirklich nicht mehr anders kann, wäre fatal .;prozess;rein;done;;frei;nd;+;+;nd;nd;nd;nd;nd;nd;nd;nd;nd;nd;nd;nd;nd;nd;nd;nd;nd;nd
83;VMFIN;ADV;können;3;NZZ_1997_10_14_a200_seg7_s14;2;Mod|3|Sg|Past|Subj;Wie anders könnte man denn zeigen, dass und warum die Geschichte der Rechte ein mitreissendes Thema ist ?;nd;nd;done;Vergleich;frei;nd;nd;nd;nd;nd;nd;nd;nd;nd;nd;nd;nd;nd;nd;nd;nd;nd;nd;nd;nd;nd
85;VMFIN;ADV;können;25;NZZ_1997_02_24_a24_seg7_s7;24;Mod|-2;Einiges deutet darauf hin, dass die von Peter Bodenmann selber ins Spiel gebrachten Nationalräte Francesco Cavalli und Andrea Hämmerle bald nicht mehr anders können, als ins Rennen zu steigen .;prozess;rein;done;;frei;nd;+;+;nd;nd;nd;nd;nd;nd;nd;nd;nd;nd;nd;nd;nd;nd;nd;nd;nd;nd
99;VMFIN;ADV;können;17;NZZ_1997_01_17_a23_seg9_s5;11;Mod|3|Pl|Pres|Ind;Der mittelalterliche Inquisitor hätte auch nicht geglaubt, dass Straftäter anders als durch Folter überführt werden können .;nd;nd;not of interest;Vergleich;;nd;nd;nd;nd;nd;nd;nd;nd;nd;nd;nd;nd;nd;nd;nd;nd;nd;nd;nd;nd;nd
102;VMFIN;ADV;können;9;NZZ_1999_04_30_a290_seg5_s4;13;Mod|1|Pl|Pres|Ind;Aber wenn unsere Welt zur Fabel wurde, können wir sie dann anders darstellen als eben mit Hilfe von Fabeln und Fiktionen ?;prozess;rein;done;Vergleich;frei;nd;+;+;nd;nd;nd;nd;nd;nd;nd;nd;nd;nd;nd;nd;nd;nd;nd;nd;nd;nd
114;VMFIN;ADV;können;5;NZZ_1995_05_31_a130_seg8_s1;7;Mod|1|Pl|Pres|Ind;ARD, 21.05 Wir können auch anders;nd;nd;not of interest;fest;;nd;nd;nd;nd;nd;nd;nd;nd;nd;nd;nd;nd;nd;nd;nd;nd;nd;nd;nd;nd;nd
170;VMFIN;ADV;können;20;NZZ_1996_05_30_a237_seg11_s14;31;Mod|3|Pl|Pres|Ind;Die beiden verwandten Sozialstaaten Österreich und Schweden haben den windungsreichen Pfad der Rückkehr zu gesünderen Staatsfinanzen eingeschlagen - sie können angesichts der verbindlichen Maastricht-Kriterien in der EU auch nicht gut anders .;prozess;rein;done;;frei;nd;+;+;nd;nd;nd;nd;nd;nd;nd;nd;nd;nd;nd;nd;nd;nd;nd;nd;nd;nd
186;VMFIN;ADV;können;3;NZZ_1995_11_14_a101_seg5_s8;2;Mod|3|Pl|Past|Subj;Wie anders könnten die allgegenwärtigen Chagalls und Picassos um ein Vielfaches teurer sein als altmeisterliche Raritäten ?;prozess;rein;done;;frei;nd;+;+;nd;nd;nd;nd;nd;nd;nd;nd;nd;nd;nd;nd;nd;nd;nd;nd;nd;nd
198;VMFIN;ADV;können;7;NZZ_1993_04_06_a44_seg8_s2;3;Mod|3|Sg|Pres|Ind;« Wer anders als die Berufskollegen kann die Sache besser beurteilen », sagt er .;nd;nd;not of interest;ModNP;;nd;nd;nd;nd;nd;nd;nd;nd;nd;nd;nd;nd;nd;nd;nd;nd;nd;nd;nd;nd;nd
81;VVFIN;ADV;laufen;4;NZZ_1995_04_28_a157_seg10_s4;8;Full|3|Pl|Pres|Ind;Denn in Deutschland laufen die TV-Uhren immer anders - gewinnorientiert .;prozess;rein;done;;frei;nd;+;+;nd;nd;nd;nd;nd;nd;nd;nd;nd;nd;nd;nd;nd;nd;nd;nd;nd;nd
119;VVFIN;ADV;lauten;55;NZZ_1997_07_25_a181_seg2_s1;54;Full|3|Sg|Pres|Ind;Müssen wir damit leben, dass in Programmen wie dem « Blickpunkt » des ORF 2 in einem Film ( « Hitlers Hehler - Nazigold auf Schweizer Banken » ) zwar deutlich gesagt wird, es sei nicht bewiesen, dass auch nur ein Gramm Zahngold hierherkam, dass aber der Vorspann ganz anders lautet ?;prozess;rein;done;;notwendig;nd;+;+;nd;nd;nd;nd;nd;nd;nd;nd;nd;nd;nd;nd;nd;nd;nd;nd;nd;nd
97;VVPP;ADV;lesen;14;NZZ_1995_10_10_a223_seg9_s25;13;Full|Psp;Müsste nicht plötzlich alles neu und - ganz in Foucaults Stil - anders gelesen werden ?;prozess;rein;done;;frei;nd;+;+;nd;nd;nd;nd;nd;nd;nd;nd;nd;nd;nd;nd;nd;nd;nd;nd;nd;nd
20;VVFIN;ADV;liegen;17;NZZ_1998_02_06_a62_seg1_s9;16;Full|3|Pl|Pres|Ind;Zugleich hat er damit jedoch den letzten Beweis dafür angetreten, dass seine Prioritäten irgendwo anders liegen .;nd;nd;not of interest;"ModADV; wrong head";;nd;nd;nd;nd;nd;nd;nd;nd;nd;nd;nd;nd;nd;nd;nd;nd;nd;nd;nd;nd;nd
124;VVFIN;ADV;liegen;8;NZZ_1999_04_21_a45_seg10_s8;7;Full|3|Sg|Pres|Ind;Dass die Auseinandersetzung auf dem Balkan anders liegt als seinerzeit ein möglicher Krieg zwischen den Blöcken, wird gelegentlich übersehen .;prozess;rein;done;;notwendig;nd;+;+;nd;nd;nd;nd;nd;nd;nd;nd;nd;nd;nd;nd;nd;nd;nd;nd;nd;nd
125;VVFIN;ADV;liegen;3;NZZ_1997_10_15_a169_seg13_s6;2;Full|3|Pl|Past|Ind;Ganz anders lagen die Verhältnisse auf dem nord-süd-orientierten amerikanischen Kontinent .;prozess;rein;done;;notwendig;nd;+;+;nd;nd;nd;nd;nd;nd;nd;nd;nd;nd;nd;nd;nd;nd;nd;nd;nd;nd
126;VVFIN;ADV;liegen;3;NZZ_1999_08_13_a215_seg2_s10;2;Full|3|Pl|Pres|Ind;Völlig anders liegen die Verhältnisse beim Einbau einer Resistenz gegen Pilzkrankheiten .;prozess;rein;done;;notwendig;nd;+;+;nd;nd;nd;nd;nd;nd;nd;nd;nd;nd;nd;nd;nd;nd;nd;nd;nd;nd
10;VVFIN;ADV;machen;7;NZZ_1995_11_11_a189_seg7_s4;3;Full|3|Sg|Pres|Ind;Oder noch anders : Ein Mann macht immer dieselbe Erfahrung und schreibt stets dieselbe Geschichte, nur gibt er seine alte Erfahrung für eine neue Geschichte aus .;nd;nd;not of interest;unvollständiger Satz;;nd;nd;nd;nd;nd;nd;nd;nd;nd;nd;nd;nd;nd;nd;nd;nd;nd;nd;nd;nd;nd
12;VVINF;ADV;machen;20;NZZ_1996_10_17_a151_seg3_s9;19;Full|-2;Er räumte ein, dass nicht immer alles optimal vertraglich geregelt worden sei, und er heute vieles anders machen würde ( beispielsweise den Entsorgungsauftrag und den Entwicklungsauftrag in getrennten Verträgen regeln ) .;prozess;rein;done;;frei;nd;+;+;nd;nd;nd;nd;nd;nd;nd;nd;nd;nd;nd;nd;nd;nd;nd;nd;nd;nd
120;VVINF;ADV;machen;4;NZZ_1994_04_27_a166_seg29_s9;3;Full|3|Pl|Pres|Ind;Was Frauen anders machen als Männer .;prozess;rein;done;Vergleich;frei;nd;+;+;nd;nd;nd;nd;nd;nd;nd;nd;nd;nd;nd;nd;nd;nd;nd;nd;nd;nd
177;VVPP;ADV;machen;21;NZZ_1996_06_15_a24_seg9_s2;2;Full|Psp;Nicht anders als Lerner in der sogenannten Musterkapitale Curitiba hatte sich Azeredo zuvor als Bürgermeister von Belo Horizonte einen Namen gemacht, und sein gewählter Nachfolger, Patros Ananias von der linkssozialdemokratischen Arbeiterpartei ( PT ), scheint in seine Fussstapfen zu treten .;nd;nd;not of interest;Vergleich;;nd;nd;nd;nd;nd;nd;nd;nd;nd;nd;nd;nd;nd;nd;nd;nd;nd;nd;nd;nd;nd
75;VVFIN;ADV;meiden;11;NZZ_1999_02_13_a66_seg5_s6;14;Full|3|Sg|Past|Ind;Wohl um grössere Staus auf der Tanzfläche zu verhindern, mied sie, anders als die in ein rosarotes Armanikostüm gekleidete Dunaway, das Parkett .;nd;nd;not of interest;Vergleich;;nd;nd;nd;nd;nd;nd;nd;nd;nd;nd;nd;nd;nd;nd;nd;nd;nd;nd;nd;nd;nd
184;VMFIN;ADV;müssen;32;NZZ_1999_06_25_a226_seg4_s7;27;Mod|3|Sg|Past|Ind;"Mit der Divx wollten die Systemerfinder die Videotheken überflüssig machen : Eine Divx-Scheibe kostete lediglich vier bis fünf Dollar - so viel wie ein Leihvideo ; anders als eine geliehene Videokassette musste man eine Divx nach Ablauf der Ausleihfrist nicht zurückbringen .";nd;nd;not of interest;Vergleich;;nd;nd;nd;nd;nd;nd;nd;nd;nd;nd;nd;nd;nd;nd;nd;nd;nd;nd;nd;nd;nd
161;VVIZU;ADV;nahebringen;34;NZZ_1996_11_11_a79_seg3_s8;19;Full|zu;Ins All darf man sie begleiten : die Nasa habe sie in den Weltraum geschickt, weil niemand anders so gut die positiven Werte und Ideale der amerikanischen Kultur den Bewohnern fremder Planeten nahezubringen wisse .;nd;nd;not of interest;false hit;;nd;nd;nd;nd;nd;nd;nd;nd;nd;nd;nd;nd;nd;nd;nd;nd;nd;nd;nd;nd;nd
104;VVFIN;ADV;nehmen;13;NZZ_1999_07_08_a137_seg3_s20;17;Full|3|Pl|Pres|Ind;Eine treffende Charakterisierung, denn Erinnerungen an den Rock der sechziger Jahre nehmen sich meist nicht anders aus als ein gutbürgerliches Klassentreffen mit seinen verklärten Erinnerungen zwanzig Jahre nach Verlassen der Schulbank .;prozess;rein;not of interest;sd;;nd;+;+;nd;nd;nd;nd;nd;nd;nd;nd;nd;nd;nd;nd;nd;nd;nd;nd;nd;nd
128;VVINF;ADV;positionieren;43;NZZ_1999_03_29_a137_seg9_s3;33;Full|-2;In einem Jahr findet die Veranstaltung neu im Februar statt, was Sportchef Fuchs, an dem die OK-Präsidenten Urs und Rolf Theiler festhalten, dazu nutzen will, das Turnier etwas anders ( mit einer Tour für junge Pferde ) zu positionieren .;prozess;rein;done;;frei;nd;+;+;nd;nd;nd;nd;nd;nd;nd;nd;nd;nd;nd;nd;nd;nd;nd;nd;nd;nd
37;VVFIN;ADV;präsentieren;3;NZZ_1994_09_16_a116_seg8_s4;2;Full|3|Sg|Pres|Ind;Etwas anders präsentiert sich das Provisorium in der alten Kaserne .;prozess;rein;done;;frei;nd;+;+;nd;nd;nd;nd;nd;nd;nd;nd;nd;nd;nd;nd;nd;nd;nd;nd;nd;nd
107;VVFIN;ADV;präsentieren;2;NZZ_1995_08_05_a163_seg13_s11;4;Full|3|Pl|Past|Ind;Wegwerfgewohnheiten präsentierten sich anders als das, was man gemeinhin darüber sage und schreibe .;prozess;rein;done;Vergleich;frei;nd;+;+;nd;nd;nd;nd;nd;nd;nd;nd;nd;nd;nd;nd;nd;nd;nd;nd;nd;nd
74;VVFIN;ADV;reagieren;2;NZZ_1999_01_19_a25_seg5_s8;5;Full|3|Sg|Past|Ind;Maitre reagierte damit ganz anders als der CVP-Generalsekretär Gernet, der die Äusserungen Beerlis als unerwünschte und unnötige « Belehrungen » zurückgewiesen hatte .;prozess;rein;done;Vergleich;frei;nd;+;+;nd;nd;nd;nd;nd;nd;nd;nd;nd;nd;nd;nd;nd;nd;nd;nd;nd;nd
130;VVPP;ADV;reagieren;3;NZZ_1995_03_10_a146_seg3_s3;2;Full|3|Sg|Pres|Ind;Ganz anders reagiert die Luzerner Polizei : sie hat jugendliche Sprayer gejagt und wie Schwerverbrecher verhört .;prozess;rein;done;;frei;nd;+;+;nd;nd;nd;nd;nd;nd;nd;nd;nd;nd;nd;nd;nd;nd;nd;nd;nd;nd
93;VVFIN;ADV;rechnen;5;NZZ_1998_05_09_a33_seg6_s1;7;Full|3|Sg|Past|Ind;Die IDA FiSo 1 rechnete noch anders;prozess;rein;done;;frei;nd;+;+;nd;nd;nd;nd;nd;nd;nd;nd;nd;nd;nd;nd;nd;nd;nd;nd;nd;nd
121;VVFIN;ADV;rechnen;15;NZZ_1998_03_18_a213_seg6_s7;14;Full|-2;Der neue Ansatz in der Neuroinformatik entspringt der Einsicht, dass neuronale Systeme anders rechnen als ein Computer .;prozess;rein;done;Vergleich;frei;nd;+;+;nd;nd;nd;nd;nd;nd;nd;nd;nd;nd;nd;nd;nd;nd;nd;nd;nd;nd
7;VVFIN;ADV;regulieren;23;NZZ_1999_10_27_a153_seg8_s1;22;Full|3|Pl|Pres|Ind;Die Sexualgesetzgebung Colorados ist nur ein winziger Ausschnitt aus der Fülle von detaillierten Gesetzen, die das Sexualleben in jedem Gliedstaat anders regulieren .;prozess;rein;done;;frei;nd;+;+;nd;nd;nd;nd;nd;nd;nd;nd;nd;nd;nd;nd;nd;nd;nd;nd;nd;nd
98;VVINF;ADV;sagen;12;NZZ_1997_09_15_a136_seg3_s9;11;Full|-2;Rund 85 Minuten war es - man kann es nicht anders sagen - eine Partie zum Einschlafen .;prozess;rein;done;;frei;nd;+;+;nd;nd;nd;nd;nd;nd;nd;nd;nd;nd;nd;nd;nd;nd;nd;nd;nd;nd
132;VVPP;ADV;sagen;6;NZZ_1995_07_26_a119_seg9_s3;5;Full|Psp;Deren Stimmenanteil war, anders gesagt, im Vergleich zwischen den Gemeinden um so höher, je mehr Stimmen die eigene Partei bei den Kantonsratswahlen erzielte .;prozess;rein;done;;frei;nd;+;+;nd;nd;nd;nd;nd;nd;nd;nd;nd;nd;nd;nd;nd;nd;nd;nd;nd;nd
162;VMFIN;ADV;sagen;6;NZZ_1994_03_29_a119_seg3_s20;8;Mod|3|Sg|Pres|Ind;Auf der Bühne, man kann es anders nicht sagen, wird gebrüllt, was das Zeug hält .;prozess;rein;done;;frei;nd;+;+;nd;nd;nd;nd;nd;nd;nd;nd;nd;nd;nd;nd;nd;nd;nd;nd;nd;nd
112;VVFIN;ADV;schreiben;13;NZZ_1997_02_08_a216_seg12_s19;14;Full|3|Pl|Past|Ind;Fraglich ist aber vor allem die der Auswahl zugrundeliegende Annahme, Frauen schrieben anders und die Frauen « von den Rändern » erst recht .;prozess;rein;done;;frei;nd;+;+;nd;nd;nd;nd;nd;nd;nd;nd;nd;nd;nd;nd;nd;nd;nd;nd;nd;nd
116;VVPP;ADV;schreiben;12;NZZ_1998_12_02_a133_seg7_s23;11;Full|Psp;Ibsen jedoch hätte seine Stücke ohne Tschechow und Strindberg nicht anders geschrieben .;prozess;rein;done;;frei;nd;+;+;nd;nd;nd;nd;nd;nd;nd;nd;nd;nd;nd;nd;nd;nd;nd;nd;nd;nd
8;VVFIN;ADV;sehen;2;NZZ_1996_11_23_a25_seg10_s13;5;Full|3|Sg|Pres|Ind;Anscheinend sieht er das anders .;prozess;rein;done;;frei;nd;+;+;nd;nd;nd;nd;nd;nd;nd;nd;nd;nd;nd;nd;nd;nd;nd;nd;nd;nd
103;VVINF;ADV;sehen;17;NZZ_1997_02_14_a187_seg3_s10;16;Full|3|Pl|Pres|Ind;Das Schweizer Fernsehen DRS zeigt von Februar bis November 1997 unter dem Titel « Musik anders sehen » eine zehnteilige Marthaler-Retrospektive mit vierundzwanzig Produktionen, die zwischen 1980 und 1992 entstanden sind .;prozess;rein;done;;frei;nd;+;+;nd;nd;nd;nd;nd;nd;nd;nd;nd;nd;nd;nd;nd;nd;nd;nd;nd;nd
113;VVPP;ADV;sehen;12;NZZ_1994_06_30_a95_seg9_s11;11;Full|Psp;Dass die grundsätzliche Bedeutung eines Urteils allerdings vom Gerichte bisweilen anders gesehen wird als vom Prozessbeobachter, ist hier schon mehrfach erwähnt worden .;prozess;rein;done;;frei;nd;+;+;nd;nd;nd;nd;nd;nd;nd;nd;nd;nd;nd;nd;nd;nd;nd;nd;nd;nd
133;VVFIN;ADV;sehen;18;NZZ_1999_03_11_a58_seg4_s8;20;Full|3|Sg|Pres|Ind;Wir sollten uns auch hüten, Zeitungs- oder Fernsehberichte für bare Münze zu nehmen - vor Ort sieht vieles anders aus .;prozess;rein;done;;notwendig;nd;+;+;nd;nd;nd;nd;nd;nd;nd;nd;nd;nd;nd;nd;nd;nd;nd;nd;nd;nd
134;VVPP;ADV;sehen;22;NZZ_1996_10_22_a70_seg11_s15;21;Full|Psp;Unter diesen Aspekten sollte es deshalb nicht verwundern, wenn der Einsatz des knappen Gutes Kapital bei verschiedenen Unternehmungen heute anders gesehen wird als noch vor ein paar Jahren .;prozess;rein;done;;notwendig;nd;+;+;nd;nd;nd;nd;nd;nd;nd;nd;nd;nd;nd;nd;nd;nd;nd;nd;nd;nd
136;VVFIN;ADV;sehen;4;NZZ_1998_09_14_a30_seg3_s1;8;Full|3|Sg|Pres|Ind;Fern von Bonn sieht der deutsche Wahlkampf anders aus .;prozess;rein;done;;notwendig;nd;+;+;nd;nd;nd;nd;nd;nd;nd;nd;nd;nd;nd;nd;nd;nd;nd;nd;nd;nd
137;VVFIN;ADV;sehen;6;NZZ_1995_02_22_a178_seg14_s13;9;Full|3|Sg|Pres|Ind;Im Bereich der digitalen Amateurphotographie sieht es völlig anders aus .;prozess;rein;done;;notwendig;nd;+;+;nd;nd;nd;nd;nd;nd;nd;nd;nd;nd;nd;nd;nd;nd;nd;nd;nd;nd
141;VVFIN;ADV;sehen;12;NZZ_1994_10_15_a122_seg38_s5;15;Full|3|Sg|Past|Ind;Genauer : nicht mehr, denn noch vor knapp einer Generation sah es grundlegend anders aus .;prozess;rein;done;;notwendig;nd;+;+;nd;nd;nd;nd;nd;nd;nd;nd;nd;nd;nd;nd;nd;nd;nd;nd;nd;nd
146;VVFIN;ADV;sehen;22;NZZ_1998_02_16_a145_seg4_s4;24;Full|3|Sg|Pres|Subj;"Diesmal sei er noch von allem sehr beeindruckt gewesen, gab der Volleyball-Fan und Bücherwurm zu ; in vier Jahren aber sehe es anders aus .";prozess;rein;done;;notwendig;nd;+;+;nd;nd;nd;nd;nd;nd;nd;nd;nd;nd;nd;nd;nd;nd;nd;nd;nd;nd
147;VVFIN;ADV;sehen;8;NZZ_1995_06_29_a139_seg3_s12;12;Full|3|Pl|Pres|Ind;Die Adepten einer « neuen Revolution » sehen das naturgemäss etwas anders .;prozess;rein;done;;notwendig;nd;+;+;nd;nd;nd;nd;nd;nd;nd;nd;nd;nd;nd;nd;nd;nd;nd;nd;nd;nd
149;VVFIN;ADV;sehen;3;NZZ_1998_10_15_a140_seg9_s2;7;Full|3|Sg|Pres|Ind;Und hier sieht das Problem nochmals anders aus : Auf den Pneus ist mittels Buchstabencodes die Maximalgeschwindigkeit ablesbar ( Q für 160, T für 190, H für 210 und V für maximal 240 km/h ) .;prozess;rein;done;;notwendig;nd;+;+;nd;nd;nd;nd;nd;nd;nd;nd;nd;nd;nd;nd;nd;nd;nd;nd;nd;nd
151;VVFIN;ADV;sehen;3;NZZ_1996_04_15_a132_seg5_s8;5;Full|3|Sg|Past|Ind;Die Wirklichkeit sah allerdings anders aus : im Mittelfeld hatte etwa Vercruysse wohl am meisten Ballkontakte, dennoch schien er vielfach in einen Trott zu verfallen - Überraschungseffekte blieben in seinen Zuspielen aus .;prozess;rein;done;;notwendig;nd;+;+;nd;nd;nd;nd;nd;nd;nd;nd;nd;nd;nd;nd;nd;nd;nd;nd;nd;nd
152;VVFIN;ADV;sehen;3;NZZ_1998_01_09_a24_seg9_s1;2;Full|3|Sg|Pres|Ind;Ganz anders sieht die Optik der Unita aus .;prozess;rein;done;;notwendig;nd;+;+;nd;nd;nd;nd;nd;nd;nd;nd;nd;nd;nd;nd;nd;nd;nd;nd;nd;nd
155;VVFIN;ADV;sehen;5;NZZ_1995_11_17_a152_seg3_s4;8;Full|3|Sg|Pres|Ind;Die Endabrechnung des Regierungsrates sieht nun etwas anders aus .;prozess;rein;done;;notwendig;nd;+;+;nd;nd;nd;nd;nd;nd;nd;nd;nd;nd;nd;nd;nd;nd;nd;nd;nd;nd
157;VVFIN;ADV;sehen;3;NZZ_1998_10_30_a232_seg2_s5;2;Full|3|Sg|Pres|Ind;Ganz anders sieht dagegen die von uns zwangsweise bezahlte Berichterstattung von Radio DRS aus : In der gleichen Sendung wurde kürzlich vom Diktator Pinochet, mit Nennung der Zahl von ihm Ermordeter, und von « Präsident » Milosevic berichtet, ohne des letzteren Schandtaten auch nur anzudeuten .;prozess;rein;done;;notwendig;nd;+;+;nd;nd;nd;nd;nd;nd;nd;nd;nd;nd;nd;nd;nd;nd;nd;nd;nd;nd
169;VVFIN;ADV;sehen;5;NZZ_1994_07_27_a166_seg2_s10;7;Full|3|Pl|Pres|Ind;Margrets erwachsene Kinder allerdings sehen das anders .;prozess;rein;done;;frei;nd;+;+;nd;nd;nd;nd;nd;nd;nd;nd;nd;nd;nd;nd;nd;nd;nd;nd;nd;nd
181;VVFIN;ADV;sehen;3;NZZ_1998_09_04_a158_seg10_s1;2;Full|3|Sg|Pres|Ind;Ganz anders sieht es ein grosser Teil der Höngger Bevölkerung .;prozess;rein;done;;frei;nd;+;+;nd;nd;nd;nd;nd;nd;nd;nd;nd;nd;nd;nd;nd;nd;nd;nd;nd;nd
197;VVFIN;ADV;sehen;11;NZZ_1993_04_06_a30_seg2_s8;19;Full|3|Sg|Pres|Ind;Ganz offensichtlich spielt aber auch der Prestigewert eine Rolle, sieht doch die Welt vom erhöhten Sitz ganz anders aus .;prozess;rein;done;;notwendig;nd;+;+;nd;nd;nd;nd;nd;nd;nd;nd;nd;nd;nd;nd;nd;nd;nd;nd;nd;nd
158;VVPP;ADV;setzen;14;NZZ_1998_10_26_a174_seg3_s15;13;Full|Psp;Aber Düsseldorf liegt in Zentraleuropa, wo die Akzente in der Wertung anders gesetzt werden : Da zählen Treffer, egal, wie wirksam sie waren, mehr als brachiale Dominanz .;prozess;rein;done;;frei;nd;+;+;nd;nd;nd;nd;nd;nd;nd;nd;nd;nd;nd;nd;nd;nd;nd;nd;nd;nd
193;VVFIN;ADV;setzen;10;NZZ_1993_04_03_a168_seg4_s4;16;Full|3|Pl|Pres|Ind;Allerdings - und das ist die wichtige Qualifizierung - setzen sich die effektiv abgeflossenen Mittel anders zusammen, als in München geplant wurde .;prozess;rein;done;;frei;nd;+;+;nd;nd;nd;nd;nd;nd;nd;nd;nd;nd;nd;nd;nd;nd;nd;nd;nd;nd
196;VVFIN;ADV;setzen;55;NZZ_1993_04_06_a23_seg12_s8;52;Full|3|Pl|Past|Ind;"Ein belgischer Techniker von Gécamines, der seinen kaum benützbaren Arbeitsplatz für einmal als Journalistenbegleiter verlassen hat, fordert die Diskussionsrunde der Sinistrés mit der Bemerkung heraus, an Widerstand hätten sie bisher noch gar nichts gezeigt ; Mobutu und seine Schergen würden sie nie los, solange sie sich nicht anders zur Wehr setzten .";prozess;rein;done;;frei;nd;+;+;nd;nd;nd;nd;nd;nd;nd;nd;nd;nd;nd;nd;nd;nd;nd;nd;nd;nd
47;VMFIN;ADV;sollen;7;NZZ_1995_06_20_a105_seg3_s2;2;Mod|3|Sg|Pres|Ind;Wie anders als schwungvoll vor allem soll man Robert Schumanns a-Moll-Klavierkonzert op. 54 spielen ?;prozess;rein;not of interest;Vergleich;;nd;+;+;nd;nd;nd;nd;nd;nd;nd;nd;nd;nd;nd;nd;nd;nd;nd;nd;nd;nd
108;VMFIN;ADV;sollen;3;NZZ_1993_08_07_a70_seg11_s19;6;Mod|3|Sg|Past|Subj;Aber wie sollte es auch anders sein, besteht doch hier ganz zweifellos eine wesentliche innere Verwandtschaft, ein ähnlich unablässiges Verfolgtwerden vom Tod als wilde Todessehnsucht und versteinernde Todesangst .;nd;nd;not of interest;"prädikativ; wrong head";;nd;nd;nd;nd;nd;nd;nd;nd;nd;nd;nd;nd;nd;nd;nd;nd;nd;nd;nd;nd;nd
153;VMFIN;ADV;sollen;9;NZZ_1994_03_19_a222_seg3_s1;11;Mod|3|Sg|Past|Ind;Auf der Insel der Inselentdecker wohnten - wie sollte es anders sein - die Inselentdecker .;nd;nd;not of interest;"prädikativ; wrong head";;nd;nd;nd;nd;nd;nd;nd;nd;nd;nd;nd;nd;nd;nd;nd;nd;nd;nd;nd;nd;nd
173;VMFIN;ADV;sollen;52;NZZ_1998_02_27_a19_seg6_s10;50;Mod|3|Sg|Pres|Ind;"Skeptisch stimmt allerdings die ebenfalls erhobene Behauptung, dieser Aufschwung und namentlich die Industrialisierungsansätze seien ganz ohne negative Nebenerscheinungen wie etwa Umweltschäden vor sich gegangen ; angesichts der geradezu extremen Umweltschäden, welche die Industrialisierung im restlichen China begleiten, ist nicht ersichtlich, warum das ausgerechnet in Tibet anders sein soll .";nd;nd;not of interest;"prädikativ; wrong head";;nd;nd;nd;nd;nd;nd;nd;nd;nd;nd;nd;nd;nd;nd;nd;nd;nd;nd;nd;nd;nd
195;VMFIN;ADV;sollen;7;NZZ_1993_04_05_a150_seg5_s1;9;Mod|3|Sg|Past|Ind;Der nacholympische Alltag ist, wie sollte es anders sein, nicht ungetrübt .;nd;nd;not of interest;prädikativ;;nd;nd;nd;nd;nd;nd;nd;nd;nd;nd;nd;nd;nd;nd;nd;nd;nd;nd;nd;nd;nd
172;VVFIN;ADV;sparen;28;NZZ_1995_11_01_a142_seg2_s5;2;Full|3|Sg|Pres|Ind;Doch anders als Merle Haggard, der ebenfalls - mit seiner patriotischen Nachhilfehymne « Okie from Muskogee » - in die falsche politische Ecke gestellt wurde, spart Hubbard in « Up Against The Wall ( Redneck Mother ) » keineswegs mit sozialkritischen und ironischen Kommentaren .;nd;nd;not of interest;Vergleich;;nd;nd;nd;nd;nd;nd;nd;nd;nd;nd;nd;nd;nd;nd;nd;nd;nd;nd;nd;nd;nd
44;VVFIN;ADV;spielen;24;NZZ_1994_10_13_a28_seg9_s3;10;Full|-2;Hierzu zählen die regimenahen Eliten der DDR, die anders als in den übrigen ehemaligen sowjetischen Satellitenstaaten keine Rolle mehr im öffentlichen Leben spielen .;nd;nd;not of interest;Vergleich;;nd;nd;nd;nd;nd;nd;nd;nd;nd;nd;nd;nd;nd;nd;nd;nd;nd;nd;nd;nd;nd
4;VVFIN;ADV;Sprechen;4;NZZ_1998_04_17_a254_seg14_s48;6;Reg|Nom|Sg|Neut;Jaroslav Kilian : Sprechen Schwule anders als Heteros ?;prozess;rein;done;Vergleich;frei;nd;+;+;nd;nd;nd;nd;nd;nd;nd;nd;nd;nd;nd;nd;nd;nd;nd;nd;nd;nd
1;VVFIN;ADV;stehen;6;NZZ_1996_01_18_a1_seg4_s3;8;Full|3|Sg|Pres|Ind;In den Akten des Verfahrens steht es anders : Vier Unternehmen der Gruppe haben zur Erleichterung ihrer Steuerlast Bestechungsgelder im Gesamtumfang von 380 Millionen Lire ( umgerechnet etwa 285 000 Franken ) an die finanzpolizeilichen Revisoren abgeführt - eine allzu bescheidene Summe, um das Aufsehen zu rechtfertigen, das dem Verfahren in den Medien zukommt .;prozess;rein;done;;frei;nd;+;+;nd;nd;nd;nd;nd;nd;nd;nd;nd;nd;nd;nd;nd;nd;nd;nd;nd;nd
159;VVFIN;ADV;stehen;5;NZZ_1994_10_06_a181_seg5_s13;8;Full|3|Sg|Pres|Ind;Auf der andern Seite steht es nicht anders .;prozess;rein;done;;notwendig;nd;+;+;nd;nd;nd;nd;nd;nd;nd;nd;nd;nd;nd;nd;nd;nd;nd;nd;nd;nd
46;VVFIN;ADV;suchen;24;NZZ_1994_06_03_a213_seg28_s5;10;Full|3|Sg|Pres|Ind;In der theorieverliebten Szene Manhattans fiel Holl, der anders als die meisten seiner US-Kollegen die Legitimation der Architektur nicht ausserhalb der Baukunst sucht, durch sein Ziel auf, « to heighten phenomenal experience while simultaneously expressing meaning » .;nd;nd;not of interest;Vergleich;;nd;nd;nd;nd;nd;nd;nd;nd;nd;nd;nd;nd;nd;nd;nd;nd;nd;nd;nd;nd;nd
106;VVFIN;ADV;tönen;4;NZZ_1994_06_02_a76_seg4_s6;7;Full|3|Sg|Past|Ind;In der Plenardiskussion tönte es aber anders .;prozess;rein;done;;frei;nd;+;+;nd;nd;nd;nd;nd;nd;nd;nd;nd;nd;nd;nd;nd;nd;nd;nd;nd;nd
129;VVPP;ADV;überraschen;9;NZZ_1994_04_29_a125_seg3_s5;8;Full|Psp;Nun wurde die Öffentlichkeit erst einmal ganz anders überrascht : mit der Nachricht nämlich, dass die Biographie vorerst nicht erscheinen kann und es darum auch keine Werk-Einblicke und keine Lebens-Einsichten geben wird .;prozess;rein;done;;frei;nd;+;+;nd;nd;nd;nd;nd;nd;nd;nd;nd;nd;nd;nd;nd;nd;nd;nd;nd;nd
160;VVFIN;ADV;umgehen;13;NZZ_1996_11_25_a89_seg7_s6;12;Full|3|Pl|Pres|Ind;Im Fall der Biotechnologie etwa, mit der die Forscher ganz anders umgehen als seinerzeit mit der Atomtechnik, werde man einsehen, dass Pauschalverbote « wenig bringen, aber sehr viel zerstören » .;prozess;rein;done;;notwendig;nd;+;+;nd;nd;nd;nd;nd;nd;nd;nd;nd;nd;nd;nd;nd;nd;nd;nd;nd;nd
123;VVINF;ADV;verbuchen;3;NZZ_1995_08_17_a27_seg1_s1;2;Full|-2;Überschuss anders verbuchen;prozess;rein;done;title;frei;nd;+;+;nd;nd;nd;nd;nd;nd;nd;nd;nd;nd;nd;nd;nd;nd;nd;nd;nd;nd
166;VVPP;ADV;verfahren;14;NZZ_1999_02_13_a231_seg7_s21;13;Full|Psp;Es liege ja auf der Hand, dass bei der Jahresbenennung ganz anders verfahren werde, heisse ein Jahr doch vom 1. Januar an - zum Beispiel - « 1699 » .;prozess;rein;done;;notwendig;nd;+;+;nd;nd;nd;nd;nd;nd;nd;nd;nd;nd;nd;nd;nd;nd;nd;nd;nd;nd
23;VVFIN;ADV;verhalten;6;NZZ_1996_10_08_a44_seg3_s10;9;Full|3|Sg|Pres|Ind;Das Gipfeleis auf dem Mönch verhält sich damit anders als das in der allgemeinen Tendenz allerorten drastisch schmelzende Gletschereis .;prozess;rein;done;Vergleich;frei;nd;+;+;nd;nd;nd;nd;nd;nd;nd;nd;nd;nd;nd;nd;nd;nd;nd;nd;nd;nd
89;VAFIN;ADV;verhalten;12;NZZ_1998_10_03_a235_seg10_s18;10;Haben|3|Pl|Past|Subj;( Ob unsere Banken sich in solcher Lage wesentlich anders verhalten hätten, darf bezweifelt werden . );prozess;rein;done;;notwendig;nd;+;+;nd;nd;nd;nd;nd;nd;nd;nd;nd;nd;nd;nd;nd;nd;nd;nd;nd;nd
167;VVFIN;ADV;verhalten;4;NZZ_1998_06_19_a184_seg4_s42;8;Full|3|Sg|Past|Ind;Bei der USGA verhielt es sich zuletzt anders .;prozess;rein;done;;notwendig;nd;+;+;nd;nd;nd;nd;nd;nd;nd;nd;nd;nd;nd;nd;nd;nd;nd;nd;nd;nd
171;VVFIN;ADV;verhalten;14;NZZ_1994_07_20_a72_seg4_s17;17;Full|3|Sg|Pres|Subj;In einem längeren Telefongespräch mit den USA erklärt ihr die Mutter, es verhalte sich dort anders als in Amerika oder sonstwo .;prozess;rein;done;;notwendig;nd;+;+;nd;nd;nd;nd;nd;nd;nd;nd;nd;nd;nd;nd;nd;nd;nd;nd;nd;nd
174;VVFIN;ADV;verhalten;2;NZZ_1998_01_19_a157_seg3_s21;10;Full|3|Sg|Pres|Ind;Dies verhält sich im Fall von Andre Agassi ganz anders .;prozess;rein;done;;notwendig;nd;+;+;nd;nd;nd;nd;nd;nd;nd;nd;nd;nd;nd;nd;nd;nd;nd;nd;nd;nd
175;VVFIN;ADV;verlaufen;16;NZZ_1995_09_13_a36_seg8_s3;15;Full|Psp;Sollte sich diese Einschätzung als falsch erweisen und die Entwicklung in der EU völlig anders verlaufen als heute angenommen wird, so liegt es auf der Hand, das strategische Ziel zu revidieren .;prozess;rein;done;;notwendig;nd;+;+;nd;nd;nd;nd;nd;nd;nd;nd;nd;nd;nd;nd;nd;nd;nd;nd;nd;nd
178;VVFIN;ADV;verlaufen;5;NZZ_1999_08_23_a114_seg9_s3;7;Full|3|Sg|Pres|Ind;Ihre Suche nach Geldgebern verläuft zwar anders als erhofft, aber zum Glück leben sie in New York, wo jeder ein kleiner Künstler ist und man Stars beim Taxifahren kennenlernt .;prozess;rein;done;;notwendig;nd;+;+;nd;nd;nd;nd;nd;nd;nd;nd;nd;nd;nd;nd;nd;nd;nd;nd;nd;nd
180;VVINF;ADV;verlaufen;9;NZZ_1997_02_15_a217_seg3_s75;2;Full|Psp;Wie anders wäre die Geschichte dieses Jahrhunderts dann verlaufen !;prozess;rein;done;;notwendig;nd;+;+;nd;nd;nd;nd;nd;nd;nd;nd;nd;nd;nd;nd;nd;nd;nd;nd;nd;nd
185;VVINF;ADV;verlaufen;19;NZZ_1998_01_05_a97_seg3_s28;18;Full|-2;Jede Reiseschilderung trägt eben immer auch das Offene in sich : Die Reise durchs Leben hätte ganz anders verlaufen können ...;prozess;rein;done;;notwendig;nd;+;+;nd;nd;nd;nd;nd;nd;nd;nd;nd;nd;nd;nd;nd;nd;nd;nd;nd;nd
82;VVFIN;ADV;verraten;41;NZZ_1997_08_02_a112_seg5_s8;29;Full|3|Sg|Pres|Ind;In Amsterdam nun hat Piano für sein wissenschaftliches Vergnügungszentrum über dem vierspurigen Ij-Tunnel, einem eindrücklichen Ingenieurbau aus den sechziger Jahren, ein Gehäuse geschaffen, das - anders als die Kulturmaschine im Pariser Beaubourg - nichts von seinem Innenleben verrät .;nd;nd;not of interest;"Vergleich; Parenthese";;nd;nd;nd;nd;nd;nd;nd;nd;nd;nd;nd;nd;nd;nd;nd;nd;nd;nd;nd;nd;nd
5;VVPP;ADV;verstehen;30;NZZ_1995_09_16_a99_seg5_s2;29;Full|Psp;Die Orientalistin hätte für die Grosszügigkeit und Toleranz, welche der islamischen Tradition eingeschrieben ist, ein Zeichen setzen können, indem sie die « Satanischen Verse » anders verstanden hätte denn lediglich als « ironische Verunglimpfung » muslimischen Glaubens .;prozess;rein;done;;frei;nd;+;+;nd;nd;nd;nd;nd;nd;nd;nd;nd;nd;nd;nd;nd;nd;nd;nd;nd;nd
73;VVINF;ADV;verstehen;6;NZZ_1998_09_07_a97_seg7_s31;5;Full|-2;Man lernt hier Kunst anders verstehen .;prozess;rein;done;;frei;nd;+;+;nd;nd;nd;nd;nd;nd;nd;nd;nd;nd;nd;nd;nd;nd;nd;nd;nd;nd
199;VVINF;ADV;verstehen;6;NZZ_1993_04_06_a67_seg2_s3;4;Full|-2;Der Titel ist anders zu verstehen : Seit kurzer Zeit haben sich von den nicht weniger als sechzig Motor- und Helikopter-Flugschulen deren 43 zum Verband schweizerischer Flugschulen ( VSF ) zusammengeschlossen .;prozess;rein;done;;frei;nd;+;+;nd;nd;nd;nd;nd;nd;nd;nd;nd;nd;nd;nd;nd;nd;nd;nd;nd;nd
63;VVPP;ADV;verteilen;6;NZZ_1999_05_10_a28_seg6_s7;5;Full|Psp;Ferner soll die Arbeit anders verteilt werden .;prozess;rein;done;;frei;nd;+;+;nd;nd;nd;nd;nd;nd;nd;nd;nd;nd;nd;nd;nd;nd;nd;nd;nd;nd
76;VVPP;ADV;verteilen;8;NZZ_1996_05_09_a200_seg3_s37;7;Full|Psp;Dabei waren die Karten einmal ganz anders verteilt .;prozess;rein;done;;frei;nd;+;+;nd;nd;nd;nd;nd;nd;nd;nd;nd;nd;nd;nd;nd;nd;nd;nd;nd;nd
84;VVPP;ADV;verteilen;8;NZZ_1996_11_21_a173_seg34_s3;7;Full|Psp;So soll unter anderem die Wohnfläche anders verteilt werden .;prozess;rein;done;;frei;nd;+;+;nd;nd;nd;nd;nd;nd;nd;nd;nd;nd;nd;nd;nd;nd;nd;nd;nd;nd
109;VVPP;ADV;vorgehen;11;NZZ_1995_06_07_a6_seg9_s2;7;Full|Psp;Gegen die Risiken der Gentechnik soll anders als mit Verboten vorgegangen werden .;prozess;rein;done;Vergleich;frei;nd;+;+;nd;nd;nd;nd;nd;nd;nd;nd;nd;nd;nd;nd;nd;nd;nd;nd;nd;nd
187;VVINF;ADV;vorgehen;11;NZZ_1998_09_05_a52_seg18_s11;10;Full|-2;Und weil man sich hier kennt, kann man anders vorgehen .;prozess;rein;done;;frei;nd;+;+;nd;nd;nd;nd;nd;nd;nd;nd;nd;nd;nd;nd;nd;nd;nd;nd;nd;nd
165;VVPP;ADV;vornehmen;22;NZZ_1996_05_23_a68_seg3_s3;21;Full|Psp;So hat etwa die Forderung des Verfassungsgerichts, wonach mit Blick auf die Erbschaftssteuer die Bewertung von Grundvermögen nicht grundsätzlich anders vorgenommen werden dürfe als die Bewertung von Kapital, zur Abschaffung der Vermögenssteuer auf Betriebsvermögen per Jahresbeginn 1997 geführt .;prozess;rein;done;;frei;nd;+;+;nd;nd;nd;nd;nd;nd;nd;nd;nd;nd;nd;nd;nd;nd;nd;nd;nd;nd
65;VVPP;ADV;vorstellen;16;NZZ_1995_06_12_a148_seg3_s16;15;Full|Psp;Für Martin Brunner, der sich seine erste Saison nach dem Wegzug aus Zürich anders vorgestellt hatte, liegt einer der Hauptgründe der enttäuschenden Leistungen des Léman-Teams an der fehlenden konditionellen Basis .;prozess;rein;done;;frei;nd;+;+;nd;nd;nd;nd;nd;nd;nd;nd;nd;nd;nd;nd;nd;nd;nd;nd;nd;nd
164;VVPP;ADV;vorstellen;10;NZZ_1999_03_30_a38_seg3_s11;9;Full|Psp;Vermutlich hatte sie sich ihre Berner Zeit dennoch anders vorgestellt, denn realpolitisch betrachtet rutschten die amerikanisch-schweizerischen Beziehungen in den letzten drei Jahren in eine ausgewachsene Krise .;prozess;rein;done;;frei;nd;+;+;nd;nd;nd;nd;nd;nd;nd;nd;nd;nd;nd;nd;nd;nd;nd;nd;nd;nd
188;VVFIN;ADV;wahrnehmen;31;NZZ_1998_04_18_a39_seg10_s9;30;Full|3|Sg|Past|Ind;Vermutlich liess es der Luftwaffenkommandant wirklich an Fingerspitzengefühl mangeln, als er den Kommandanten Fliegerbrigade 31 überraschend als Stabschef einsetzte, auch wenn er dies aus verständlichen menschlichen Gründen anders wahrnahm .;prozess;rein;done;;frei;nd;+;+;nd;nd;nd;nd;nd;nd;nd;nd;nd;nd;nd;nd;nd;nd;nd;nd;nd;nd
191;VVPP;ADV;wirken;12;NZZ_1999_10_18_a87_seg8_s2;3;Full|Psp;( Wie anders hätte als Eröffnungsredner der schwerblütige Wahrheitssucher Péter Nádas gewirkt, der zwangsläufig das Messer in den Wunden der zehn letzten Jahre gedreht hätte . );nd;nd;not of interest;prädikativ;;nd;nd;nd;nd;nd;nd;nd;nd;nd;nd;nd;nd;nd;nd;nd;nd;nd;nd;nd;nd;nd
192;VVINF;ADV;wirken;3;NZZ_1999_01_08_a135_seg3_s7;2;Full|3|Pl|Pres|Ind;Ganz anders wirken die Porträts, die Gino Pedroli als Reporter aufnahm und teilweise auch in der « Illustrazione Ticinese » publizierte : Da drescht eine Bäuerin den Weizen, sitzt eine Alte vor dem Haus und lässt die Spindel kreisen, dort müht sich ein Bärtiger mit einer Mistkarre ab, greift ein Akkordeonist in die Tasten .;prozess;nd;not of interest;prädikativ;;nd;nd;nd;nd;nd;nd;nd;nd;nd;nd;nd;nd;nd;nd;nd;nd;nd;nd;nd;nd;nd
38;VVFIN;ADV;wohnen;21;NZZ_1998_01_09_a235_seg7_s18;18;Full|3|Pl|Past|Ind;Wo die neue Oper voluminös in den Platz drängt, war es bis vor wenigen Jahren nicht anders : hier wohnten, arbeiteten, lebten die Bürger und hatten sich ihren Teil von Paris angeeignet .;nd;nd;not of interest;"prädikativ; wrong head";;nd;nd;nd;nd;nd;nd;nd;nd;nd;nd;nd;nd;nd;nd;nd;nd;nd;nd;nd;nd;nd
39;VMFIN;ADV;wollen;2;NZZ_1998_10_27_a182_seg2_s5;5;Mod|3|Sg|Past|Ind;Fortuna wollte es aber anders .;prozess;rein;done;;frei;nd;+;+;nd;nd;nd;nd;nd;nd;nd;nd;nd;nd;nd;nd;nd;nd;nd;nd;nd;nd
69;VMFIN;ADV;wollen;9;NZZ_1994_09_15_a38_seg6_s6;12;Mod|3|Pl|Past|Ind;Frankreich und der Europäische Gerichtshof ( EuGH ) wollten es aber anders .;prozess;rein;done;;frei;nd;+;+;nd;nd;nd;nd;nd;nd;nd;nd;nd;nd;nd;nd;nd;nd;nd;nd;nd;nd
