Interne_ID;Function-Head;Funktion-Hit;Head;ID-Head;ID-NZZ;ID-Token;Meta-Kopf;sentence;Oberkategorie;Unterkategorie;Status;Kommentar;externe Funktion;prozess;pFREQ;AuW;pure;agent;method;degree;proposition;KONJ;FRAME;SADV;extern;KAUS;TEMP;FREQ;BU;LOC;intern;INST;KOM;SH;iLOC
40;VVPP;ADJD;abgelten;18;NZZ_1994_06_21_a156_seg3_s17;17;Full|Psp;4000 bis 5000 Polizisten sind Jahr für Jahr in den Sicherheitsdienst integriert, deren Einsätze sehr unterschiedlich abgegolten werden .;prozess;rein;done;;frei;+;nd;+;+;nd;nd;nd;nd;nd;nd;nd;nd;nd;nd;nd;nd;nd;nd;nd;nd;nd;nd
194;VVPP;ADJD;abnehmen;14;NZZ_1999_09_03_a82_seg4_s2;8;Full|Psp;Die Vorräte haben - wenn auch regional unterschiedlich - weiter auf ein Normalmass abgenommen .;prozess;rein;done;;frei;+;nd;+;+;nd;nd;nd;nd;nd;nd;nd;nd;nd;nd;nd;nd;nd;nd;nd;nd;nd;nd
70;VVFIN;ADJD;anfangen;22;NZZ_1995_09_06_a61_seg5_s4;6;Full|3|Sg|Past|Ind;Weil in Deutschland und - unterschiedlich - in einigen der ehemaligen Satellitenstaaten der Aufbau der Freiheit in der Tat zu gelingen anfing, wurde vielfach geschlossen, es sei mit den ersten Freiheitsanstössen ( vornehmlich zwischen 1988 und 1990 ) eine urtümliche Freiheitsrealität endlich auch hinter dem ehemals Eisernen Vorhang durchgebrochen und werde sich unausweichlich festigen .;nd;nd;done;Parenthese;;nd;nd;nd;nd;nd;nd;nd;nd;nd;nd;nd;nd;nd;nd;nd;nd;nd;nd;nd;nd;nd;nd
60;VVIZU;ADJD;ankurbeln;14;NZZ_1998_05_02_a259_seg3_s7;17;Full|zu;Allerdings nehmen sich die Anstrengungen der Klubs, das Geschäft mit ihren Leibchen anzukurbeln, sehr unterschiedlich aus : in der Regel läuft der Vertrieb fast ausschliesslich über den Sportfachhandel, über Warenhäuser und über Fan-Läden während der Heimspiele .;nd;nd;not of interest;sd;;nd;nd;nd;nd;nd;nd;nd;nd;nd;nd;nd;nd;nd;nd;nd;nd;nd;nd;nd;nd;nd;nd
72;VVFIN;ADJD;arbeiten;23;NZZ_1998_08_07_a150_seg5_s1;26;Full|3|Pl|Pres|Ind;Obwohl die schwimmenden Vermieterhäuschen sich gleichen wie ein Ei dem anderen, bieten die Vermieter bei weitem nicht alle dasselbe an und arbeiten auch ganz unterschiedlich .;prozess;rein;done;;frei;+;nd;+;+;nd;nd;nd;nd;nd;nd;nd;nd;nd;nd;nd;nd;nd;nd;nd;nd;nd;nd
128;VVPP;ADJD;argumentieren;12;NZZ_1993_12_20_a61_seg2_s8;11;Full|Psp;Riehl erklärte nach der Sitzung, die Delegationen hätten sehr unterschiedlich argumentiert .;prozess;rein;done;;frei;+;nd;+;+;nd;nd;nd;nd;nd;nd;nd;nd;nd;nd;nd;nd;nd;nd;nd;nd;nd;nd
38;VVINF;ADJD;auffassen;46;NZZ_1996_01_12_a127_seg3_s12;45;Full|-2;Dass ich den Erzählfaden zerreisse, statt ihn des besseren Verständnisses wegen zu verdichten, dass ich ambivalent erzähle, Wirklichkeit und Traum vermische, dass es auch eine religiöse Dimension gibt, all das trägt dazu bei, dass man den Film sehr unterschiedlich auffassen kann .;prozess;rein;done;;frei;+;nd;+;+;nd;nd;nd;nd;nd;nd;nd;nd;nd;nd;nd;nd;nd;nd;nd;nd;nd;nd
2;VVPP;ADJD;aufnehmen;9;NZZ_1995_01_03_a7_seg8_s1;8;Full|Psp;Scalfaros Rede wurde in den politischen Kreisen unterschiedlich aufgenommen, während die Presse sie mehrheitlich positiv beurteilt .;prozess;rein;done;;notwendig;+;nd;+;+;nd;nd;nd;nd;nd;nd;nd;nd;nd;nd;nd;nd;nd;nd;nd;nd;nd;nd
3;VVPP;ADJD;aufnehmen;9;NZZ_1999_08_03_a44_seg5_s4;8;Full|Psp;Auch in materieller Hinsicht wurden die Entscheide unterschiedlich aufgenommen .;prozess;rein;done;;notwendig;+;nd;+;+;nd;nd;nd;nd;nd;nd;nd;nd;nd;nd;nd;nd;nd;nd;nd;nd;nd;nd
5;VVPP;ADJD;aufnehmen;14;NZZ_1998_06_12_a46_seg10_s1;13;Full|Psp;Die Ereignisse am Ende des 18. Jahrhunderts wurden in den beiden Kantonsteilen unterschiedlich aufgenommen und weitergegeben .;prozess;rein;done;;notwendig;+;nd;+;+;nd;nd;nd;nd;nd;nd;nd;nd;nd;nd;nd;nd;nd;nd;nd;nd;nd;nd
6;VVPP;ADJD;aufnehmen;7;NZZ_1998_07_14_a161_seg5_s22;6;Full|Psp;Zugegebenermassen wurde unser Ball sehr unterschiedlich aufgenommen .;prozess;rein;done;;notwendig;+;nd;+;+;nd;nd;nd;nd;nd;nd;nd;nd;nd;nd;nd;nd;nd;nd;nd;nd;nd;nd
9;VVPP;ADJD;ausbilden;18;NZZ_1997_05_02_a227_seg3_s15;17;Full|Psp;Die Fassaden des Sportzentrums artikulieren in ihrer Gestaltung die hinter ihnen liegenden Räume und sind entsprechend unterschiedlich ausgebildet .;nd;nd;not of interest;ModPräd ;;nd;nd;nd;nd;nd;nd;nd;nd;nd;nd;nd;nd;nd;nd;nd;nd;nd;nd;nd;nd;nd;nd
10;VVINF;ADJD;ausfallen;17;NZZ_1998_10_20_a46_seg7_s5;16;Full|-2;Man denke z. B. an die Staats- und Gemeindesteuern, die je nach Standortwahl sehr unterschiedlich ausfallen können .;prozess;rein;done;;notwendig;+;nd;+;+;nd;nd;nd;nd;nd;nd;nd;nd;nd;nd;nd;nd;nd;nd;nd;nd;nd;nd
11;VVFIN;ADJD;ausfallen;21;NZZ_1995_11_23_a44_seg10_s13;20;Full|3|Pl|Past|Ind;So kam die EZA mehrheitlich davon ab, isolierte Einzelprojekte durchzuführen, deren Resultate oft mangels institutioneller Abstützung sehr unterschiedlich ausfielen .;prozess;rein;done;;notwendig;+;nd;+;+;nd;nd;nd;nd;nd;nd;nd;nd;nd;nd;nd;nd;nd;nd;nd;nd;nd;nd
13;VVFIN;ADJD;ausfallen;7;NZZ_1999_09_10_a26_seg4_s18;6;Full|3|Pl|Past|Ind;Auch wenn die Antworten höchst unterschiedlich ausfielen, waren sich die Forumsteilnehmer doch einig, dass der Mensch auch in Zukunft im Zentrum des betrieblichen Geschehens zu stehen hat und dass langfristig keine Unternehmung ohne die Kooperation und das Vertrauen seiner Mitarbeiter auskommen kann .;prozess;rein;done;;notwendig;+;nd;+;+;nd;nd;nd;nd;nd;nd;nd;nd;nd;nd;nd;nd;nd;nd;nd;nd;nd;nd
15;VVFIN;ADJD;ausfallen;25;NZZ_1997_02_12_a74_seg4_s4;24;Full|3|Pl|Past|Ind;Jedenfalls war diese Entwicklung auf dem Inlandmarkt nicht unbedingt erwartet worden, wobei die Ergebnisse der einzelnen Firmen nach den Angaben des Verbandes unterschiedlich ausfielen .;prozess;rein;done;;notwendig;+;nd;+;+;nd;nd;nd;nd;nd;nd;nd;nd;nd;nd;nd;nd;nd;nd;nd;nd;nd;nd
16;VVFIN;ADJD;ausfallen;5;NZZ_1995_12_04_a98_seg9_s3;2;Full|3|Pl|Pres|Ind;Wie unterschiedlich die Aufnahmen ausfallen, das diskutieren die Dramaturgin Ute Becker und der Flötist Janek Rosset im Gespräch mit Corinne Holtz .;prozess;rein;done;;notwendig;+;nd;+;+;nd;nd;nd;nd;nd;nd;nd;nd;nd;nd;nd;nd;nd;nd;nd;nd;nd;nd
17;VVFIN;ADJD;ausfallen;26;NZZ_1995_08_03_a73_seg3_s8;25;Full|3|Sg|Past|Ind;Entsprechende Verflachungstendenzen werden denn auch durch die Umfrage betreffend die Kapazitätsauslastung in der Industrie bestätigt, wobei die Entwicklung in den einzelnen Branchen recht unterschiedlich ausfiel .;prozess;rein;done;;notwendig;+;nd;+;+;nd;nd;nd;nd;nd;nd;nd;nd;nd;nd;nd;nd;nd;nd;nd;nd;nd;nd
18;VVINF;ADJD;ausfallen;9;NZZ_1995_07_26_a108_seg3_s1;2;Full|-2;Wie unterschiedlich die literarische Bearbeitung von mythologischem Erzählgut ausfallen kann, wird geradezu exemplarisch nachvollziehbar anhand zweier Bücher, welche kürzlich in deutscher Übersetzung bzw. als Neuauflage erschienen sind und die beide keltisches Sagengut als Basis für ein Kinder- und Jugendbuch nutzen : die undeutlich modernisierte klassische Nacherzählung einer keltischen Sage ( « Der Prinz von Annun » von Claire French-Wieser ) und eine sprach- und bildgewaltige Fantasy-Geschichte, in welcher sich Landschaft und Brauchtum Irlands, Alltagsgeschichten, Märchen und die Welt der irischen Mythologie zu einem Roman verdichten, der nicht nur junge Leser ( innen ) in seinen Bann zieht, sondern der offenbar auch von Erwachsenen geradezu verschlungen wird ( « Die Meute der Morrigan » von Pat O ' Shea ) .;prozess;rein;done;;notwendig;+;nd;+;+;nd;nd;nd;nd;nd;nd;nd;nd;nd;nd;nd;nd;nd;nd;nd;nd;nd;nd
19;VVFIN;ADJD;ausfallen;24;NZZ_1997_02_14_a180_seg3_s8;23;Full|3|Pl|Past|Ind;In den Zeitungen vom Donnerstag wurden von Grünigens Worte daher viel Platz eingeräumt, wobei die Interpretationen wegen Verständigungsschwierigkeiten sprachlicher Art sehr unterschiedlich ausfielen .;prozess;rein;done;;notwendig;+;nd;+;+;nd;nd;nd;nd;nd;nd;nd;nd;nd;nd;nd;nd;nd;nd;nd;nd;nd;nd
197;VVINF;ADJD;ausfallen;24;NZZ_1993_04_08_a194_seg10_s5;23;Full|-2;Probleme und Herausforderung werden in erster Linie als « branchenspezifisch » bezeichnet, so dass die Entwicklung in den einzelnen Teilsparten sehr unterschiedlich ausfallen kann .;prozess;rein;done;;notwendig;+;nd;+;+;nd;nd;nd;nd;nd;nd;nd;nd;nd;nd;nd;nd;nd;nd;nd;nd;nd;nd
20;VVFIN;ADJD;ausfallen|ausfällen;22;NZZ_1997_12_15_a71_seg10_s5;21;Full|3|Sg|Pres|Ind;Eine geraffte Darstellung aller neuen Liberalisierungsofferten ist nicht möglich, weil die nationale Bereitschaft zur Bindung bestimmter Marktöffnungselemente qualitativ sehr unterschiedlich ausfällt .;prozess;rein;done;;notwendig;+;nd;+;+;nd;nd;nd;nd;nd;nd;nd;nd;nd;nd;nd;nd;nd;nd;nd;nd;nd;nd
21;VVPP;ADJD;ausfallen|ausgefallen;8;NZZ_1999_06_26_a40_seg3_s5;7;Full|Psp;Die Reaktionen der Kunden indes sind unterschiedlich ausgefallen .;prozess;rein;done;;notwendig;+;nd;+;+;nd;nd;nd;nd;nd;nd;nd;nd;nd;nd;nd;nd;nd;nd;nd;nd;nd;nd
23;VVPP;ADJD;ausfallen|ausgefallen;12;NZZ_1999_03_23_a130_seg5_s3;2;Full|Psp;So unterschiedlich die Akzentsetzungen dieser modernen Lektüren des Werks des Cusanus ausgefallen sind, sie alle konstruieren dem 1464 verstorbenen Philosophen einen präzisen Ort in einer systematisch begriffenen Geschichte des abendländischen Denkens .;prozess;rein;done;;notwendig;+;nd;+;+;nd;nd;nd;nd;nd;nd;nd;nd;nd;nd;nd;nd;nd;nd;nd;nd;nd;nd
24;VVPP;ADJD;ausfallen|ausgefallen;8;NZZ_1997_06_07_a78_seg5_s1;7;Full|Psp;Die Reaktionen auf die Zinserhöhung sind unterschiedlich ausgefallen .;prozess;rein;done;;notwendig;+;nd;+;+;nd;nd;nd;nd;nd;nd;nd;nd;nd;nd;nd;nd;nd;nd;nd;nd;nd;nd
25;VVPP;ADJD;ausfallen|ausgefallen;10;NZZ_1994_06_21_a127_seg6_s10;9;Full|Psp;Die Ergebnisse aus den einzelnen Familiengartenarealen sind stark unterschiedlich ausgefallen .;prozess;rein;done;;notwendig;+;nd;+;+;nd;nd;nd;nd;nd;nd;nd;nd;nd;nd;nd;nd;nd;nd;nd;nd;nd;nd
26;VVPP;ADJD;ausfallen|ausgefallen;33;NZZ_1997_01_20_a5_seg10_s2;32;Full|Psp;Jerusalem, 19. Januar Am ersten Wochenende, das Hebron unter palästinensischer Autonomie verbrachte, haben Palästinenserführer gemischte Signale an die Adresse Israels gesandt, und die israelischen Reaktionen sind dementsprechend unterschiedlich ausgefallen .;prozess;rein;done;;notwendig;+;nd;+;+;nd;nd;nd;nd;nd;nd;nd;nd;nd;nd;nd;nd;nd;nd;nd;nd;nd;nd
28;VVPP;ADJD;ausgestalten;10;NZZ_1999_03_29_a34_seg8_s4;9;Full|Psp;Nicht nur die Rechtswirklichkeit auf Gemeindeebene ist sehr unterschiedlich ausgestaltet, auch das staatliche Religionsrecht weist nach den Ausführungen des Staats- und Kirchenrechtlers Herbert Wille kein geschlossenes System auf, weil staatskirchenrechtliche Normen teilweise aus der Zeit vor der Verfassung von 1921 stammen, das rezipierte Recht teilweise aus österreichischen Rechtsvorschriften und aus schweizerischen kantonalen Quellen stammt .;nd;nd;not of interest;ModPräd ;;nd;nd;nd;nd;nd;nd;nd;nd;nd;nd;nd;nd;nd;nd;nd;nd;nd;nd;nd;nd;nd;nd
147;VVPP;ADJD;ausleben;33;NZZ_1997_07_03_a33_seg5_s1;32;Full|Psp;Das Buch zeigt, wie prägende Leitmotive jugendlichen Lebensgefühls - Musikrichtungen, Wohnformen und Kleider, Liebe, Tanzstile, Utopien und Experimente mit Rauschzuständen - in den verschiedenen Jugendszenen ganz unterschiedlich ausgelebt und betont werden .;prozess;rein;done;;frei;+;nd;+;+;nd;nd;nd;nd;nd;nd;nd;nd;nd;nd;nd;nd;nd;nd;nd;nd;nd;nd
29;VVFIN;ADJD;auslegen;24;NZZ_1997_12_11_a116_seg3_s17;23;Full|3|Pl|Pres|Ind;"Denn nicht die Polizei als Institution kann Gerechtigkeit garantieren ; dies entscheidet sich erst mit den Menschen, die diesen Anspruch höchst unterschiedlich auslegen .";prozess;rein;done;;notwendig;+;nd;+;+;nd;nd;nd;nd;nd;nd;nd;nd;nd;nd;nd;nd;nd;nd;nd;nd;nd;nd
30;VVFIN;ADJD;ausnehmen;11;NZZ_1997_08_09_a29_seg2_s3;10;Full|-2;Regional werden sich bei der Helsana freilich die Erhöhungen unterschiedlich ausnehmen .;nd;nd;not of interest;sd;;nd;nd;nd;nd;nd;nd;nd;nd;nd;nd;nd;nd;nd;nd;nd;nd;nd;nd;nd;nd;nd;nd
31;VVINF;ADJD;auswirken;21;NZZ_1999_02_06_a49_seg11_s5;20;Full|3|Pl|Pres|Ind;Allerdings gibt es typisch weibliche Migrationsmuster und geschlechtsspezifische Rollenverteilungen, welche sich auf das Migrationsverhalten von Frauen und Männern unterschiedlich auswirken und deren Situation in einer fremden Umgebung je verschieden strukturieren .;prozess;rein;done;;frei;+;nd;+;+;nd;nd;nd;nd;nd;nd;nd;nd;nd;nd;nd;nd;nd;nd;nd;nd;nd;nd
195;VVPP;ADJD;auswirken;32;NZZ_1993_04_05_a17_seg2_s11;31;Full|Psp;Die von den Vereinigten Staaten vor anderthalb Monaten verkündete Bereitschaft, eine von allen Beteiligten akzeptierte Friedensordnung in Bosnien-Herzegowina militärisch zu sichern, hat sich auf das Verhalten der Kriegsparteien unterschiedlich ausgewirkt .;prozess;rein;done;;frei;+;nd;+;+;nd;nd;nd;nd;nd;nd;nd;nd;nd;nd;nd;nd;nd;nd;nd;nd;nd;nd
198;VVPP;ADJD;auswirken;11;NZZ_1993_04_08_a212_seg10_s2;10;Full|Psp;Die schauerartigen Niederschläge auf Mittwoch haben sich regional stark unterschiedlich ausgewirkt .;prozess;rein;done;;frei;+;nd;+;+;nd;nd;nd;nd;nd;nd;nd;nd;nd;nd;nd;nd;nd;nd;nd;nd;nd;nd
200;VVPP;ADJD;auswirken;20;NZZ_1993_04_16_a165_seg4_s3;19;Full|Psp;Der Rückgang der Industrieproduktion um 19% im Vorjahr hat sich gemäss der Zeitung in den einzelnen Branchen zwar unterschiedlich ausgewirkt .;prozess;rein;done;;frei;+;nd;+;+;nd;nd;nd;nd;nd;nd;nd;nd;nd;nd;nd;nd;nd;nd;nd;nd;nd;nd
98;VVPP;ADJD;beanspruchen;8;NZZ_1996_02_22_a37_seg3_s4;7;Full|Psp;Da die einzelnen Kantone ihre Kontingente unterschiedlich beansprucht haben, schlägt der Bundesrat aber eine flexibilisierte Lösung auf Verordnungsstufe vor, zu der sich die interessierten Kreise bis zum 30. April äussern können .;prozess;rein;done;;frei;+;nd;+;+;nd;nd;nd;nd;nd;nd;nd;nd;nd;nd;nd;nd;nd;nd;nd;nd;nd;nd
8;VVPP;ADJD;beantworten;16;NZZ_1998_04_14_a120_seg9_s2;15;Full|Psp;- Die Frage sorgt für wiederkehrende Erregungen und wird von Schriftstellern und Kritikern naturgemäss unterschiedlich beantwortet .;prozess;rein;done;;frei;+;nd;+;+;nd;nd;nd;nd;nd;nd;nd;nd;nd;nd;nd;nd;nd;nd;nd;nd;nd;nd
32;VVPP;ADJD;beantworten;18;NZZ_1998_07_02_a52_seg5_s9;17;Full|Psp;Diese Fragen werden zurzeit von den Krankenversicherern, von den Leistungserbringern und vom Eidgenössischen Datenschutzbeauftragten verständlicherweise unterschiedlich beantwortet, da ja nicht alle drei in jeder Hinsicht dieselben Interessen vertreten .;prozess;rein;done;;frei;+;nd;+;+;nd;nd;nd;nd;nd;nd;nd;nd;nd;nd;nd;nd;nd;nd;nd;nd;nd;nd
35;VVPP;ADJD;beantworten;21;NZZ_1995_10_03_a87_seg3_s1;20;Full|Psp;Die Frage, ob eine erzwungene Verringerung der persönlichen Arbeitszeiten ein wirksames Mittel gegen die Arbeitslosigkeit darstellt, wird unterschiedlich beantwortet .;prozess;rein;done;;frei;+;nd;+;+;nd;nd;nd;nd;nd;nd;nd;nd;nd;nd;nd;nd;nd;nd;nd;nd;nd;nd
76;VVPP;ADJD;beantworten;35;NZZ_1995_09_01_a26_seg4_s2;34;Full|Psp;Bern, 31. August Unmittelbar nach der Demission von Bundesrat Otto Stich mit Wirkung auf den 31. Oktober ist die Frage nach dem Termin für die Ersatzwahl aufgeworfen und in den ersten Stellungnahmen unterschiedlich beantwortet worden .;prozess;rein;done;;frei;+;nd;+;+;nd;nd;nd;nd;nd;nd;nd;nd;nd;nd;nd;nd;nd;nd;nd;nd;nd;nd
94;VVPP;ADJD;beantworten;29;NZZ_1993_08_21_a59_seg2_s22;28;Full|Psp;Aber auch hier, insbesondere bei genmanipulierten Tieren und ihrer Patentierung, stellen sich Fragen zum Verhältnis des Menschen zur Schöpfung, die je nach weltanschaulichem Hintergrund unterschiedlich beantwortet werden .;prozess;rein;done;;frei;+;nd;+;+;nd;nd;nd;nd;nd;nd;nd;nd;nd;nd;nd;nd;nd;nd;nd;nd;nd;nd
182;VVPP;ADJD;beantworten;19;NZZ_1995_02_06_a82_seg4_s2;18;Full|Psp;Die Frage, ob diese grundsätzliche Problematik durch die Gründung eines Nationalballetts gelöst werden könnte, wird unterschiedlich beantwortet .;prozess;rein;done;;frei;+;nd;+;+;nd;nd;nd;nd;nd;nd;nd;nd;nd;nd;nd;nd;nd;nd;nd;nd;nd;nd
37;VVPP;ADJD;behandeln;19;NZZ_1995_10_05_a49_seg19_s10;18;Full|Psp;Bundesrat Koller erinnert daran, dass bei der letzten Gesetzesrevision Ehen zwischen Ausländern und gemischte Ehen bewusst unterschiedlich behandelt wurden .;prozess;rein;done;;möglich;+;nd;+;+;nd;nd;nd;nd;nd;nd;nd;nd;nd;nd;nd;nd;nd;nd;nd;nd;nd;nd
41;VVPP;ADJD;behandeln;14;NZZ_1999_08_17_a33_seg3_s10;13;Full|Psp;Diese verlangt, dass Frauen bei den Prämien der Zusatzversicherungen nicht länger unterschiedlich behandelt werden dürften, weil sonst das Gleichheitsgebot der Verfassung verletzt werde .;prozess;rein;done;;möglich;+;nd;+;+;nd;nd;nd;nd;nd;nd;nd;nd;nd;nd;nd;nd;nd;nd;nd;nd;nd;nd
42;VVPP;ADJD;behandeln;5;NZZ_1997_05_10_a224_seg11_s3;4;Full|Psp;Jede Kategorie wurde unterschiedlich behandelt, und sogar die Nürnberger Gesetze von 1935, die den juristischen Unterbau der systematischen Verfolgung bildeten, liessen einen grossen Spielraum für Interpretationen offen .;prozess;rein;done;;notwendig;+;nd;+;+;nd;nd;nd;nd;nd;nd;nd;nd;nd;nd;nd;nd;nd;nd;nd;nd;nd;nd
43;VVPP;ADJD;behandeln;11;NZZ_1998_03_23_a83_seg8_s3;10;Full|Psp;Allerdings werden die bei der Umstellung zwangsläufig entstehenden Bruchteile unterschiedlich behandelt .;prozess;rein;done;;möglich;+;nd;+;+;nd;nd;nd;nd;nd;nd;nd;nd;nd;nd;nd;nd;nd;nd;nd;nd;nd;nd
45;VVPP;ADJD;behandeln;15;NZZ_1997_06_09_a122_seg2_s5;14;Full|Psp;Damit entfällt die bisher stossende Ungerechtigkeit, wonach beispielsweise zwei gleich integrierte Geschwister unterschiedlich behandelt wurden, bloss weil das ältere zufällig im Ausland, das jüngere in der Schweiz geboren wurde .;prozess;rein;done;;möglich;+;nd;+;+;nd;nd;nd;nd;nd;nd;nd;nd;nd;nd;nd;nd;nd;nd;nd;nd;nd;nd
102;VVPP;ADJD;beleuchten;17;NZZ_1999_10_16_a227_seg11_s8;16;Full|Psp;Das gleiche Kapitel oder die gleiche Passage kommt in verschiedenen Kombinationen zum Zug und wird unterschiedlich beleuchtet .;prozess;rein;done;;frei;+;nd;+;+;nd;nd;nd;nd;nd;nd;nd;nd;nd;nd;nd;nd;nd;nd;nd;nd;nd;nd
171;VVPP;ADJD;benennen;14;NZZ_1999_01_29_a26_seg5_s4;13;Full|Psp;Bis heute werden die ärztlichen und medizintechnischen Leistungen praktisch in jedem Kanton unterschiedlich benannt und bewertet, was auch mit grösstem föderalistischem Goodwill kaum als sinnvoll und effizient beurteilt werden kann .;nd;nd;not of interest;ModPräd ;;nd;nd;nd;nd;nd;nd;nd;nd;nd;nd;nd;nd;nd;nd;nd;nd;nd;nd;nd;nd;nd;nd
47;VVPP;ADJD;bestellen;19;NZZ_1999_04_10_a66_seg3_s11;18;Full|Psp;Wilderei ist in nahezu sämtlichen afrikanischen Staaten ein schwerwiegendes Problem, wobei es um deren Bekämpfung äusserst unterschiedlich bestellt ist .;prozess;rein;done;;notwendig;+;nd;+;+;nd;nd;nd;nd;nd;nd;nd;nd;nd;nd;nd;nd;nd;nd;nd;nd;nd;nd
48;VVPP;ADJD;betrachten;12;NZZ_1998_05_06_a131_seg6_s4;11;Full|Psp;Hinzu kommt, dass die Lage in den USA durchaus unterschiedlich betrachtet wird .;prozess;rein;done;;frei;+;nd;+;+;nd;nd;nd;nd;nd;nd;nd;nd;nd;nd;nd;nd;nd;nd;nd;nd;nd;nd
69;VVPP;ADJD;betreffen;17;NZZ_1995_11_16_a72_seg3_s8;16;Full|Psp;Von den negativen Auswirkungen des Umwandlungsprozesses sind die verschiedenen Staaten Zentral- und Osteuropas allerdings sehr unterschiedlich betroffen, wie der Herausgeber des Unicef-Berichts, Giovanni Andrea Cornia, weiter mitteilt .;nd;nd;not of interest;ModPräd ;;nd;nd;nd;nd;nd;nd;nd;nd;nd;nd;nd;nd;nd;nd;nd;nd;nd;nd;nd;nd;nd;nd
124;VVPP;ADJD;betreffen;17;NZZ_1993_12_29_a120_seg6_s3;12;Full|Psp;Allerdings sind die einzelnen Branchen der Industrie und des produzierenden Gewerbes unterschiedlich von den äusseren Konjunktureinflüssen betroffen .;prozess;rein;done;;frei;+;nd;+;+;nd;nd;nd;nd;nd;nd;nd;nd;nd;nd;nd;nd;nd;nd;nd;nd;nd;nd
52;VVFIN;ADJD;beurteilen;12;NZZ_1997_05_15_a42_seg3_s3;11;Full|Psp;Die Schaffung eines entsprechenden Registers wird von den einzelnen Unternehmen unterschiedlich beurteilt .;prozess;rein;done;;frei;+;nd;+;+;nd;nd;nd;nd;nd;nd;nd;nd;nd;nd;nd;nd;nd;nd;nd;nd;nd;nd
53;VVFIN;ADJD;beurteilen;31;NZZ_1999_07_06_a173_seg3_s22;30;Full|Psp;Die vom Stadtrat eingeführte Regelung, wonach vakante Stellen in der Stadtverwaltung aus Spargründen erst nach vier Monaten wieder besetzt werden, wurde von der FDP und der SP unterschiedlich beurteilt .;prozess;rein;done;;frei;+;nd;+;+;nd;nd;nd;nd;nd;nd;nd;nd;nd;nd;nd;nd;nd;nd;nd;nd;nd;nd
55;VVFIN;ADJD;beurteilen;15;NZZ_1995_09_13_a131_seg8_s1;14;Full|Psp;Die Initiative zur vollständigen Trennung von Kirche und Staat wird gerade von Liberalen unterschiedlich beurteilt .;prozess;rein;done;;frei;+;nd;+;+;nd;nd;nd;nd;nd;nd;nd;nd;nd;nd;nd;nd;nd;nd;nd;nd;nd;nd
68;VVFIN;ADJD;beurteilen;20;NZZ_1995_08_16_a78_seg8_s2;19;Full|Psp;Von den Händlern wurden je nach Optik die zuletzt aufgelegten Anleihen des irischen Staates sowie der Landesbank Rheinland-Pfalz unterschiedlich beurteilt .;prozess;rein;done;;frei;+;nd;+;+;nd;nd;nd;nd;nd;nd;nd;nd;nd;nd;nd;nd;nd;nd;nd;nd;nd;nd
127;VVFIN;ADJD;beurteilen;24;NZZ_1995_11_18_a60_seg7_s10;23;Full|Psp;Ob und in welchem Masse die Krise durch das Abkommen verursacht oder vertieft wurde, wird von Befürwortern und Gegnern des Nafta unterschiedlich beurteilt .;prozess;rein;done;;frei;+;nd;+;+;nd;nd;nd;nd;nd;nd;nd;nd;nd;nd;nd;nd;nd;nd;nd;nd;nd;nd
90;VVPP;ADJD;bewältigen;11;NZZ_1999_02_13_a33_seg3_s1;10;Full|Psp;Die Belastungsprobe des harten Wintereinbruchs ist von den SBB unterschiedlich bewältigt worden .;prozess;rein;done;;frei;+;nd;+;+;nd;nd;nd;nd;nd;nd;nd;nd;nd;nd;nd;nd;nd;nd;nd;nd;nd;nd
59;VVPP;ADJD;bewerten;10;NZZ_1998_11_20_a68_seg6_s1;9;Full|Psp;Das Reformmanifest ist in der britischen Presse sehr unterschiedlich bewertet worden .;prozess;rein;done;;frei;+;nd;+;+;nd;nd;nd;nd;nd;nd;nd;nd;nd;nd;nd;nd;nd;nd;nd;nd;nd;nd
61;VVFIN;ADJD;bewerten;13;NZZ_1998_06_05_a21_seg4_s2;19;Full|3|Pl|Pres|Ind;Die beiden grossen Rechtsparteien Forza Italia und Alleanza nazionale ( AN ) bewerten das vorläufige Scheitern der Verfassungsrevision unterschiedlich .;prozess;rein;done;;frei;+;nd;+;+;nd;nd;nd;nd;nd;nd;nd;nd;nd;nd;nd;nd;nd;nd;nd;nd;nd;nd
62;VVFIN;ADJD;bewerten;28;NZZ_1999_02_11_a85_seg5_s8;27;Full|Psp;Wenn eine entsprechende Fachkraft aus dem Ausland zu holen ist, wird das damit notwendig werdende Bewilligungsprozedere von « hindernd » bis « unterstützend » höchst unterschiedlich bewertet .;prozess;rein;done;;frei;+;nd;+;+;nd;nd;nd;nd;nd;nd;nd;nd;nd;nd;nd;nd;nd;nd;nd;nd;nd;nd
141;VVFIN;ADJD;bewerten;19;NZZ_1996_06_15_a82_seg3_s1;18;Full|Psp;Die Pläne für eine Europäische Währungsunion wurden an der Jahrestagung der Isma in Cannes von namhaften Referenten unterschiedlich bewertet .;prozess;rein;done;;frei;+;nd;+;+;nd;nd;nd;nd;nd;nd;nd;nd;nd;nd;nd;nd;nd;nd;nd;nd;nd;nd
56;VVPP;ADJD;bewölken;8;NZZ_1998_11_18_a58_seg4_s13;7;Full|Psp;Im Norden am Donnerstag und Freitag unterschiedlich bewölkt, vor allem im Osten leichter Schneefall .;nd;nd;not of interest;ModPräd ;;nd;nd;nd;nd;nd;nd;nd;nd;nd;nd;nd;nd;nd;nd;nd;nd;nd;nd;nd;nd;nd;nd
170;VVPP;ADJD;bewölken;6;NZZ_1995_12_11_a35_seg3_s8;5;Full|Psp;Die Südhälfte Europas ist unterschiedlich bewölkt .;nd;nd;not of interest;ModPräd ;;nd;nd;nd;nd;nd;nd;nd;nd;nd;nd;nd;nd;nd;nd;nd;nd;nd;nd;nd;nd;nd;nd
121;VVFIN;ADJD;bleiben;3;NZZ_1998_04_23_a61_seg3_s6;6;Full|3|Sg|Pres|Ind;Über Osteuropa bleibt die Bewölkung unterschiedlich .;nd;nd;not of interest;ModPräd ;;nd;nd;nd;nd;nd;nd;nd;nd;nd;nd;nd;nd;nd;nd;nd;nd;nd;nd;nd;nd;nd;nd
64;VVFIN;ADJD;darstellen;21;NZZ_1996_12_30_a56_seg8_s3;20;Full|3|Sg|Pres|Ind;Konservative Anleger werden dagegen eine teilweise ernüchternde Bilanz ziehen, wenngleich sich die Abrechnung aus den einzelnen Währungsperspektiven sehr unterschiedlich darstellt .;prozess;rein;done;;möglich;+;nd;+;+;nd;nd;nd;nd;nd;nd;nd;nd;nd;nd;nd;nd;nd;nd;nd;nd;nd;nd
66;VVPP;ADJD;darstellen;12;NZZ_1999_10_16_a57_seg4_s9;11;Full|Psp;Die Entwicklung ab Wochenmitte wird von den beiden numerischen Modellen unterschiedlich dargestellt .;prozess;rein;done;;möglich;+;nd;+;+;nd;nd;nd;nd;nd;nd;nd;nd;nd;nd;nd;nd;nd;nd;nd;nd;nd;nd
4;VVPP;ADJD;definieren;19;NZZ_1998_07_03_a222_seg2_s6;18;Full|3|Sg|Pres|Ind;Das ist freilich keine neue Erfahrung, zumal deren Funktion auf den verschiedenen Erdteilen wenn auch nicht unterschiedlich definiert, so doch anders ausgelegt wird .;prozess;rein;done;;frei;+;nd;+;+;nd;nd;nd;nd;nd;nd;nd;nd;nd;nd;nd;nd;nd;nd;nd;nd;nd;nd
67;VVFIN;ADJD;definieren;19;NZZ_1997_10_28_a60_seg3_s16;18;Full|-2;Je nach Zielvorgabe muss man die Mindestgrösse der Grossverbraucher, die von der Öffnung profitieren würden, unterschiedlich definieren .;prozess;rein;done;;frei;+;nd;+;+;nd;nd;nd;nd;nd;nd;nd;nd;nd;nd;nd;nd;nd;nd;nd;nd;nd;nd
186;VVPP;ADJD;definieren;26;NZZ_1996_05_02_a70_seg3_s9;25;Full|Psp;Während einer bis Ende 1997 befristeten Übergangszeit werden in den USA die Kriterien des Reinheitsgrads für im Inland produziertes Benzin und für importiertes Benzin unterschiedlich definiert .;prozess;rein;done;;frei;+;nd;+;+;nd;nd;nd;nd;nd;nd;nd;nd;nd;nd;nd;nd;nd;nd;nd;nd;nd;nd
71;VVINF;ADJD;deuten;34;NZZ_1994_04_05_a213_seg3_s19;33;Full|-2;"Zugleich stellt er jedoch auch den Befund dar, wie sich die Totenmale, sowohl die Gräberfelder wie die den Soldaten errichteten Denkmäler, bei aller scheinbaren Unveränderlichkeit ihrer Zeichen ikonologisch doch unterschiedlich deuten lassen - als Triumph des Überlebens nicht nur, als Hingabe an die Trauer nicht einzig ; als Abkehr auch von der Rechtfertigung des gewaltsamen Todes durch das Heil einer wie immer beschaffenen politischen Gemeinschaft .";prozess;rein;done;;frei;+;nd;+;+;nd;nd;nd;nd;nd;nd;nd;nd;nd;nd;nd;nd;nd;nd;nd;nd;nd;nd
73;VVPP;ADJD;einschätzen;21;NZZ_1994_03_02_a24_seg5_s1;20;Full|Psp;hau. Berlin, Ende Februar Die Zahl der Spitzel in der einstigen DDR war in den ersten Veröffentlichungen recht unterschiedlich eingeschätzt worden und schwankte zwischen 100 000 und einer halben Million .;prozess;rein;done;;frei;+;nd;+;+;nd;nd;nd;nd;nd;nd;nd;nd;nd;nd;nd;nd;nd;nd;nd;nd;nd;nd
77;VVPP;ADJD;entscheiden;21;NZZ_1998_07_09_a136_seg3_s5;20;Full|Psp;In ähnlichen Situationen, zum Beispiel bei zwei Kameradinnen, die seit August 1996 die Handelsschule besuchen, sei unterschiedlich entschieden worden .;prozess;rein;done;;frei;+;nd;+;+;nd;nd;nd;nd;nd;nd;nd;nd;nd;nd;nd;nd;nd;nd;nd;nd;nd;nd
87;VVINF;ADJD;entscheiden;14;NZZ_1999_06_29_a7_seg8_s8;13;Full|-2;Westerwelle unterstrich zwar erneut, dass die FDP von Land zu Land unterschiedlich entscheiden werde, ob sie eine Koalitionsaussage abgebe und vor den Wahlen sage, mit wem sie, wenn dies nur realistisch sei, nach der Wahl zusammenarbeiten werde .;prozess;rein;done;;frei;+;nd;+;+;nd;nd;nd;nd;nd;nd;nd;nd;nd;nd;nd;nd;nd;nd;nd;nd;nd;nd
173;VVPP;ADJD;entscheiden;27;NZZ_1998_02_03_a217_seg7_s11;26;Full|Psp;Lauffer : Ein Problem der Stadtzürcher Politik ist sicher die mangelnde Verlässlichkeit : Häufig hat man den Eindruck, dass bei durchaus vergleichbaren Ausgangslagen sehr unterschiedlich entschieden wird .;prozess;rein;done;;frei;+;nd;+;+;nd;nd;nd;nd;nd;nd;nd;nd;nd;nd;nd;nd;nd;nd;nd;nd;nd;nd
78;VVINF;ADJD;entwickeln;15;NZZ_1996_09_09_a163_seg11_s8;13;Full|-2;"Schon früh begannen sich Genf und das Waadtland, Genf und Lausanne unterschiedlich zu entwickeln ; dort die « kleine Republik », die sich von Bindungen freizuhalten verstand, da ein weites « Land », das sich schliesslich von den Bernern zu einer etwas widerspenstig ausgehaltenen Einheit mit Lausanne als einer distanziert behandelten Hauptstadt ( aber Hauptstadt immerhin ) fügen liess .";prozess;rein;done;;frei;+;nd;+;+;nd;nd;nd;nd;nd;nd;nd;nd;nd;nd;nd;nd;nd;nd;nd;nd;nd;nd
79;VVPP;ADJD;entwickeln;8;NZZ_1996_04_27_a108_seg12_s9;7;Full|Psp;Die einzelnen Geschäftsbereiche haben sich sehr unterschiedlich entwickelt .;prozess;rein;done;;frei;+;nd;+;+;nd;nd;nd;nd;nd;nd;nd;nd;nd;nd;nd;nd;nd;nd;nd;nd;nd;nd
80;VVPP;ADJD;entwickeln;6;NZZ_1999_04_01_a142_seg2_s4;5;Full|Psp;Die Volatilitäten hätten sich unterschiedlich entwickelt .;prozess;rein;done;;frei;+;nd;+;+;nd;nd;nd;nd;nd;nd;nd;nd;nd;nd;nd;nd;nd;nd;nd;nd;nd;nd
82;VVPP;ADJD;entwickeln;21;NZZ_1993_02_01_a168_seg2_s11;20;Full|Psp;"Aber das stimmt so nicht ; vielmehr haben sich seit 1981 die Steuerbelastungen für verschiedene Gruppen von Steuerpflichtigen sehr unterschiedlich entwickelt : Mit Tarifkorrekturen und höheren Abzügen sind Verheiratete und Familien mit Kindern gezielt entlastet worden, während Alleinstehende praktisch keine Begünstigung erfahren haben .";prozess;rein;done;;frei;+;nd;+;+;nd;nd;nd;nd;nd;nd;nd;nd;nd;nd;nd;nd;nd;nd;nd;nd;nd;nd
83;VVPP;ADJD;entwickeln;26;NZZ_1999_02_17_a98_seg1_s3;25;Full|Psp;Der Umsatz der in der Schweiz, Frankreich, Italien und der Türkei tätigen Gruppe ( Sauer-Konserven, Feinkostprodukte, Saucen ) hat sich unterschiedlich entwickelt, wie die PRI vermeldet .;prozess;rein;done;;frei;+;nd;+;+;nd;nd;nd;nd;nd;nd;nd;nd;nd;nd;nd;nd;nd;nd;nd;nd;nd;nd
84;VVFIN;ADJD;entwickeln;19;NZZ_1997_01_20_a62_seg4_s6;18;Full|3|Pl|Past|Ind;Die Umsätze der einzelnen Titel dürften ohnehin recht unterschiedlich ausgefallen sein, zumal sich die Marktanteile ebenso unterschiedlich entwickelten wie die neben den Tarifen für die Umsatzbildung wichtigen Anteile von Spezialplacierungen und -formaten, Prospektbeilagen, Farbanzeigen usw. Bei der Tages- und Wochenpresse war im Jahresverlauf kein einziger Monat mit einem Wachstum des Inseratvolumens registriert worden, und auch der Dezember gehörte mit, weniger Inseratseiten als im Vorjahr - bei noch 89 ( 94 ) erfassten Zeitungen - zu den schlechtesten Monaten : Die kommerziellen Inserate ( Waren- und Dienstleistungsangebote ) gingen um, zurück, und die Stellenanzeigen brachen um über einen Drittel zusammen .;prozess;rein;done;;frei;+;nd;+;+;nd;nd;nd;nd;nd;nd;nd;nd;nd;nd;nd;nd;nd;nd;nd;nd;nd;nd
86;VVFIN;ADJD;entwickeln;2;NZZ_1996_03_12_a80_seg3_s8;28;Full|3|Pl|Past|Ind;Dabei entwickelten sich die Durchschnittspreise in den Marktsegmenten Desktop und mobile Systeme mit einem Systempreis von 3335 ( 3313 ) Fr. bzw. 4468 ( 5049 ) Fr. unterschiedlich .;prozess;rein;done;;frei;+;nd;+;+;nd;nd;nd;nd;nd;nd;nd;nd;nd;nd;nd;nd;nd;nd;nd;nd;nd;nd
95;VVFIN;ADJD;entwickeln;7;NZZ_1997_02_12_a73_seg10_s1;10;Full|3|Pl|Past|Ind;Die wichtigsten Absatzmärkte für Schweizer Uhren entwickelten sich sehr unterschiedlich .;prozess;rein;done;;frei;+;nd;+;+;nd;nd;nd;nd;nd;nd;nd;nd;nd;nd;nd;nd;nd;nd;nd;nd;nd;nd
99;VVFIN;ADJD;entwickeln;4;NZZ_1996_08_29_a93_seg4_s7;6;Full|3|Pl|Past|Ind;Die drei Konzernbereiche entwickelten sich unterschiedlich .;prozess;rein;done;;frei;+;nd;+;+;nd;nd;nd;nd;nd;nd;nd;nd;nd;nd;nd;nd;nd;nd;nd;nd;nd;nd
100;VVPP;ADJD;entwickeln;8;NZZ_1996_06_05_a75_seg8_s6;7;Full|Psp;Allerdings haben sich die einzelnen Branchen unterschiedlich entwickelt : Bekleidungsartikel und Textilwaren haben sich in den ersten vier Monaten deutlich schlechter verkauft, wogegen sich die Umsätze bei Nahrungs- und Genussmittel sowie im Total der übrigen Branchen halten konnten .;prozess;rein;done;;frei;+;nd;+;+;nd;nd;nd;nd;nd;nd;nd;nd;nd;nd;nd;nd;nd;nd;nd;nd;nd;nd
103;VVFIN;ADJD;entwickeln;5;NZZ_1996_05_22_a36_seg3_s16;11;Full|3|Sg|Past|Ind;Wie bereits gemeldet, entwickelte sich die Arbeitslosigkeit nach Regionen unterschiedlich .;prozess;rein;done;;frei;+;nd;+;+;nd;nd;nd;nd;nd;nd;nd;nd;nd;nd;nd;nd;nd;nd;nd;nd;nd;nd
153;VVPP;ADJD;ergeben;20;NZZ_1998_09_08_a8_seg7_s6;17;Full|-2;Je nach Gerichtsstand, an dem eine Klage anhängig gemacht werden kann, werden sich somit unterschiedlich hohe Schadenersatzleistungen ergeben .;nd;nd;not of interest;ModADJ;;nd;nd;nd;nd;nd;nd;nd;nd;nd;nd;nd;nd;nd;nd;nd;nd;nd;nd;nd;nd;nd;nd
164;VVFIN;ADJD;ergeben;4;NZZ_1994_11_28_a56_seg46_s4;5;Full|3|Pl|Pres|Ind;Im Gegensatz dazu ergeben unterschiedlich hohe Wolken einer von Südskandinavien bis zum Balkan reichenden schwachen Störung ein aufgelockertes Wolkenbild mit grösseren dichten Abschnitten .;nd;nd;not of interest;ModADJ;;nd;nd;nd;nd;nd;nd;nd;nd;nd;nd;nd;nd;nd;nd;nd;nd;nd;nd;nd;nd;nd;nd
57;VVPP;ADJD;erheben;15;NZZ_1994_02_07_a41_seg4_s5;14;Full|Psp;Auch wenn man berücksichtigt, dass die Sprachdaten in den beiden letzten Volkszählungen unterschiedlich erhoben wurden, so war das Ausmass des Terrainverlustes insgesamt dennoch grösser als erwartet .;prozess;rein;done;;frei;+;nd;+;+;nd;nd;nd;nd;nd;nd;nd;nd;nd;nd;nd;nd;nd;nd;nd;nd;nd;nd
81;VVFIN;ADJD;erleben;13;NZZ_1996_06_03_a95_seg3_s2;12;Full|3|Pl|Pres|Ind;Kein literarisches Experiment, sondern ein Abenteuer, das die Beteiligten unterschiedlich erleben, nämlich die auf den ersten Blick nicht besonders ansehnliche Geschichte des Amancio Castro, der in einem uneleganten Viertel von Lima in der Schneiderwerkstatt seiner Schwester die Noten bekannter Komponisten kopiert .;prozess;rein;done;;frei;+;nd;+;+;nd;nd;nd;nd;nd;nd;nd;nd;nd;nd;nd;nd;nd;nd;nd;nd;nd;nd
85;VVPP;ADJD;erzeugen;5;NZZ_1997_02_01_a233_seg6_s17;4;Full|Psp;Die Energie wird unterschiedlich erzeugt, je nach den geographischen und politischen Verhältnissen eines Landes .;prozess;rein;done;;frei;+;nd;+;+;nd;nd;nd;nd;nd;nd;nd;nd;nd;nd;nd;nd;nd;nd;nd;nd;nd;nd
89;VVPP;ADJD;etikettieren;12;NZZ_1995_03_02_a154_seg3_s16;11;Full|Psp;Da begegnet sie Menschen, die durch ihr Leiden so unterschiedlich etikettiert werden, wie dies der psychiatrische Diskurs eben vorsieht : Depressive, Manisch-Depressive, Schizophrene, BorderlinePatienten ..., doch Esther Maria Häusler hat schnell erfahren, dass pro Etikett nicht einfach ein Bewegungsprogramm zugeordnet werden kann .;prozess;rein;done;;frei;+;nd;+;+;nd;nd;nd;nd;nd;nd;nd;nd;nd;nd;nd;nd;nd;nd;nd;nd;nd;nd
93;VVFIN;ADJD;fallen;14;NZZ_1996_06_12_a175_seg4_s4;22;Full|3|Pl|Past|Ind;Während die GPK für ihren Untersuchungsbericht von fast allen Fraktionen gelobt wurde, fielen die Schlussfolgerungen je nach politischer Couleur recht unterschiedlich aus .;prozess;rein;done;;notwendig;+;nd;+;+;nd;nd;nd;nd;nd;nd;nd;nd;nd;nd;nd;nd;nd;nd;nd;nd;nd;nd
96;VVFIN;ADJD;fallen;16;NZZ_1998_06_06_a107_seg8_s8;18;Full|3|Pl|Pres|Ind;Die Einschätzung über die Auswirkungen der Vergleichszahlungen auf den Aktienkurs der « neuen » UBS fallen dagegen unterschiedlich aus .;prozess;rein;done;;notwendig;+;nd;+;+;nd;nd;nd;nd;nd;nd;nd;nd;nd;nd;nd;nd;nd;nd;nd;nd;nd;nd
97;VVFIN;ADJD;fallen;4;NZZ_1997_03_10_a77_seg5_s3;6;Full|3|Pl|Pres|Ind;Die jeweiligen Bestimmungsversuche fallen denkbar unterschiedlich aus .;prozess;rein;done;;notwendig;+;nd;+;+;nd;nd;nd;nd;nd;nd;nd;nd;nd;nd;nd;nd;nd;nd;nd;nd;nd;nd
106;VVFIN;ADJD;fallen;13;NZZ_1996_11_09_a241_seg7_s9;15;Full|3|Pl|Pres|Ind;Das Heft zeigt vor allem eines : Die Antworten auf jene Fragen fallen so unterschiedlich aus, dass man kaum von einer hinlänglich geklärten Frage sprechen mag .;prozess;rein;done;;notwendig;+;nd;+;+;nd;nd;nd;nd;nd;nd;nd;nd;nd;nd;nd;nd;nd;nd;nd;nd;nd;nd
108;VVFIN;ADJD;fallen;2;NZZ_1997_04_05_a87_seg8_s3;9;Full|3|Sg|Past|Ind;Zudem fiel die Entwicklung je nach Produktkategorie stark unterschiedlich aus .;prozess;rein;done;;notwendig;+;nd;+;+;nd;nd;nd;nd;nd;nd;nd;nd;nd;nd;nd;nd;nd;nd;nd;nd;nd;nd
109;VVFIN;ADJD;fallen;7;NZZ_1999_07_20_a188_seg3_s1;13;Full|3|Pl|Pres|Ind;Für die Schweizer Fahrer im Tour-de-France-Peloton fallen die Ambitionen vor den Pyrenäenetappen unterschiedlich aus : die einen wollen den Leader angreifen, die anderen einfach nur Paris erreichen .;prozess;rein;done;;notwendig;+;nd;+;+;nd;nd;nd;nd;nd;nd;nd;nd;nd;nd;nd;nd;nd;nd;nd;nd;nd;nd
110;VVFIN;ADJD;fallen;28;NZZ_1998_08_14_a27_seg2_s1;29;Full|3|Pl|Pres|Ind;( sda ) Erleichterung über die Abwendung der Boykottgefahr, Empörung über die « Erpressbarkeit » der Schweizer Banken - die Reaktionen der Parteien auf den Vergleich fallen unterschiedlich aus .;prozess;rein;done;;notwendig;+;nd;+;+;nd;nd;nd;nd;nd;nd;nd;nd;nd;nd;nd;nd;nd;nd;nd;nd;nd;nd
111;VVFIN;ADJD;fallen;3;NZZ_1996_12_06_a105_seg8_s3;2;Full|3|Pl|Past|Ind;Höchst unterschiedlich fielen die Reaktionen aus, als vor kurzem die Nachricht kolportiert wurde, « Peking » habe einen Fonds etabliert, um die Stabilität der Hongkonger Börse nach dem Abzug der Briten sicherzustellen .;prozess;rein;done;;notwendig;+;nd;+;+;nd;nd;nd;nd;nd;nd;nd;nd;nd;nd;nd;nd;nd;nd;nd;nd;nd;nd
113;VVFIN;ADJD;fallen|fällen;2;NZZ_1999_02_15_a91_seg7_s9;11;Full|3|Sg|Pres|Ind;Ebenso fällt die Mindesthöhe der einzelnen Sparschritte je nach Anbieter unterschiedlich aus .;prozess;rein;done;;notwendig;+;nd;+;+;nd;nd;nd;nd;nd;nd;nd;nd;nd;nd;nd;nd;nd;nd;nd;nd;nd;nd
104;VVPP;ADJD;finanzieren;6;NZZ_1994_02_04_a61_seg9_s1;5;Full|Psp;Die drei Stufen werden unterschiedlich finanziert .;prozess;rein;done;;frei;+;nd;+;+;nd;nd;nd;nd;nd;nd;nd;nd;nd;nd;nd;nd;nd;nd;nd;nd;nd;nd
175;VVPP;ADJD;formen;13;NZZ_1999_10_14_a194_seg5_s7;12;Full|Psp;Einzelne Nüsse können zwar - wie menschliche Körper auch - relativ unterschiedlich geformt sein, doch gehört nicht viel Phantasie dazu, solche Assoziationen zu entwickeln .;nd;nd;not of interest;ModPräd ;;nd;nd;nd;nd;nd;nd;nd;nd;nd;nd;nd;nd;nd;nd;nd;nd;nd;nd;nd;nd;nd;nd
162;VVINF;ADJD;führen;3;NZZ_1994_07_07_a35_seg10_s1;5;Full|3|Pl|Pres|Ind;Reduzierte Abgabesätze führen zu unterschiedlich starken finanziellen Anreizen, die Umweltbelastung zu verringern .;nd;nd;not of interest;ModADJ;;nd;nd;nd;nd;nd;nd;nd;nd;nd;nd;nd;nd;nd;nd;nd;nd;nd;nd;nd;nd;nd;nd
91;VVFIN;ADJD;geben;4;NZZ_1997_04_12_a47_seg9_s1;13;Full|3|Sg|Past|Ind;In westlichen Gesellschaften gab es bis weit ins 20. Jahrhundert - geschlechtsspezifisch unterschiedlich - vier biographische Einschnitte : Geburt, Pubertätseintritt, Heirat und Tod .;nd;nd;done;parenthese;;nd;nd;nd;nd;nd;nd;nd;nd;nd;nd;nd;nd;nd;nd;nd;nd;nd;nd;nd;nd;nd;nd
115;VVPP;ADJD;gehen;46;NZZ_1995_01_30_a158_seg5_s6;27;Full|Psp;In einem Gesamtüberblick über die politische, wirtschaftliche und gesellschaftliche Entwicklung zeigt er mit zwei Fallstudien ( die Polen und die Tschechoslowakei betreffen ), wie unterschiedlich dieser Prozess in den verschiedenen Ländern Osteuropas in den vier Jahren nach dem Umbruch von 1989 vor sich gegangen ist .;prozess;rein;done;;frei;+;nd;+;+;nd;nd;nd;nd;nd;nd;nd;nd;nd;nd;nd;nd;nd;nd;nd;nd;nd;nd
75;VVFIN;ADJD;gelingen;32;NZZ_1998_04_11_a251_seg3_s18;24;Full|3|Sg|Pres|Ind;Längst vergessene Stilexperimente wie Jeanne Lanvins Bolerojäckchen mit slawischer Kurbelstickerei oder Kenzos multikultureller Mix aus den siebziger Jahren sind Beispiele dafür, wie unterschiedlich das Integrieren ethnischer Einflüsse in westlicher Kleidung gelingt .;prozess;rein;done;;frei;+;nd;+;+;nd;nd;nd;nd;nd;nd;nd;nd;nd;nd;nd;nd;nd;nd;nd;nd;nd;nd
119;VVINF;ADJD;gestalten;13;NZZ_1995_09_16_a13_seg1_s20;12;Full|-2;Eine Besserstellung der Frau weltweit - auch wenn diese sich kulturell unterschiedlich gestalten mag - ist daher auch für den Abbau der Nord-Süd-Spannungen, welche nach dem kalten Krieg in den Vordergrund getreten sind, und damit für eine stabile weltpolitische Entwicklung von grosser Bedeutung .;prozess;rein;done;;notwendig;+;nd;+;+;nd;nd;nd;nd;nd;nd;nd;nd;nd;nd;nd;nd;nd;nd;nd;nd;nd;nd
1;VVPP;ADJD;gewichten;7;NZZ_1995_04_11_a169_seg2_s13;6;Full|Psp;So könnten beispielsweise die Standesstimmen unterschiedlich gewichtet werden .;prozess;rein;done;;frei;+;nd;+;+;nd;nd;nd;nd;nd;nd;nd;nd;nd;nd;nd;nd;nd;nd;nd;nd;nd;nd
14;VVPP;ADJD;gewichten;22;NZZ_1994_09_03_a176_seg5_s5;21;Full|Psp;Und zur weiteren Erläuterung des Standpunktes fügte er hinzu, dass überdies die Antidoping-Gesetze in den Einzel- und den Mannschaftssportarten unterschiedlich gewichtet werden müssten und dass die Richter Vergehen gleicher Art je nach Umständen differenziert ahnden müssten .;prozess;rein;done;;frei;+;nd;+;+;nd;nd;nd;nd;nd;nd;nd;nd;nd;nd;nd;nd;nd;nd;nd;nd;nd;nd
27;VVPP;ADJD;gewichten;10;NZZ_1998_06_27_a219_seg2_s9;9;Full|Psp;Für Festspiele gibt es verschiedene Motive, die unterschiedlich gewichtet und betont wurden und werden .;prozess;rein;done;;frei;+;nd;+;+;nd;nd;nd;nd;nd;nd;nd;nd;nd;nd;nd;nd;nd;nd;nd;nd;nd;nd
36;VVINF;ADJD;gewichten;7;NZZ_1998_05_14_a51_seg10_s1;5;Full|-2;Die erhobenen Vorwürfe sind unterschiedlich zu gewichten .;prozess;rein;done;;frei;+;nd;+;+;nd;nd;nd;nd;nd;nd;nd;nd;nd;nd;nd;nd;nd;nd;nd;nd;nd;nd
143;VVFIN;ADJD;gewichten;2;NZZ_1996_10_23_a73_seg3_s5;5;Full|3|Sg|Pres|Ind;Juncker gewichtet diese Kriterien unterschiedlich : Das Schuldenkriterium hält er für weniger wichtig, wogegen er eine konsequente und strikte Haushaltführung für unerlässlich hält .;prozess;rein;done;;frei;+;nd;+;+;nd;nd;nd;nd;nd;nd;nd;nd;nd;nd;nd;nd;nd;nd;nd;nd;nd;nd
46;VAFIN;ADJD;haben;17;NZZ_1995_04_22_a47_seg3_s4;14;Haben|3|Pl|Pres|Ind;Danach muss eine sachgerechte Lösung der Tatsache Rechnung tragen, dass die Kalendermonate unterschiedlich viele Stempeltage haben .;nd;nd;not of interest;ModADJ;;nd;nd;nd;nd;nd;nd;nd;nd;nd;nd;nd;nd;nd;nd;nd;nd;nd;nd;nd;nd;nd;nd
120;VVFIN;ADJD;halten;13;NZZ_1996_11_15_a130_seg5_s4;12;Full|3|Sg|Pres|Ind;"Jeweils ungefähr Mitte November verabschiedet der Stadtrat den Finanzplan ; höchst unterschiedlich hält es Finanzvorstand Willy Küng aber mit der Veröffentlichung des Plans .";prozess;rein;done;;notwendig;+;nd;+;+;nd;nd;nd;nd;nd;nd;nd;nd;nd;nd;nd;nd;nd;nd;nd;nd;nd;nd
123;VVPP;ADJD;interessieren;23;NZZ_1997_03_08_a187_seg2_s29;22;Full|Psp;Allerdings sollen sich die Ende Januar von der UCI zu einer Arbeitstagung nach Genf gerufenen Teamchefs und Mediziner für das Thema unterschiedlich interessiert haben .;prozess;rein;done;;frei;+;nd;+;+;nd;nd;nd;nd;nd;nd;nd;nd;nd;nd;nd;nd;nd;nd;nd;nd;nd;nd
44;VVFIN;ADJD;interpretieren;8;NZZ_1994_02_05_a44_seg5_s6;7;Full|Psp;"Die Entwicklung auf dem Rindfleischsektor wird unterschiedlich interpretiert : Das ABARE befürchtet eine Überproduktion, ein Fachverband nimmt dagegen an, dass die Produzenten in den nächsten Jahren von den guten Preisen ( 1994 : 238 Cent/kg ; 1996 : 287 Cent/kg ) profitieren und ihre Herden verkleinern werden .";prozess;rein;done;;frei;+;nd;+;+;nd;nd;nd;nd;nd;nd;nd;nd;nd;nd;nd;nd;nd;nd;nd;nd;nd;nd
51;VVFIN;ADJD;interpretieren;11;NZZ_1994_09_29_a80_seg8_s17;10;Full|Psp;"Wachsende Lager in der Waadt und dem Tessin werden unterschiedlich interpretiert ; manche glauben, dass die Rotweine tendenziell etwas älter abgesetzt werden und kein Anlass zur Sorge bestehe .";prozess;rein;done;;frei;+;nd;+;+;nd;nd;nd;nd;nd;nd;nd;nd;nd;nd;nd;nd;nd;nd;nd;nd;nd;nd
122;VVPP;ADJD;interpretieren;5;NZZ_1996_12_16_a17_seg6_s5;2;Full|Psp;Wie unterschiedlich diese Aussagen interpretiert wurden, zeigten Schlagzeilen in zwei ostdeutschen Tageszeitungen, von denen die eine Modrow entlastet, die andere aber belastet sah .;prozess;rein;done;;frei;+;nd;+;+;nd;nd;nd;nd;nd;nd;nd;nd;nd;nd;nd;nd;nd;nd;nd;nd;nd;nd
125;VVINF;ADJD;interpretieren;12;NZZ_1995_09_08_a75_seg9_s7;11;Full|-2;Wie immer kann man diese insgesamt eher ernüchternden Ergebnisse natürlich unterschiedlich interpretieren .;prozess;rein;done;;frei;+;nd;+;+;nd;nd;nd;nd;nd;nd;nd;nd;nd;nd;nd;nd;nd;nd;nd;nd;nd;nd
107;VVPP;ADJD;isolieren;15;NZZ_1995_11_30_a148_seg6_s10;14;Full|Psp;Anfangsschwierigkeiten hätten sich mit der Temperaturregulierung ergeben, da die verschieden alten Räume unterschiedlich isoliert sind, sagte Direktor Louis Landolt .;nd;nd;not of interest;ModPräd ;;nd;nd;nd;nd;nd;nd;nd;nd;nd;nd;nd;nd;nd;nd;nd;nd;nd;nd;nd;nd;nd;nd
63;VVFIN;ADJD;kommen;22;NZZ_1999_06_19_a274_seg4_s17;19;Full|3|Pl|Pres|Ind;Jede Varietät hat ihre Eigenarten, hat ihre Vor- und Nachteile, die je nach Lage und Bewirtschaftung unterschiedlich zum Tragen kommen .;prozess;rein;done;;frei;+;nd;+;+;nd;nd;nd;nd;nd;nd;nd;nd;nd;nd;nd;nd;nd;nd;nd;nd;nd;nd
88;VVFIN;ADJD;kommentieren;9;NZZ_1995_01_24_a73_seg7_s1;8;Full|Psp;An den Londoner Finanzmärkten wurden die Inflationszahlen unterschiedlich kommentiert .;prozess;rein;done;;frei;+;nd;+;+;nd;nd;nd;nd;nd;nd;nd;nd;nd;nd;nd;nd;nd;nd;nd;nd;nd;nd
112;VVFIN;ADJD;kommentieren;15;NZZ_1999_07_24_a6_seg3_s1;14;Full|3|Sg|Pres|Ind;Die türkischen Medien haben den Besuch des deutschen Aussenministers Fischer in der Türkei unterschiedlich kommentiert .;prozess;rein;done;;frei;+;nd;+;+;nd;nd;nd;nd;nd;nd;nd;nd;nd;nd;nd;nd;nd;nd;nd;nd;nd;nd
116;VMINF;ADJD;können;27;NZZ_1996_03_29_a210_seg8_s12;19;Mod|3|Pl|Pres|Ind;Dem ging es nun weniger darum, wo und wie Kunstwerke entstehen, als vielmehr darum, wie unterschiedlich sie gesehen, interpretiert und instrumentalisiert werden können .;prozess;rein;done;;frei;+;nd;+;+;nd;nd;nd;nd;nd;nd;nd;nd;nd;nd;nd;nd;nd;nd;nd;nd;nd;nd
129;VVFIN;ADJD;lassen;11;NZZ_1995_08_19_a66_seg3_s11;13;Full|3|Sg|Pres|Ind;Dass jetzt die Wahl auf Rubens Ricupero gefallen ist, lässt sich unterschiedlich deuten .;prozess;rein;done;;frei;+;nd;+;+;nd;nd;nd;nd;nd;nd;nd;nd;nd;nd;nd;nd;nd;nd;nd;nd;nd;nd
132;VVINF;ADJD;lauten;8;NZZ_1998_09_22_a228_seg11_s3;7;Full|-2;Die Antwort mag für verschiedene Handelsszenarien unterschiedlich lauten .;prozess;rein;done;;notwendig;+;nd;+;+;nd;nd;nd;nd;nd;nd;nd;nd;nd;nd;nd;nd;nd;nd;nd;nd;nd;nd
133;VVFIN;ADJD;lauten;3;NZZ_1995_07_20_a175_seg3_s7;4;Full|3|Sg|Pres|Ind;"Ihr Urteil lautet unterschiedlich ; herbe Kritik steht bewundernder Anerkennung gegenüber .";prozess;rein;done;;notwendig;+;nd;+;+;nd;nd;nd;nd;nd;nd;nd;nd;nd;nd;nd;nd;nd;nd;nd;nd;nd;nd
117;VVFIN;ADJD;lesen;6;NZZ_1996_06_22_a222_seg16_s4;2;Full|-2;So unterschiedlich sich diese Lebenszeugnisse lesen, von den unbeschwerten « Schwatzorgien » mit der Jugendfreundin Anne Weil bis zu den schwierigen, nach dem Eichmann-Buch ins Stocken gekommenen Botschaften an Hans Jonas : Eingraviert in diese Briefe, findet sich wieder das Motto aus der « Rahel » -Biographie - sich den Freunden so aussetzen, dass es einen treffen kann « wie Wetter ohne Schirm » .;nd;nd;not of interest;"prädikativ; wrong head";;nd;nd;nd;nd;nd;nd;nd;nd;nd;nd;nd;nd;nd;nd;nd;nd;nd;nd;nd;nd;nd;nd
118;VMFIN;ADJD;mögen;14;NZZ_1995_03_08_a191_seg4_s7;2;Mod|3|Pl|Pres|Ind;So unterschiedlich bei all diesen Fragen die Vorstellungen über die einzuschlagende Marschrichtung sein mögen, so unabdingbar ist es, dass der einmal gewählte Weg nicht in einen Zickzackkurs mündet, sondern dass Gewähr geboten wird für Konsequenz und Geradlinigkeit .;nd;nd;not of interest;"prädikativ; wrong head";;nd;nd;nd;nd;nd;nd;nd;nd;nd;nd;nd;nd;nd;nd;nd;nd;nd;nd;nd;nd;nd;nd
144;VMFIN;ADJD;mögen;8;NZZ_1999_12_17_a152_seg3_s2;2;Mod|3|Pl|Pres|Ind;So unterschiedlich die antretenden Parteien auch sein mögen, in einer Beurteilung sind sie sich einig : Der grausame Vernichtungskrieg der russischen Armee sei eine gerechte Sache .;nd;nd;not of interest;"prädikativ; wrong head";;nd;nd;nd;nd;nd;nd;nd;nd;nd;nd;nd;nd;nd;nd;nd;nd;nd;nd;nd;nd;nd;nd
50;VVPP;ADJD;motivieren;6;NZZ_1995_04_21_a30_seg11_s4;5;Full|Psp;Bildungspolitisch ist das Malaise unterschiedlich motiviert : Bedauern die einen das hohe Reformtempo, beklagen die andern die langsame Reaktionszeit der Institution auf gesellschaftliche Veränderungen .;prozess;rein;done;;frei;+;nd;+;+;nd;nd;nd;nd;nd;nd;nd;nd;nd;nd;nd;nd;nd;nd;nd;nd;nd;nd
54;VVFIN;ADJD;niederschlagen;17;NZZ_1999_07_28_a67_seg8_s5;16;Full|3|Pl|Past|Subj;Externe Schocks, technologische Innovationen oder politische Veränderungen, die sich in den einzelnen Ländern unterschiedlich niederschlügen, könnten die bereits erreichte Konvergenz wieder verringern .;prozess;rein;done;;frei;+;nd;+;+;nd;nd;nd;nd;nd;nd;nd;nd;nd;nd;nd;nd;nd;nd;nd;nd;nd;nd
136;VVPP;ADJD;nuancieren;33;NZZ_1996_06_24_a15_seg2_s4;32;Full|Psp;Die jüngste Initiative der ETA hat sowohl bei der Regierung als auch bei sämtlichen demokratischen Parteien ( einschliesslich jener aus dem Baskenland ) keine gute Aufnahme gefunden, wenngleich die Stellungnahmen unterschiedlich nuanciert ausfielen .;nd;nd;not of interest;ModADV;;nd;nd;nd;nd;nd;nd;nd;nd;nd;nd;nd;nd;nd;nd;nd;nd;nd;nd;nd;nd;nd;nd
34;VVINF;ADJD;organisieren;18;NZZ_1995_06_22_a137_seg4_s4;16;Full|-2;Den Kantonen wurde bewusst die Freiheit zugestanden, die Beratungsstellen im Rahmen der öffentlichen Fürsorge unterschiedlich zu organisieren .;prozess;rein;done;;frei;+;nd;+;+;nd;nd;nd;nd;nd;nd;nd;nd;nd;nd;nd;nd;nd;nd;nd;nd;nd;nd
114;VVPP;ADJD;organisieren;44;NZZ_1999_01_15_a222_seg13_s14;43;Full|Psp;Diese « Formularharmonisierung » wird nach Ansicht der beteiligten Verwaltungsfachleute allerdings nicht zu einem wirklich einheitlichen « Formular Schweiz » führen, da das Steuerharmonisierungsgesetz den Kantonen gewisse Freiräume bietet, die sich im Formular niederschlagen, und zudem die Veranlagungsadministrationen sehr unterschiedlich organisiert sind .;prozess;rein;done;;frei;+;nd;+;+;nd;nd;nd;nd;nd;nd;nd;nd;nd;nd;nd;nd;nd;nd;nd;nd;nd;nd
39;VVPP;ADJD;prägen;31;NZZ_1997_10_28_a30_seg13_s1;27;Full|Psp;Ein Trend von den bürgerlichen zu den linken Parteien lässt sich auch in den übrigen Städten des Waadtlandes beobachten, wobei hier das Bild vielfältig und unterschiedlich durch lokale Verhältnisse geprägt ist .;nd;nd;not of interest;ModPräd ;;nd;nd;nd;nd;nd;nd;nd;nd;nd;nd;nd;nd;nd;nd;nd;nd;nd;nd;nd;nd;nd;nd
134;VVFIN;ADJD;präsentieren;9;NZZ_1996_09_27_a90_seg4_s1;13;Full|3|Sg|Pres|Ind;Die konjunkturelle Entwicklung in den sechs grossen Industrieländern präsentiert sich weiterhin relativ unterschiedlich .;prozess;rein;done;;frei;+;nd;+;+;nd;nd;nd;nd;nd;nd;nd;nd;nd;nd;nd;nd;nd;nd;nd;nd;nd;nd
137;VVFIN;ADJD;präsentieren;22;NZZ_1995_04_26_a144_seg3_s1;37;Full|3|Sg|Pres|Ind;Knapp drei Monate vor den Welttitelkämpfen mit Degen, Florett und Säbel ( Den Haag, 18. bis 23. Juli ) präsentiert sich der internationale Leistungsstand, im Vergleich mit den beiden letzten Jahren, recht unterschiedlich .;prozess;rein;done;;frei;+;nd;+;+;nd;nd;nd;nd;nd;nd;nd;nd;nd;nd;nd;nd;nd;nd;nd;nd;nd;nd
135;VVPP;ADJD;reagieren;17;NZZ_1997_05_27_a105_seg2_s1;8;Full|Psp;( Bloomberg/Reuter ) Die deutschen Wertpapiermärkte haben unterschiedlich auf das vorläufige Ergebnis der Parlamentswahlen in Frankreich reagiert .;prozess;rein;done;;frei;+;nd;+;+;nd;nd;nd;nd;nd;nd;nd;nd;nd;nd;nd;nd;nd;nd;nd;nd;nd;nd
138;VVFIN;ADJD;reagieren;19;NZZ_1993_04_28_a135_seg10_s14;18;Full|3|Pl|Pres|Ind;Dies hat zwei Gründe : Zum einen sind Menschen Individuen, welche auf die Einflüsse der Umwelt unterschiedlich reagieren, zum anderen sind Grenzwerte oft ein Kompromiss zwischen dem Wünschbaren und dem Machbaren .;prozess;rein;done;;frei;+;nd;+;+;nd;nd;nd;nd;nd;nd;nd;nd;nd;nd;nd;nd;nd;nd;nd;nd;nd;nd
139;VVFIN;ADJD;reagieren;5;NZZ_1998_03_02_a152_seg3_s16;8;Full|3|Pl|Pres|Ind;In solch prekären Situationen reagieren die Vereine unterschiedlich .;prozess;rein;done;;frei;+;nd;+;+;nd;nd;nd;nd;nd;nd;nd;nd;nd;nd;nd;nd;nd;nd;nd;nd;nd;nd
140;VVPP;ADJD;reagieren;14;NZZ_1999_10_08_a147_seg2_s2;10;Full|Psp;Die Aktien des südafrikanischen Bergbauunternehmens Ashanti haben am Donnerstag unterschiedlich auf die Nachricht reagiert, wonach die Gläubiger davon überzeugt werden konnten, die Forderung nach ausstehenden 250 Mio. $ für mehrere Wochen auszusetzen .;prozess;rein;done;;frei;+;nd;+;+;nd;nd;nd;nd;nd;nd;nd;nd;nd;nd;nd;nd;nd;nd;nd;nd;nd;nd
142;VVFIN;ADJD;reagieren;2;NZZ_1999_02_03_a238_seg7_s1;3;Full|3|Pl|Pres|Ind;Pflanzenarten reagieren unterschiedlich;prozess;rein;done;title;frei;+;nd;+;+;nd;nd;nd;nd;nd;nd;nd;nd;nd;nd;nd;nd;nd;nd;nd;nd;nd;nd
145;VVFIN;ADJD;reagieren;7;NZZ_1996_12_24_a38_seg6_s13;9;Full|3|Pl|Past|Ind;Behörden und Bevölkerung der betroffenen Gemeinden reagierten jedoch unterschiedlich : während die einen das Projekt begrüssten, meldeten andere Widerstand .;prozess;rein;done;;frei;+;nd;+;+;nd;nd;nd;nd;nd;nd;nd;nd;nd;nd;nd;nd;nd;nd;nd;nd;nd;nd
158;VVFIN;ADJD;reagieren;4;NZZ_1993_02_12_a105_seg13_s1;5;Full|3|Pl|Pres|Ind;Die asiatischen Regierungen reagieren unterschiedlich auf die Herausforderung durch die Satellitentechnik .;prozess;rein;done;;frei;+;nd;+;+;nd;nd;nd;nd;nd;nd;nd;nd;nd;nd;nd;nd;nd;nd;nd;nd;nd;nd
167;VVPP;ADJD;reagieren;12;NZZ_1996_02_26_a111_seg8_s14;11;Full|Psp;Die Zürcher Buchhändlerinnen und Buchhändler haben auf die plötzliche Minibuchschwemme unterschiedlich reagiert .;prozess;rein;done;;frei;+;nd;+;+;nd;nd;nd;nd;nd;nd;nd;nd;nd;nd;nd;nd;nd;nd;nd;nd;nd;nd
190;VVFIN;ADJD;reagieren;2;NZZ_1997_05_15_a72_seg8_s9;3;Full|3|Pl|Past|Ind;Wirtschaftskreise reagierten unterschiedlich auf die als einfallslos und wenig inspirierend bezeichnete Haushalterklärung .;prozess;rein;done;;frei;+;nd;+;+;nd;nd;nd;nd;nd;nd;nd;nd;nd;nd;nd;nd;nd;nd;nd;nd;nd;nd
7;VVPP;ADJD;regeln;26;NZZ_1999_09_23_a60_seg8_s6;25;Full|Psp;Ein weiterer Stolperstein, auf den aufmerksam gemacht wurde, ist der Invaliditätsbegriff, der im Sozialversicherungsrecht, im Privatversicherungsgesetz und im Haftpflichtrecht je unterschiedlich geregelt ist .;nd;nd;not of interest;ModPräd ;;nd;nd;nd;nd;nd;nd;nd;nd;nd;nd;nd;nd;nd;nd;nd;nd;nd;nd;nd;nd;nd;nd
12;VVFIN;ADJD;regeln;3;NZZ_1998_01_22_a235_seg5_s14;7;Full|3|Pl|Pres|Ind;Die Kantone regeln das Schuleintrittsalter ganz unterschiedlich .;prozess;rein;done;;frei;+;nd;+;+;nd;nd;nd;nd;nd;nd;nd;nd;nd;nd;nd;nd;nd;nd;nd;nd;nd;nd
130;VVFIN;ADJD;regeln;3;NZZ_1997_11_19_a29_seg5_s9;6;Full|3|Pl|Pres|Ind;Private Unfallversicherer regeln den Rücktransport unterschiedlich .;prozess;rein;done;;frei;+;nd;+;+;nd;nd;nd;nd;nd;nd;nd;nd;nd;nd;nd;nd;nd;nd;nd;nd;nd;nd
166;VVPP;ADJD;regeln;16;NZZ_1998_03_28_a115_seg14_s4;15;Full|Psp;Das Rentenalter im Rahmen von betrieblicher und staatlicher Altersvorsorge ist in Japan im Regelfall unterschiedlich geregelt .;nd;nd;not of interest;ModPräd ;;nd;nd;nd;nd;nd;nd;nd;nd;nd;nd;nd;nd;nd;nd;nd;nd;nd;nd;nd;nd;nd;nd
58;VVPP;ADJD;schreiben;27;NZZ_1994_11_25_a132_seg3_s6;26;Full|Psp;Ungelöst bleibt auch die Vereinfachung der Schreibweise von im Selbstlaut gleichartigen Silben wie « bot » und « Boot », die auch in Zukunft unterschiedlich geschrieben werden müssen .;prozess;rein;done;;frei;+;nd;+;+;nd;nd;nd;nd;nd;nd;nd;nd;nd;nd;nd;nd;nd;nd;nd;nd;nd;nd
193;VVINF;ADJD;sehen;34;NZZ_1995_10_04_a14_seg10_s2;33;Full|3|Pl|Pres|Ind;Die unstrittigen Fortschritte auf dem Weg zu einer integrierten Gesellschaft werden von der Erfahrung begleitet, dass Schwarze und Weisse, selbst wenn sie zusammen leben und arbeiten, die Welt meistens unterschiedlich sehen und bewerten .;prozess;rein;done;;frei;+;nd;+;+;nd;nd;nd;nd;nd;nd;nd;nd;nd;nd;nd;nd;nd;nd;nd;nd;nd;nd
196;VVPP;ADJD;sehen;15;NZZ_1993_04_05_a66_seg5_s22;14;Full|Psp;Was nämlich die Schweiz als Ganzes angeht und immerhin in einer gesamtschweizerischen Streuung unterschiedlich gesehen wird, darf nicht nach traditionellem Muster auf einen kulturräumlichen Gegensatz reduziert werden .;prozess;rein;done;;notwendig;+;nd;+;+;nd;nd;nd;nd;nd;nd;nd;nd;nd;nd;nd;nd;nd;nd;nd;nd;nd;nd
101;VVPP;ADJD;setzen;30;NZZ_1998_12_05_a246_seg6_s9;27;Full|Psp;Gerade die letzte Frage berührt Elementares in unserer Zeit : Zwar ist die Weihnachtsfeier das wichtigste Fest der Christen, doch wird dieses Ereignis weltweit natürlich unterschiedlich in Szene gesetzt und gehandhabt .;prozess;rein;done;;frei;+;nd;+;+;nd;nd;nd;nd;nd;nd;nd;nd;nd;nd;nd;nd;nd;nd;nd;nd;nd;nd
131;VVPP;ADJD;setzen;5;NZZ_1996_03_16_a152_seg11_s2;2;Full|Psp;Wie unterschiedlich die Akzente gesetzt werden, lässt sich schon aus der Herkunft der Filme erahnen : Wenn Schweizerinnen an Rave-Parties aus ihrem Alltag ausbrechen, beschäftigen die Mädchen in Lettland doch ganz andere Sorgen .;prozess;rein;done;;frei;+;nd;+;+;nd;nd;nd;nd;nd;nd;nd;nd;nd;nd;nd;nd;nd;nd;nd;nd;nd;nd
146;VVFIN;ADJD;stellen;19;NZZ_1998_11_03_a230_seg5_s2;22;Full|3|Pl|Pres|Ind;Die Türkei, in deren Gebiet sie sich zutrugen, und die Armenier, die verschont blieben, stellen sie völlig unterschiedlich dar, und auch in der Fachwelt besteht kein einheitliches Bild .;prozess;rein;done;;frei;+;nd;+;+;nd;nd;nd;nd;nd;nd;nd;nd;nd;nd;nd;nd;nd;nd;nd;nd;nd;nd
148;VVFIN;ADJD;tendieren;11;NZZ_1998_12_04_a133_seg2_s17;12;Full|3|Pl|Past|Ind;Die Kurse der Aktien der beiden Fusionspartner Sanofi und Synthelabo tendierten unterschiedlich .;prozess;rein;done;;frei;+;nd;+;+;nd;nd;nd;nd;nd;nd;nd;nd;nd;nd;nd;nd;nd;nd;nd;nd;nd;nd
92;VVPP;ADJD;überprüfen;10;NZZ_1999_03_17_a51_seg5_s6;9;Full|Psp;Die Spitäler werden ungleich behandelt, die Kantone unterschiedlich überprüft .;prozess;rein;done;;frei;+;nd;+;+;nd;nd;nd;nd;nd;nd;nd;nd;nd;nd;nd;nd;nd;nd;nd;nd;nd;nd
149;VVFIN;ADJD;umgehen;17;NZZ_1995_05_30_a118_seg9_s2;13;Full|3|Sg|Pres|Ind;Der Berliner Soziologe Heinz Bude hat untersucht, wie jede Generation ganz unterschiedlich mit der Vergangenheitsbewältigung umgeht .;prozess;rein;done;;notwendig;+;nd;+;+;nd;nd;nd;nd;nd;nd;nd;nd;nd;nd;nd;nd;nd;nd;nd;nd;nd;nd
49;VVFIN;ADJD;verändern;5;NZZ_1995_09_02_a77_seg6_s7;11;Full|3|Sg|Past|Ind;Unter den verschiedenen Bevölkerungskategorien veränderte sich die Arbeitslosenquote wie üblich unterschiedlich : Männer, ( Vormonat :, ) %, Frauen, (, ) %, Jugendliche, (, ) %, Weisse, (, ) %, Schwarze, (, ) % und Hispanics, (, ) %;prozess;rein;done;;frei;+;nd;+;+;nd;nd;nd;nd;nd;nd;nd;nd;nd;nd;nd;nd;nd;nd;nd;nd;nd;nd
126;VVPP;ADJD;veranlagen;19;NZZ_1995_11_23_a27_seg4_s1;18;Full|Psp;U. M. Bern, 22. November Nach geltendem Recht werden die Steuern auf in- und ausländischen Branntweinen unterschiedlich veranlagt : auf inländischen gebrannten Wassern nach Litern/100% Vol., die Monopolgebühren auf ausländischen dagegen je 100 kg brutto .;prozess;rein;done;;frei;+;nd;+;+;nd;nd;nd;nd;nd;nd;nd;nd;nd;nd;nd;nd;nd;nd;nd;nd;nd;nd
152;VVPP;ADJD;verarbeiten;20;NZZ_1997_11_20_a213_seg16_s4;19;Full|Psp;Dies wird besonders deutlich bei den Titeln, die von beiden Geschlechtern gewählt und gelesen, aber auffallend unterschiedlich verarbeitet werden .;prozess;rein;done;;frei;+;nd;+;+;nd;nd;nd;nd;nd;nd;nd;nd;nd;nd;nd;nd;nd;nd;nd;nd;nd;nd
154;VVPP;ADJD;verbrachen|verbringen;26;NZZ_1997_09_08_a147_seg3_s2;25;Full|Psp;Die Wochen des Wartens werden von den Teilnehmern am bedeutendsten Anlass des Jahres, dem Ryder-Cup am letzten Septemberwochenende, nach dem European Masters unterschiedlich verbracht .;prozess;rein;done;;frei;+;nd;+;+;nd;nd;nd;nd;nd;nd;nd;nd;nd;nd;nd;nd;nd;nd;nd;nd;nd;nd
22;VVPP;ADJD;verfestigen;6;NZZ_1998_01_09_a54_seg4_s6;5;Full|Psp;Die Altschneedecke ist dabei unterschiedlich verfestigt und weist spröde Zwischenschichten auf .;nd;nd;not of interest;ModPräd ;;nd;nd;nd;nd;nd;nd;nd;nd;nd;nd;nd;nd;nd;nd;nd;nd;nd;nd;nd;nd;nd;nd
155;VVFIN;ADJD;verhalten;31;NZZ_1995_01_11_a163_seg13_s11;30;Full|Psp;"Diese Mosaike bestehen aus zwei genetisch unterschiedlichen Zellklassen ; den normalen, genetisch unveränderten Zellen und den wenigen Zellen, die ein ausgewähltes Gen aktiviert haben und sich dadurch unterschiedlich verhalten .";prozess;rein;done;;notwendig;+;nd;+;+;nd;nd;nd;nd;nd;nd;nd;nd;nd;nd;nd;nd;nd;nd;nd;nd;nd;nd
156;VVINF;ADJD;verlaufen;10;NZZ_1994_04_22_a120_seg4_s4;9;Full|Psp;Auch 1993 ist die Entwicklung je nach Region unterschiedlich verlaufen .;prozess;rein;done;;notwendig;+;nd;+;+;nd;nd;nd;nd;nd;nd;nd;nd;nd;nd;nd;nd;nd;nd;nd;nd;nd;nd
157;VVFIN;ADJD;verlaufen;2;NZZ_1996_06_19_a85_seg3_s6;9;Full|3|Sg|Past|Ind;Dabei verlief die Entwicklung in den einzelnen Sparten unterschiedlich .;prozess;rein;done;;notwendig;+;nd;+;+;nd;nd;nd;nd;nd;nd;nd;nd;nd;nd;nd;nd;nd;nd;nd;nd;nd;nd
159;VVFIN;ADJD;verlaufen;22;NZZ_1995_02_23_a109_seg3_s12;30;Full|3|Sg|Past|Ind;"Akquisitionen trugen 6 Prozentpunkte zum Umsatz bei ; in den angestammten Tätigkeiten war damit insgesamt eine Abnahme zu verzeichnen, doch verlief die Entwicklung in den einzelnen Bereichen stark unterschiedlich .";prozess;rein;done;;notwendig;+;nd;+;+;nd;nd;nd;nd;nd;nd;nd;nd;nd;nd;nd;nd;nd;nd;nd;nd;nd;nd
160;VVFIN;ADJD;verlaufen;5;NZZ_1993_08_14_a132_seg3_s3;12;Full|3|Sg|Past|Ind;Sowohl wert- wie stückzahlmässig verlief die Entwicklung der verschiedenen Produkte sehr unterschiedlich .;prozess;rein;done;;notwendig;+;nd;+;+;nd;nd;nd;nd;nd;nd;nd;nd;nd;nd;nd;nd;nd;nd;nd;nd;nd;nd
161;VVFIN;ADJD;verlaufen;7;NZZ_1999_04_20_a96_seg4_s9;9;Full|3|Sg|Past|Ind;Die Entwicklung in den einzelnen Regionen verlief sehr unterschiedlich .;prozess;rein;done;;notwendig;+;nd;+;+;nd;nd;nd;nd;nd;nd;nd;nd;nd;nd;nd;nd;nd;nd;nd;nd;nd;nd
163;VVFIN;ADJD;verlaufen;5;NZZ_1994_01_14_a62_seg4_s5;9;Full|3|Sg|Past|Ind;Nach Regionen und Geschäftsfeldern verlief die Entwicklung sehr unterschiedlich .;prozess;rein;done;;notwendig;+;nd;+;+;nd;nd;nd;nd;nd;nd;nd;nd;nd;nd;nd;nd;nd;nd;nd;nd;nd;nd
165;VVFIN;ADJD;verlaufen;18;NZZ_1995_01_19_a74_seg11_s8;17;Full|3|Sg|Pres|Ind;Dies darf jedoch nicht darüber hinwegtäuschen, dass die Entwicklung je nach Standort immer noch sehr unterschiedlich verläuft .;prozess;rein;done;;notwendig;+;nd;+;+;nd;nd;nd;nd;nd;nd;nd;nd;nd;nd;nd;nd;nd;nd;nd;nd;nd;nd
168;VVFIN;ADJD;verlaufen;5;NZZ_1998_09_10_a110_seg4_s3;9;Full|3|Sg|Past|Ind;In den einzelnen Konzernbereichen verlief die Entwicklung recht unterschiedlich .;prozess;rein;done;;notwendig;+;nd;+;+;nd;nd;nd;nd;nd;nd;nd;nd;nd;nd;nd;nd;nd;nd;nd;nd;nd;nd
169;VVFIN;ADJD;verlaufen;3;NZZ_1996_02_21_a75_seg10_s7;5;Full|3|Sg|Past|Ind;Die Entwicklung verlief regional unterschiedlich .;prozess;rein;done;;notwendig;+;nd;+;+;nd;nd;nd;nd;nd;nd;nd;nd;nd;nd;nd;nd;nd;nd;nd;nd;nd;nd
172;VVFIN;ADJD;verlaufen;36;NZZ_1997_11_06_a51_seg6_s4;35;Full|3|Sg|Pres|Ind;Diese Aufgabe ist anforderungsreich, denn die Kontrolle der zivil-militärischen Beziehungen ist, wie Laurent Carrel darlegt, ein dynamischer, vernetzter Prozess, der je nach Land und dem jeweiligen Staats- und Demokratieverständnis unterschiedlich verläuft .;prozess;rein;done;;notwendig;+;nd;+;+;nd;nd;nd;nd;nd;nd;nd;nd;nd;nd;nd;nd;nd;nd;nd;nd;nd;nd
174;VVFIN;ADJD;verlaufen;10;NZZ_1993_02_13_a37_seg1_s3;9;Full|3|Pl|Pres|Ind;Die Transformationsprozesse, die in den einzelnen Ländern unterschiedlich verliefen, haben zu einer Pluralisierung, Differenzierung und Selbstreflexion der Kultur geführt, aber auch zum Versuch, diese historisch und national neu zu verorten .;prozess;rein;done;;notwendig;+;nd;+;+;nd;nd;nd;nd;nd;nd;nd;nd;nd;nd;nd;nd;nd;nd;nd;nd;nd;nd
176;VVFIN;ADJD;verlaufen;3;NZZ_1996_02_10_a36_seg3_s21;6;Full|3|Sg|Past|Ind;Nach Branchen verlief die Entwicklung unterschiedlich .;prozess;rein;done;;notwendig;+;nd;+;+;nd;nd;nd;nd;nd;nd;nd;nd;nd;nd;nd;nd;nd;nd;nd;nd;nd;nd
177;VVFIN;ADJD;verlaufen;4;NZZ_1995_08_16_a147_seg2_s17;10;Full|3|Sg|Pres|Ind;Denn die Wundheilung verläuft von Mensch zu Mensch sehr unterschiedlich und lässt sich nicht genau vorhersagen .;prozess;rein;done;;notwendig;+;nd;+;+;nd;nd;nd;nd;nd;nd;nd;nd;nd;nd;nd;nd;nd;nd;nd;nd;nd;nd
178;VVFIN;ADJD;verlaufen;43;NZZ_1994_09_21_a109_seg5_s11;42;Full|Psp;Fremdenfeindliche Schmierereien geben 1994 Anlass für ein Sinnieren darüber, warum Schicksale von Menschen, die sich physisch einmal so nahe waren - nur die Haut der Mutter trennte das Kind auf dem Schoss vom Kind im Schoss -, so unterschiedlich verlaufen .;prozess;rein;done;;notwendig;+;nd;+;+;nd;nd;nd;nd;nd;nd;nd;nd;nd;nd;nd;nd;nd;nd;nd;nd;nd;nd
179;VVFIN;ADJD;verlaufen;19;NZZ_1998_11_13_a79_seg6_s10;18;Full|3|Sg|Past|Ind;Es gelang der australischen Regierung auch, einen gewissen Konsens unter den Mitgliedländern, deren Wirtschaftsentwicklung sehr unterschiedlich verlief, zu schaffen .;prozess;rein;done;;notwendig;+;nd;+;+;nd;nd;nd;nd;nd;nd;nd;nd;nd;nd;nd;nd;nd;nd;nd;nd;nd;nd
180;VVFIN;ADJD;verlaufen;31;NZZ_1999_06_02_a23_seg3_s6;38;Full|3|Pl|Pres|Ind;"Je nach Massstab - Zustände vor 1989 und heute, Erwartungen und Träume im Moment der sanften Revolution und nüchterne Realität heute - fällt die Zwischenbilanz verschieden aus ; auch verliefen die Wege der einzelnen Länder sehr unterschiedlich .";prozess;rein;done;;notwendig;+;nd;+;+;nd;nd;nd;nd;nd;nd;nd;nd;nd;nd;nd;nd;nd;nd;nd;nd;nd;nd
199;VVFIN;ADJD;verlaufen;5;NZZ_1993_04_15_a141_seg5_s5;7;Full|3|Sg|Past|Ind;Die Umsatzentwicklung der Kernaktivitäten verlief indessen unterschiedlich .;prozess;rein;done;;notwendig;+;nd;+;+;nd;nd;nd;nd;nd;nd;nd;nd;nd;nd;nd;nd;nd;nd;nd;nd;nd;nd
150;VVPP;ADJD;verletzen;13;NZZ_1999_07_24_a63_seg1_s4;12;Full|Psp;Vier Lämmer tötete er, zehn weitere und ein Mutterschaf sind unterschiedlich verletzt worden .;prozess;rein;done;;frei;+;nd;+;+;nd;nd;nd;nd;nd;nd;nd;nd;nd;nd;nd;nd;nd;nd;nd;nd;nd;nd
151;VVFIN;ADJD;verstehen;9;NZZ_1999_08_02_a104_seg12_s5;15;Full|1|Pl|Pres|Ind;Und weil wir Menschen unterschiedliche Hintergründe haben, verstehen wir die Thora gezwungenermassen ebenso unterschiedlich .;prozess;rein;done;;frei;+;nd;+;+;nd;nd;nd;nd;nd;nd;nd;nd;nd;nd;nd;nd;nd;nd;nd;nd;nd;nd
181;VVINF;ADJD;verstehen;7;NZZ_1994_05_21_a130_seg8_s3;5;Full|-2;Dieses Verbot ist jedoch unterschiedlich zu verstehen, je nachdem, ob der Eingriff in die Form selbst oder nur in das Umfeld des an sich unangetastet bleibenden Werkexemplars erfolgt .;prozess;rein;done;;frei;+;nd;+;+;nd;nd;nd;nd;nd;nd;nd;nd;nd;nd;nd;nd;nd;nd;nd;nd;nd;nd
183;VVPP;ADJD;verstehen;16;NZZ_1995_03_18_a229_seg3_s15;15;Full|Psp;Die gleichen Begriffe wie repräsentative und direkte Demokratie, Parteien, Volksentscheide werden jeweils unterschiedlich verstanden .;prozess;rein;done;;frei;+;nd;+;+;nd;nd;nd;nd;nd;nd;nd;nd;nd;nd;nd;nd;nd;nd;nd;nd;nd;nd
184;VVPP;ADJD;verteilen;16;NZZ_1998_01_24_a239_seg3_s18;15;Full|Psp;Die Talente sind in Form von Talentpunkten auf die Karten gedruckt, aber höchst unterschiedlich verteilt .;nd;nd;not of interest;ModPräd ;;nd;nd;nd;nd;nd;nd;nd;nd;nd;nd;nd;nd;nd;nd;nd;nd;nd;nd;nd;nd;nd;nd
185;VVPP;ADJD;verteilen;23;NZZ_1999_05_12_a45_seg8_s21;22;Full|Psp;Es galt damit fertig zu werden, dass in den beiden Spitalträgerschaften das Gewicht der Gemeinden und das Engagement der Kantone unterschiedlich verteilt sind .;nd;nd;not of interest;ModPräd ;;nd;nd;nd;nd;nd;nd;nd;nd;nd;nd;nd;nd;nd;nd;nd;nd;nd;nd;nd;nd;nd;nd
33;VVPP;ADJD;vertreten;35;NZZ_1997_07_12_a135_seg3_s4;34;Full|Psp;"Die Beiträge datieren aus der Zeit zwischen 1924 und 1989 und sind in chronologischer Ordnung abgedruckt ; gelegentlich mag man in den kurzen Einführungstexten eine Information vermissen, auch sind die Kulturbereiche sehr unterschiedlich vertreten : der Ferne Osten dominiert mit 13 Beiträgen, 9 davon allein aus China ; Indien und Pakistan sind zusammen mit 5 Autoren vertreten, ebenso viele stammen aus Schwarzafrika, nur mehr 3 aus den islamischen Ländern des Nahen Ostens und je einer aus Israel, aus Mittel- und Südamerika und der Karibik .";nd;nd;not of interest;ModPräd ;;nd;nd;nd;nd;nd;nd;nd;nd;nd;nd;nd;nd;nd;nd;nd;nd;nd;nd;nd;nd;nd;nd
65;VVPP;ADJD;wahrnehmen;25;NZZ_1997_01_04_a32_seg1_s21;24;Full|Psp;Insgesamt hat der gesellschaftliche und wirtschaftliche Umbruch viele Gesichter und Facetten, und seine Folgen werden von den Menschen in diesem Lande höchst unterschiedlich wahrgenommen und bewertet .;prozess;rein;done;;frei;+;nd;+;+;nd;nd;nd;nd;nd;nd;nd;nd;nd;nd;nd;nd;nd;nd;nd;nd;nd;nd
187;VVPP;ADJD;wahrnehmen;11;NZZ_1999_09_14_a296_seg3_s5;10;Full|Psp;Selbst innerhalb der gleichen Fraktionen wird Astrid Kugler sehr unterschiedlich wahrgenommen .;prozess;rein;done;;frei;+;nd;+;+;nd;nd;nd;nd;nd;nd;nd;nd;nd;nd;nd;nd;nd;nd;nd;nd;nd;nd
188;VVPP;ADJD;wahrnehmen;8;NZZ_1995_10_11_a79_seg7_s10;2;Full|Psp;Wie unterschiedlich die Privatisierungsproblematik in der Schweiz wahrgenommen wird, zeigte sich auch in den Beobachtungen von Ruchti und Serna : Während Ruchti seit Jahren eine verborgene, schleichende Privatisierung sehen will, konstatiert Serna eine vielfach unterschätzte laufende Relativierung privater Eigentumsrechte, die sich zum Beispiel in zunehmenden Regulierungen in der Raumplanung und im Umweltschutzbereich offenbarte .;prozess;rein;done;;frei;+;nd;+;+;nd;nd;nd;nd;nd;nd;nd;nd;nd;nd;nd;nd;nd;nd;nd;nd;nd;nd
189;VVPP;ADJD;wahrnehmen;23;NZZ_1997_01_25_a217_seg11_s2;22;Full|Psp;Diese Abweichungen von ihrem Schema bezeichnen sie als « Anomalien », die sie wiederum damit erklären, dass Situationen sehr unterschiedlich wahrgenommen werden .;prozess;rein;done;;frei;+;nd;+;+;nd;nd;nd;nd;nd;nd;nd;nd;nd;nd;nd;nd;nd;nd;nd;nd;nd;nd
105;VVFIN;ADJD;wehen;3;NZZ_1996_01_05_a140_seg5_s19;4;Full|3|Sg|Past|Subj;Der Fallwind wehte unterschiedlich stark, liess nach einem hochstehenden ersten Durchgang bei guten Gegebenheiten und vor nahezu 30 000 enthusiastisch mitgehenden Zuschauern den Final fast zur Lotterie werden .;nd;nd;not of interest;ModADJ;;nd;nd;nd;nd;nd;nd;nd;nd;nd;nd;nd;nd;nd;nd;nd;nd;nd;nd;nd;nd;nd;nd
191;VVPP;ADJD;werten;8;NZZ_1997_12_02_a230_seg11_s7;7;Full|Psp;Auch die extremistischen palästinensischen Strömungen werden unterschiedlich gewertet .;prozess;rein;done;;frei;+;nd;+;+;nd;nd;nd;nd;nd;nd;nd;nd;nd;nd;nd;nd;nd;nd;nd;nd;nd;nd
74;VVFIN;ADJD;wirken;5;NZZ_1998_12_15_a216_seg12_s1;7;Full|3|Sg|Pres|Ind;Die Öffnung der Strommärkte wirkt sich unterschiedlich auf die Einführung von Elektrofahrzeugen aus : Einerseits zwingt der verstärkte Konkurrenzdruck die Elektrizitätsversorger zum Verzicht auf unrentable Nebengeschäfte ( dazu mag, kurzfristig betrachtet, auch der Bereich der Elektromobile gehören ) .;prozess;rein;done;;frei;+;nd;+;+;nd;nd;nd;nd;nd;nd;nd;nd;nd;nd;nd;nd;nd;nd;nd;nd;nd;nd
192;VVFIN;ADJD;wirken;36;NZZ_1994_12_10_a92_seg5_s1;35;Full|3|Pl|Pres|Ind;Die Palette reicht von handgestickten Rokoko- Roben über goldverzierte orientalische Schmuckstücke bis hin zu eher furchterregenden Verkleidungen - Nachbildungen von Figuren aus modernen Videospielen - und bunten Märchenkostümen, die dank gekonnter Beleuchtung höchst unterschiedlich wirken .;nd;nd;not of interest;prädikativ;;nd;nd;nd;nd;nd;nd;nd;nd;nd;nd;nd;nd;nd;nd;nd;nd;nd;nd;nd;nd;nd;nd
;;;;;;;;;;;;;;;;;;;;;;;;;;;;;;;;;;;
;;;;;;;;;;;;;;;;;;;;;;;;;;;;;;;;;;;
;;;;;;;;;;;;;;;;;;;;;;;;;;;;;;;;;;;
;;;;;;;;;;;;;;;;;;;;;;;;;;;;;;;;;;;
;;;;;;;;;;;;;;;;;;;;;;;;;;;;;;;;;;;
;;;;;;;;;;;;;;;;;;;;;;;;;;;;;;;;;;;
;;;;;;;;;;;;;;;;;;;;;;;;;;;;;;;;;;;
;;;;;;;;;;;;;;;;;;;;;;;;;;;;;;;;;;;
;;;;;;;;;;;;;;;;;;;;;;;;;;;;;;;;;;;
;;;;;;;;;;;;;;;;;;;;;;;;;;;;;;;;;;;
;;;;;;;;;;;;;;;;;;;;;;;;;;;;;;;;;;;
;;;;;;;;;;;;;;;;;;;;;;;;;;;;;;;;;;;
;;;;;;;;;;;;;;;;;;;;;;;;;;;;;;;;;;;
;;;;;;;;;;;;;;;;;;;;;;;;;;;;;;;;;;;
