;Function-Head;Funktion-Hit;Head;ID-Head;ID-NZZ;ID-Token;Meta-Kopf;sentence;Oberkategorie;Unterkategorie;Status;Kommentar;externe Funktion;prozess;pFREQ;AuW;pure;agent;method;degree;proposition;KONJ;FRAME;SADV;extern;KAUS;TEMP;FREQ;BU;LOC;intern;INST;KOM;SH;iLOC
1;VVPP;ADJD;bewässern;17;NZZ_1995_07_21_a85_seg4_s3;16;Full|Psp;Die trockenen Felder in der Tiefebene Osttransvaals und an der Grenze zu Swaziland müssen allerdings konstant bewässert werden , und selbst an Nordnatals Küste stehen für einen Teil der Felder Bewässerungsanlagen zur Verfügung .;prozess;frequenziellPROZ;done;;frei;+;+;nd;nd;nd;nd;nd;nd;nd;nd;nd;nd;nd;nd;nd;nd;nd;nd;nd;nd;nd;nd
2;VVFIN;ADJD;verschlechtern;9;NZZ_1995_06_07_a3_seg2_s8;12;Full|3|Sg|Pres|Ind;Die Lage sei derzeit noch nicht dramatisch , verschlechtere sich aber konstant .;prozess;frequenziellPROZ;done;;frei;+;+;nd;nd;nd;nd;nd;nd;nd;nd;nd;nd;nd;nd;nd;nd;nd;nd;nd;nd;nd;nd
3;VVFIN;ADJD;halten;11;NZZ_1993_08_10_a135_seg1_s7;13;Full|3|Sg|Pres|Ind;37 Sport Bolivien erstaunlich sicher auf WM-Kurs Das bolivische Nationalteam hält sich konstant in den Schlagzeilen der Südamerika-Qualifikation zur Fussball-WM .;prozess;frequenziellPROZ;done;;frei;+;+;nd;nd;nd;nd;nd;nd;nd;nd;nd;nd;nd;nd;nd;nd;nd;nd;nd;nd;nd;nd
4;VVFIN;ADJD;arbeiten;3;NZZ_1997_10_17_a148_seg3_s14;4;Full|3|Sg|Pres|Ind;Das Archiv arbeitet konstant daran , die Filmrollen sicher aufzubewahren , zu katalogisieren und für Wissenschafter und Publizisten zugänglich zu machen .;prozess;frequenziellPROZ;done;;frei;+;+;nd;nd;nd;nd;nd;nd;nd;nd;nd;nd;nd;nd;nd;nd;nd;nd;nd;nd;nd;nd
5;VVFIN;ADJD;spielen;2;NZZ_1999_03_24_a223_seg5_s2;3;Full|3|Sg|Past|Ind;Krajicek spielte konstant auf gutem Niveau und erreichte immerhin neun Punkte mehr .;prozess;frequenziellPROZ;done;;frei;+;+;nd;nd;nd;nd;nd;nd;nd;nd;nd;nd;nd;nd;nd;nd;nd;nd;nd;nd;nd;nd
6;VVFIN;ADJD;aussprechen;35;NZZ_1994_09_10_a33_seg4_s3;28;Full|3|Sg|Pres|Ind;Dieser wäre allerdings keineswegs als Auftrag zur Durchführung der Sezession aufzufassen , da sich eine Mehrheit der Befragten ( und sogar ein Drittel der präsumtiven PQ-Wähler ) konstant gegen eine Trennung Quebecs von Kanada ausspricht .;extern;frequenziellEXT;done;;frei;nd;nd;nd;nd;nd;nd;nd;nd;nd;nd;nd;+;nd;nd;+;nd;nd;nd;nd;nd;nd;nd
7;VVINF;ADJD;nehmen;21;NZZ_1993_04_29_a90_seg2_s6;17;Full|-2;Vizepräsidentin Mathilde Jolidon hielt fest , es gehe nicht an , dass ein Teil der Bevölkerung konstant Einkommensausfälle in Kauf nehmen müsse , während andere Teuerungszulagen erhielten .;prozess;frequenziellPROZ;done;;frei;+;+;nd;nd;nd;nd;nd;nd;nd;nd;nd;nd;nd;nd;nd;nd;nd;nd;nd;nd;nd;nd
8;VVINF;ADJD;halten;18;NZZ_1999_02_02_a120_seg6_s6;14;Full|-2;Dagegen konnten sich die Notierungen des staatlich kontrollierten Crédit Lyonnais ( 26% ) konstant auf der Gewinnerseite halten .;prozess;frequenziellPROZ;done;ambig AuW;frei;+;+;nd;nd;nd;nd;nd;nd;nd;nd;nd;nd;nd;nd;nd;nd;nd;nd;nd;nd;nd;nd
9;VVFIN;ADJD;messen|missen;6;NZZ_1995_08_18_a110_seg9_s12;9;Full|3|Sg|Pres|Ind;In etwa 15 Metern Tiefe misst das Wasser konstant 4 Grad .;prozess;frequenziellPROZ;done;;frei;+;+;nd;nd;nd;nd;nd;nd;nd;nd;nd;nd;nd;nd;nd;nd;nd;nd;nd;nd;nd;nd
10;VVINF;ADJD;halten;25;NZZ_1997_03_12_a66_seg5_s5;24;Full|3|Pl|Pres|Ind;Gemäss einer breit angelegten Umfrage der National Association of Manufacturers ( NAM ) wollen 55% der erfassten Unternehmen im laufenden Jahr ihre Personalbestände konstant halten , und 33% planen eine Erhöhung .;prozess;rein;done;;möglich;+;nd;+;+;nd;nd;nd;nd;nd;nd;nd;nd;nd;nd;nd;nd;nd;nd;nd;nd;nd;nd
11;VVINF;ADJD;halten;18;NZZ_1999_03_31_a221_seg8_s21;16;Full|-2;Die reduzierte Grösse des Experiments erleichtert es den Wissenschaftern , die Temperatur in der Apparatur konstant zu halten und Vibrationen zu unterdrücken .;prozess;rein;done;;möglich;+;nd;+;+;nd;nd;nd;nd;nd;nd;nd;nd;nd;nd;nd;nd;nd;nd;nd;nd;nd;nd
12;VVFIN;ADJD;hängenbleiben;19;NZZ_1999_09_06_a147_seg7_s2;18;Full|3|Sg|Past|Ind;Endlich hatte sich Chapuisat , der auf der Flanke immer und immer wieder denselben Trick versuchte und konstant hängenblieb , einmal im Laufduell energisch durchgesetzt , endlich war auch Sforza im « Infight » dank dreifachem Nachsetzen im Strafraum erfolgreich geblieben , da geriet der Ball erstmals in der zweiten Halbzeit aufs Tor bzw. an die Unterseite der Latte .;prozess;frequenziellPROZ;done;;frei;+;+;nd;nd;nd;nd;nd;nd;nd;nd;nd;nd;nd;nd;nd;nd;nd;nd;nd;nd;nd;nd
13;VVFIN;ADJD;stehen;3;NZZ_1994_09_24_a45_seg11_s8;6;Full|3|Sg|Pres|Ind;Zunächst einmal steht jede CI konstant im Spannungsfeld von Statik und Dynamik .;prozess;frequenziellPROZ;done;ambig AuW;frei;+;+;nd;nd;nd;nd;nd;nd;nd;nd;nd;nd;nd;nd;nd;nd;nd;nd;nd;nd;nd;nd
14;VVINF;ADJD;halten;6;NZZ_1995_08_23_a162_seg7_s6;4;Full|-2;Um seine Dichte konstant zu halten , muss der Zodiakalring ständig mit etwa 10 Tonnen Staub pro Sekunde versorgt werden , denn die Verluste zur Sonne hin sind rund 10 000mal grösser als der auf die Erde niedergehende Teil .;prozess;rein;done;;möglich;+;nd;+;+;nd;nd;nd;nd;nd;nd;nd;nd;nd;nd;nd;nd;nd;nd;nd;nd;nd;nd
15;VVFIN;ADJD;lassen;21;NZZ_1999_07_05_a24_seg3_s14;18;Full|3|Sg|Pres|Ind;Er erwartet von der SVP , dass sie nicht länger systematisch Opposition betreibt und ihren Bundesrat nicht konstant im Stich lässt .;prozess;frequenziellPROZ;done;;frei;+;+;nd;nd;nd;nd;nd;nd;nd;nd;nd;nd;nd;nd;nd;nd;nd;nd;nd;nd;nd;nd
16;VVPP;ADJD;halten;17;NZZ_1997_04_09_a193_seg3_s19;16;Full|Psp;Eine optimale Weinqualität kann also nur erreicht werden , wenn die Temperatur während des Gärprozesses konstant gehalten wird .;prozess;rein;done;;möglich;+;nd;+;+;nd;nd;nd;nd;nd;nd;nd;nd;nd;nd;nd;nd;nd;nd;nd;nd;nd;nd
17;VVPP;ADJD;halten;26;NZZ_1999_01_11_a108_seg9_s14;25;Full|Psp;Runde und eckige Formen sind so ineinander verzahnt , dass sich eine puzzleartige Flächengliederung ergibt , und da die Farbintensität über die ganze Fläche konstant gehalten ist , scheint das Bild weder ein klares Vorne und Hinten noch ein klares Oben und Unten mehr zu besitzen .;prozess;rein;done;;möglich;+;nd;+;+;nd;nd;nd;nd;nd;nd;nd;nd;nd;nd;nd;nd;nd;nd;nd;nd;nd;nd
18;VVPP;ADJD;halten;17;NZZ_1995_04_11_a154_seg8_s9;16;Full|Psp;Die einmal erreichte Betriebstemperatur wird je nach Belastung durch Heizen oder Kühlen über einen Ölkreislauf konstant gehalten .;prozess;rein;done;;möglich;+;nd;+;+;nd;nd;nd;nd;nd;nd;nd;nd;nd;nd;nd;nd;nd;nd;nd;nd;nd;nd
19;VVFIN;ADJD;pendeln;6;NZZ_1993_02_24_a203_seg5_s6;10;Full|3|Sg|Pres|Ind;Der Anteil der entdeckten Fälschungen pendelt dabei seit Jahren konstant zwischen 25 und 35 Prozent der untersuchten Ausweise .;prozess;frequenziellPROZ;done;;frei;+;+;nd;nd;nd;nd;nd;nd;nd;nd;nd;nd;nd;nd;nd;nd;nd;nd;nd;nd;nd;nd
20;VVINF;ADJD;halten;10;NZZ_1996_10_16_a180_seg5_s6;8;Full|-2;Der Körper versucht , die Salzkonzentration möglichst konstant zu halten .;prozess;rein;done;;möglich;+;nd;+;+;nd;nd;nd;nd;nd;nd;nd;nd;nd;nd;nd;nd;nd;nd;nd;nd;nd;nd
21;VVPP;ADJD;eingereichen|einreichen;13;NZZ_1998_03_26_a174_seg3_s3;4;Full|Psp;Seit Jahren werden konstant etwa fünf Scheidungs- und Trennungsklagen pro 1000 Einwohner eingereicht .;extern;frequenziellEXT;done;;frei;nd;nd;nd;nd;nd;nd;nd;nd;nd;nd;nd;+;nd;nd;+;nd;nd;nd;nd;nd;nd;nd
22;VVPP;ADJD;halten;26;NZZ_1994_10_29_a204_seg16_s4;25;Full|Psp;Demokratie kann sich auch indirekt auf das Wachstum auswirken , und zwar durch Einfluss auf einige jener Variablen , die in der statistischen Analyse konstant gehalten werden .;prozess;rein;done;;möglich;+;nd;+;+;nd;nd;nd;nd;nd;nd;nd;nd;nd;nd;nd;nd;nd;nd;nd;nd;nd;nd
23;VVFIN;ADJD;flüchten;16;NZZ_1999_02_05_a153_seg3_s21;17;Full|3|Pl|Pres|Ind;Kurz : Hugos Stück ist unaufführbar , Eric Vigners Inszenierung eine Zumutung ( die Zuschauer flüchten konstant , drei Stunden lang , aus dem Théâtre de la Ville ) .;prozess;frequenziellPROZ;done;;frei;+;+;nd;nd;nd;nd;nd;nd;nd;nd;nd;nd;nd;nd;nd;nd;nd;nd;nd;nd;nd;nd
24;VVPP;ADJD;auspfeifen;28;NZZ_1995_10_02_a124_seg3_s14;27;Full|Psp;In der vergangenen Saison war Cantona in Liverpool des Feldes verwiesen worden , nachdem ihn Liverpools Libero Neil Ruddock , der dafür vom Publikum im Old-Trafford-Stadion konstant ausgepfiffen wurde , provoziert hatte .;prozess;frequenziellPROZ;done;;frei;+;+;nd;nd;nd;nd;nd;nd;nd;nd;nd;nd;nd;nd;nd;nd;nd;nd;nd;nd;nd;nd
25;VVPP;ADJD;verringern;21;NZZ_1994_08_08_a89_seg3_s7;20;Full|Psp;"Gemessen an der Gesamtzahl der Ausländerinnen und Ausländer hat sich der Anteil der Saisonniers in den letzten drei Jahren konstant verringert ; 1991 betrug er noch 4 Prozent , im Juni dieses Jahres waren es noch 9 Prozent .";prozess;frequenziellPROZ;done;;frei;+;+;nd;nd;nd;nd;nd;nd;nd;nd;nd;nd;nd;nd;nd;nd;nd;nd;nd;nd;nd;nd
26;VVFIN;ADJD;gewinnen;4;NZZ_1995_06_02_a70_seg7_s2;11;Full|3|Sg|Pres|Ind;"Seit einem Monat gewinnt der Rubel gegenüber dem Dollar ziemlich konstant an Wert ; gegenwärtig steht die russische Währung bei 4958 je 1 $";prozess;frequenziellPROZ;done;;frei;+;+;nd;nd;nd;nd;nd;nd;nd;nd;nd;nd;nd;nd;nd;nd;nd;nd;nd;nd;nd;nd
27;VVPP;ADJD;halten;5;NZZ_1994_10_29_a54_seg6_s7;4;Full|Psp;Da die Kosten konstant gehalten werden konnten ( deutlich tiefere Treibstoffkosten halfen ) , verwandelte sich das Betriebsergebnis von einem Verlust von 4 Mrd. Yen im Vorjahr in einen Gewinn von 1 Mrd. Yen .;prozess;rein;done;;möglich;+;nd;+;+;nd;nd;nd;nd;nd;nd;nd;nd;nd;nd;nd;nd;nd;nd;nd;nd;nd;nd
28;VVPP;ADJD;halten;3;NZZ_1994_12_08_a55_seg4_s4;2;Full|Psp;Ungefähr konstant gehalten hat man im Periodenvergleich dagegen den Provisionsüberschuss , da den verminderten Wertpapierprovisionen beispielsweise Mehrerträge aus der Vermögensverwaltung gegenüberstanden .;prozess;rein;done;;möglich;+;nd;+;+;nd;nd;nd;nd;nd;nd;nd;nd;nd;nd;nd;nd;nd;nd;nd;nd;nd;nd
29;VVINF;ADJD;halten;26;NZZ_1995_07_14_a80_seg6_s6;24;Full|-2;Die Grossunternehmen aus Grossbritannien , den Beneluxstaaten , Skandinavien und Italien war es hingegen gelungen , die Arbeitskosten in Relation zu den Umsätzen konstant zu halten .;prozess;rein;done;;möglich;+;nd;+;+;nd;nd;nd;nd;nd;nd;nd;nd;nd;nd;nd;nd;nd;nd;nd;nd;nd;nd
30;VVFIN;ADJD;liegen;13;NZZ_1995_10_02_a9_seg10_s2;18;Full|3|Pl|Pres|Ind;Nicht erst seit Juli ( und nicht erst in dieser Regierung ) liegen Parlament und Exekutive sich konstant in den Haaren .;prozess;frequenziellPROZ;done;;frei;+;+;nd;nd;nd;nd;nd;nd;nd;nd;nd;nd;nd;nd;nd;nd;nd;nd;nd;nd;nd;nd
31;VVPP;ADJD;steigern;40;NZZ_1996_05_30_a208_seg6_s3;39;Full|Psp;Der 29jährige Bremer mit Wohnsitz in Hamburg könnte damit den Grundstein zu einer neuerlichen Verbesserung in der Verdienstliste gelegt haben , in der er sich seit dem Eintritt in das Golf-Berufsleben im Jahr 1990 ( Rang 179 ) konstant gesteigert hat ( 1995 : 32 . );prozess;frequenziellPROZ;done;;frei;+;+;nd;nd;nd;nd;nd;nd;nd;nd;nd;nd;nd;nd;nd;nd;nd;nd;nd;nd;nd;nd
32;VVPP;ADJD;anführen;22;NZZ_1995_08_11_a58_seg3_s3;17;Full|Psp;Philip hält seit Jahren standhaft seine Position am unteren Ende der königlichen Beliebtheitsskala , die ebenso konstant von der Königinmutter Elisabeth angeführt wird .;prozess;rein;done;;frei;+;nd;+;+;nd;nd;nd;nd;nd;nd;nd;nd;nd;nd;nd;nd;nd;nd;nd;nd;nd;nd
33;VVFIN;ADJD;ergeben;48;NZZ_1998_07_18_a70_seg3_s5;28;Full|3|Sg|Pres|Ind;Die von der Pariser Behörde ausgewiesene « underlying inflation » , welche die häufig starken saisonalen Schwankungen ausgesetzten Lebensmittel- und Energiepreise ausser Betracht lässt , blieb ihrerseits konstant auf 3% , so dass sich im Jahresvergleich für den Berichtsmonat eine jährliche « underlying inflation » von 1% ergibt .;nd;nd;not of interest;prädikativ;;nd;nd;nd;nd;nd;nd;nd;nd;nd;nd;nd;nd;nd;nd;nd;nd;nd;nd;nd;nd;nd;nd
34;VAFIN;ADJD;haben;2;NZZ_1997_09_08_a147_seg3_s11;4;Haben|3|Sg|Past|Ind;Er hatte vorher konstant , aber nur im Bereich zwischen 68 und par gespielt ( Rang 12 ) .;prozess;rein;done;;frei;+;nd;+;+;nd;nd;nd;nd;nd;nd;nd;nd;nd;nd;nd;nd;nd;nd;nd;nd;nd;nd
35;VVINF;ADJD;wachsen;21;NZZ_1996_02_15_a84_seg9_s10;16;Full|-2;Unter der Annahme , dass das BIP in Mittel- und Osteuropa in den nächsten Jahren konstant um 2 Prozentpunkte schneller wachsen wird als in der EU , würde das slowenische BIP pro Kopf im Jahr 2000 erst 70% und 2010 94% des EU-Durchschnittes erreichen .;prozess;rein;done;;frei;+;nd;+;+;nd;nd;nd;nd;nd;nd;nd;nd;nd;nd;nd;nd;nd;nd;nd;nd;nd;nd
36;VVFIN;ADJD;wachsen;12;NZZ_1996_03_07_a233_seg4_s2;11;Full|3|Sg|Pres|Ind;Es gibt aber auch einen entscheidenden negativen Faktor , der konstant wächst und vielfach als Unfallursache belegt ist : der Aspekt « bewusstseinsverändernder ( psychoaktiver ) Substanzen » .;prozess;rein;done;;frei;+;nd;+;+;nd;nd;nd;nd;nd;nd;nd;nd;nd;nd;nd;nd;nd;nd;nd;nd;nd;nd
37;VVFIN;ADJD;verlieren;4;NZZ_1999_08_16_a90_seg2_s1;8;Full|3|Sg|Pres|Ind;emy. Der Goldpreis verliert bekanntlich seit längerem konstant an Wert .;prozess;frequenziellPROZ;done;;frei;+;+;nd;nd;nd;nd;nd;nd;nd;nd;nd;nd;nd;nd;nd;nd;nd;nd;nd;nd;nd;nd
38;VVFIN;ADJD;halten;2;NZZ_1995_06_16_a163_seg3_s14;3;Full|3|Pl|Pres|Ind;Sie halten konstant das Tempo hoch , stellen damit entweder Fluchtgruppen oder verhindern solche .;prozess;frequenziellPROZ;done;;frei;+;+;nd;nd;nd;nd;nd;nd;nd;nd;nd;nd;nd;nd;nd;nd;nd;nd;nd;nd;nd;nd
39;VVFIN;ADJD;schlagen;2;NZZ_1996_09_26_a196_seg4_s25;16;Full|3|Sg|Past|Ind;Zudem schlug der 22jährige Viertelfinalist von Wimbledon ( Fünfsatzniederlage gegen den späteren Finalisten Washington ) konstant auf , servierte Asse gleich in Serie , was das Publikum weitgehend um den Genuss interessanter Ballwechsel prellte .;prozess;frequenziellPROZ;done;;frei;+;+;nd;nd;nd;nd;nd;nd;nd;nd;nd;nd;nd;nd;nd;nd;nd;nd;nd;nd;nd;nd
40;VVINF;ADJD;halten;12;NZZ_1998_09_05_a80_seg2_s6;10;Full|-2;Um die Bevölkerung - ohne Zu- oder Abwanderung - konstant zu halten , müssten 100 Schweizerinnen im Durchschnitt 210 Kinder gebären .;prozess;rein;done;;möglich;+;nd;+;+;nd;nd;nd;nd;nd;nd;nd;nd;nd;nd;nd;nd;nd;nd;nd;nd;nd;nd
41;VVFIN;ADJD;treiben;36;NZZ_1993_02_19_a211_seg6_s13;20;Full|3|Sg|Past|Ind;Trotz den geschmähten Steuersenkungen Reagans blieb der Anteil der Steuern am Bruttoinlandprodukt ( BIP ) mit knapp 19% auffallend konstant , während das bis zuletzt ungebremste Wachstum der Ausgaben das Defizit auf 4% des BIP trieb .;nd;nd;not of interest;prädikativ;;nd;nd;nd;nd;nd;nd;nd;nd;nd;nd;nd;nd;nd;nd;nd;nd;nd;nd;nd;nd;nd;nd
42;VVFIN;ADJD;spielen;29;NZZ_1996_06_12_a190_seg3_s16;28;Full|3|Sg|Past|Ind;Diese Defizite , erschwert durch Verletzungen , waren auch verantwortlich , dass Hagi als « Legionär » ( Real Madrid , Brescia und FC Barcelona ) zuwenig konstant spielte und unter Cruyff zuletzt in der katalanischen Metropole im Gegensatz zu seinem Landmann Popescu nur mehr sporadisch eingesetzt wurde .;prozess;rein;done;;frei;+;nd;+;+;nd;nd;nd;nd;nd;nd;nd;nd;nd;nd;nd;nd;nd;nd;nd;nd;nd;nd
43;VVFIN;ADJD;erweisen;2;NZZ_1994_06_22_a151_seg2_s14;5;Full|3|Sg|Past|Ind;Rosset erwies sich als konstant , über Erwarten stark im Retournieren von gegnerischen Aufschlägen und effizient im Volley-Spiel .;nd;nd;not of interest;Vergleich;;nd;nd;nd;nd;nd;nd;nd;nd;nd;nd;nd;nd;nd;nd;nd;nd;nd;nd;nd;nd;nd;nd
44;VVFIN;ADJD;erweisen;6;NZZ_1999_04_20_a52_seg8_s5;5;Full|3|Sg|Pres|Ind;Auf kleinem Niveau erstaunlich konstant erweist sich die EVP .;prozess;rein;done;;notwendig;+;nd;+;+;nd;nd;nd;nd;nd;nd;nd;nd;nd;nd;nd;nd;nd;nd;nd;nd;nd;nd
45;VVFIN;ADJD;schwanken;8;NZZ_1996_09_16_a67_seg12_s1;7;Full|3|Pl|Pres|Ind;Obwohl an den Finanzmärkten die Meinungen konstant schwanken , ob das Federal Reserve noch in diesem Monat oder vor den Wahlen eine Zinserhöhung vornehmen wird , trägt die weitgehend bestehende Erwartung eines grundsätzlich steigenden Zinstrends zu einem sehr aktiven Emissionsgeschehen bei .;prozess;frequenziellPROZ;done;;frei;+;+;nd;nd;nd;nd;nd;nd;nd;nd;nd;nd;nd;nd;nd;nd;nd;nd;nd;nd;nd;nd
46;VVFIN;ADJD;lassen;12;NZZ_1994_07_14_a35_seg6_s3;4;Full|3|Sg|Pres|Ind;Der im Mai konstant bei einer Jahresrate von 75% liegende Trend lässt den Schluss zu , dass die konjunkturelle Erholung noch nicht zu Flaschenhälsen am Arbeitsmarkt mit entsprechend kräftigen Lohnsteigerungen geführt hat .;prozess;frequenziellPROZ;done;;frei;+;+;nd;nd;nd;nd;nd;nd;nd;nd;nd;nd;nd;nd;nd;nd;nd;nd;nd;nd;nd;nd
47;VVFIN;ADJD;schlagen;2;NZZ_1998_04_06_a116_seg4_s6;3;Full|3|Sg|Past|Ind;Er schlug konstant auf , wenn auch mit viel Risiko und entsprechend hoher Doppelfehlerquote .;prozess;frequenziellPROZ;done;;frei;+;+;nd;nd;nd;nd;nd;nd;nd;nd;nd;nd;nd;nd;nd;nd;nd;nd;nd;nd;nd;nd
48;VVPP;ADJD;beziehen;18;NZZ_1999_05_19_a178_seg3_s6;14;Full|Psp;Zudem müsste die vom Bund zur Verfügung gestellte Quote der Gelder vom Kanton konstant in vollem Umfang bezogen und entsprechend aufgestockt werden .;prozess;frequenziellPROZ;done;;frei;+;+;nd;nd;nd;nd;nd;nd;nd;nd;nd;nd;nd;nd;nd;nd;nd;nd;nd;nd;nd;nd
49;VVFIN;ADJD;halten;3;NZZ_1994_03_24_a189_seg3_s12;11;Full|3|Pl|Past|Ind;Die Grasshoppers hielten nun während einer halben Stunde den Rhythmus konstant hoch und offenbarten in allen Belangen einen Klasseunterschied gegenüber den Aargauern .;prozess;frequenziellPROZ;done;;frei;+;+;nd;nd;nd;nd;nd;nd;nd;nd;nd;nd;nd;nd;nd;nd;nd;nd;nd;nd;nd;nd
50;VVIZU;ADJD;beibehalten;32;NZZ_1994_12_14_a156_seg3_s3;31;Full|zu;Nach der Ablehnung des 77 Mio. Fr. erfordernden verkehrsfreien Zentrums Oberwetzikon könne man sich erst recht eine Steuersenkung auf jene 113 Prozent leisten , die gemäss Finanzplan 1992 bis 1996 konstant beizubehalten gewesen wären , lautete das Argument .;prozess;frequenziellPROZ;done;;frei;+;+;nd;nd;nd;nd;nd;nd;nd;nd;nd;nd;nd;nd;nd;nd;nd;nd;nd;nd;nd;nd
51;VVINF;ADJD;halten;35;NZZ_1997_11_14_a196_seg2_s4;31;Full|3|Pl|Pres|Ind;"In Zahlen ausgedrückt bedeutet dies , 24 Partien mit einer Mindest-Performance von mehr als 2600 Elo-Punkten zu spielen ( weltweit gibt es heutzutage etwa fünfzig Spieler , die ihr Rating konstant über 2600 Punkten halten ; für diese Spieler hat sich der inoffizielle Titel « Super-Grossmeister » eingebürgert ) .";prozess;frequenziellPROZ;done;;frei;+;+;nd;nd;nd;nd;nd;nd;nd;nd;nd;nd;nd;nd;nd;nd;nd;nd;nd;nd;nd;nd
52;VVPP;ADJD;verschönern;27;NZZ_1999_05_17_a106_seg15_s9;26;Full|Psp;Doch ist das eigentliche Problem laut Louis Benech die fehlende Motivation der Angestellten : « Sicher , der Park hat sich in den letzten Jahren konstant verschönert .;prozess;frequenziellPROZ;done;;frei;+;+;nd;nd;nd;nd;nd;nd;nd;nd;nd;nd;nd;nd;nd;nd;nd;nd;nd;nd;nd;nd
53;VVFIN;ADJD;lassen;22;NZZ_1995_08_05_a151_seg3_s24;26;Full|3|Pl|Pres|Ind;Die Klubs des alten Kontinents warten nicht mehr auf fertige Spieler , sondern nehmen bereits frühzeitig hoffnungsvolle Talente unter Vertrag und lassen Afrikas Fussball dadurch konstant zur Ader .;prozess;frequenziellPROZ;done;;frei;+;+;nd;nd;nd;nd;nd;nd;nd;nd;nd;nd;nd;nd;nd;nd;nd;nd;nd;nd;nd;nd
54;VVFIN;ADJD;erweisen;3;NZZ_1996_04_23_a267_seg8_s8;18;Full|3|Sg|Past|Ind;Im Test erwies sich nämlich ein Murray Hickory Eisen von 1910 in den einzelnen Treffmomenten als besonders konstant .;nd;nd;not of interest;Vergleich;;nd;nd;nd;nd;nd;nd;nd;nd;nd;nd;nd;nd;nd;nd;nd;nd;nd;nd;nd;nd;nd;nd
55;VVPP;ADJD;halten;14;NZZ_1999_02_19_a90_seg7_s3;13;Full|Psp;Der Gewinn vor Steuern konnte mit 67 nach 67 Mrd. £ fast konstant gehalten werden .;prozess;rein;done;;möglich;+;nd;+;+;nd;nd;nd;nd;nd;nd;nd;nd;nd;nd;nd;nd;nd;nd;nd;nd;nd;nd
56;VVINF;ADJD;halten;15;NZZ_1996_08_02_a81_seg9_s5;14;Full|-2;Die Paulaner-Brauerei AG konnte den Bierabsatz mit einem leichten Minus von 3% nahezu konstant halten , und beim Biergeschäft wurde nach mehreren Jahren mit roten Zahlen wieder ein Betriebsgewinn von 6 Mio. DM erwirtschaftet .;prozess;rein;done;;möglich;+;nd;+;+;nd;nd;nd;nd;nd;nd;nd;nd;nd;nd;nd;nd;nd;nd;nd;nd;nd;nd
57;VVPP;ADJD;halten;29;NZZ_1997_04_11_a36_seg4_s8;28;Full|Psp;Hunger herrscht nicht in Albanien , jedoch sind die Lebensmittelpreise seit Januar um 30 bis 40 Prozent gestiegen , nur der Brotpreis ist ein politischer und wird konstant gehalten .;prozess;rein;done;;möglich;+;nd;+;+;nd;nd;nd;nd;nd;nd;nd;nd;nd;nd;nd;nd;nd;nd;nd;nd;nd;nd
58;VVINF;ADJD;distanzieren;28;NZZ_1995_08_15_a14_seg12_s20;21;Full|-2;Angesichts der bevorstehenden schweizerischen Präsidentschaft in der OSZE entstünde für das IKRK die heikle Situation , sich gegenüber lokalen Verhandlungspartnern konstant von den politischen Interessen der Eidgenossenschaft distanzieren zu müssen .;prozess;frequenziellPROZ;done;;frei;+;+;nd;nd;nd;nd;nd;nd;nd;nd;nd;nd;nd;nd;nd;nd;nd;nd;nd;nd;nd;nd
59;VVINF;ADJD;halten;21;NZZ_1995_02_11_a61_seg3_s4;19;Full|-2;Die Fischer vom Untersee brauchen diese « Kinderstube » , um den Fischbestand in diesem Teil des Bodensees konstant zu halten .;prozess;rein;done;;möglich;+;nd;+;+;nd;nd;nd;nd;nd;nd;nd;nd;nd;nd;nd;nd;nd;nd;nd;nd;nd;nd
60;VVFIN;ADJD;halten;3;NZZ_1996_08_08_a93_seg8_s2;11;Full|3|Sg|Pres|Ind;Der Elektronikkonzern hält die Quartalsdividende mit $ 0.12 je Aktie konstant .;prozess;rein;done;;möglich;+;nd;+;+;nd;nd;nd;nd;nd;nd;nd;nd;nd;nd;nd;nd;nd;nd;nd;nd;nd;nd
61;VVINF;ADJD;gelten;7;NZZ_1996_01_19_a192_seg3_s26;3;Full|-2;Um aber konstant als solches zu gelten , müssen wir mehr trainieren » , fordert Rita Crockett .;prozess;frequenziellPROZ;done;;frei;+;+;nd;nd;nd;nd;nd;nd;nd;nd;nd;nd;nd;nd;nd;nd;nd;nd;nd;nd;nd;nd
62;VVINF;ADJD;halten;31;NZZ_1997_09_24_a200_seg6_s1;30;Full|-2;Der Mensch gehört zu den Warmblütern : Um sich nicht der Gefahr einer gesundheitlichen Schädigung auszusetzen , muss er seine Rektaltemperatur von etwa 37 ºC in sehr engen Grenzen konstant halten .;prozess;rein;done;;möglich;+;nd;+;+;nd;nd;nd;nd;nd;nd;nd;nd;nd;nd;nd;nd;nd;nd;nd;nd;nd;nd
63;VVINF;ADJD;halten;19;NZZ_1996_11_06_a77_seg7_s5;17;Full|-2;Einzelne Länder haben in den letzten 18 Monaten versucht , die nationalen Preise durch marktregulierende Massnahmen konstant zu halten .;prozess;rein;done;;möglich;+;nd;+;+;nd;nd;nd;nd;nd;nd;nd;nd;nd;nd;nd;nd;nd;nd;nd;nd;nd;nd
64;VVFIN;ADJD;halten;23;NZZ_1996_10_22_a165_seg4_s9;22;Full|3|Sg|Pres|Ind;Gegen Aufpreis ist eine automatische Niveauregelung erhältlich , die das Fahrzeugniveau unabhängig von der Beladung ( Nutzlast : 515 kg ) konstant hält .;prozess;rein;done;;möglich;+;nd;+;+;nd;nd;nd;nd;nd;nd;nd;nd;nd;nd;nd;nd;nd;nd;nd;nd;nd;nd
65;VVPP;ADJD;verletzen;10;NZZ_1996_09_25_a159_seg9_s2;9;Full|Psp;Auch in Zürichs Partnerstadt Kunming werden die Menschenrechte konstant verletzt und Exekutionen durchgeführt .;prozess;frequenziellPROZ;done;;frei;+;+;nd;nd;nd;nd;nd;nd;nd;nd;nd;nd;nd;nd;nd;nd;nd;nd;nd;nd;nd;nd
66;VVFIN;ADJD;fahren;12;NZZ_1997_02_03_a146_seg4_s5;14;Full|3|Sg|Past|Ind;Während seine Kontrahenten immer wieder in kräfteraubende Positionskämpfe verwickelt wurden , fuhr Pontoni konstant seine eigene Kadenz und sah den bevorstehenden Triumph in keinem Moment des Rennens gefährdet .;prozess;frequenziellPROZ;done;;frei;+;+;nd;nd;nd;nd;nd;nd;nd;nd;nd;nd;nd;nd;nd;nd;nd;nd;nd;nd;nd;nd
67;VMFIN;ADJD;können;10;NZZ_1999_11_08_a134_seg6_s14;5;Mod|3|Sg|Pres|Ind;Weht der Wind nicht konstant über 18 Knoten , kann die Regatta stattfinden .;prozess;frequenziellPROZ;done;;frei;+;+;nd;nd;nd;nd;nd;nd;nd;nd;nd;nd;nd;nd;nd;nd;nd;nd;nd;nd;nd;nd
68;VVFIN;ADJD;treiben;39;NZZ_1994_03_31_a245_seg3_s8;28;Full|3|Pl|Pres|Ind;( CH 1994 ) , erkennt man aber auch die geschlechtsspezifischen biographischen Risse und Brüche , die im gesellschaftlichen Spannungsfeld von Rollennorm und Rebellion so viele Künstlerinnen konstant an den Rand des Nervenzusammenbruchs , wenn nicht des Wahnsinns treiben .;prozess;frequenziellPROZ;done;;frei;+;+;nd;nd;nd;nd;nd;nd;nd;nd;nd;nd;nd;nd;nd;nd;nd;nd;nd;nd;nd;nd
69;VVFIN;ADJD;setzen;6;NZZ_1996_08_27_a160_seg2_s7;9;Full|3|Sg|Past|Ind;Das Team von Claudio Ranieri setzte die Mailänder konstant unter Druck und demonstrierte auch individuelle Qualität .;prozess;frequenziellPROZ;done;;frei;+;+;nd;nd;nd;nd;nd;nd;nd;nd;nd;nd;nd;nd;nd;nd;nd;nd;nd;nd;nd;nd
70;VVFIN;ADJD;blasen;20;NZZ_1997_07_18_a156_seg5_s10;14;Full|3|Sg|Past|Ind;Vor allem mit dem « way in » gegen den Wind , der konstant mit deutlich über 35 km/h blies , bekundete der 1997 auf der Tour noch nie an einem Cut gescheiterte Professional , vor einem Jahr als Amateur in Lytham & St. Annes 22. geworden , vorerst grosse Mühe .;prozess;frequenziellPROZ;done;;frei;+;+;nd;nd;nd;nd;nd;nd;nd;nd;nd;nd;nd;nd;nd;nd;nd;nd;nd;nd;nd;nd
71;VVPP;ADJD;halten;26;NZZ_1996_05_14_a172_seg6_s11;25;Full|Psp;Neu gibt ' s elektrisches Licht , wird mit der überschüssigen Energie ein Boiler auf 60 Grad aufgeheizt und kann im Käsekeller die Raumtemperatur konstant gehalten werden .;prozess;rein;done;;möglich;+;nd;+;+;nd;nd;nd;nd;nd;nd;nd;nd;nd;nd;nd;nd;nd;nd;nd;nd;nd;nd
72;VVFIN;ADJD;liegen;14;NZZ_1994_07_01_a47_seg6_s9;12;Full|3|Sg|Pres|Ind;Wie soll der Schuldenberg abgetragen werden können , wenn dessen Realverzinsung konstant höher liegt als das reale Wirtschaftswachstum ?;prozess;frequenziellPROZ;done;;frei;+;+;nd;nd;nd;nd;nd;nd;nd;nd;nd;nd;nd;nd;nd;nd;nd;nd;nd;nd;nd;nd
73;VVPP;ADJD;verlieren;22;NZZ_1993_08_28_a153_seg12_s8;20;Full|Psp;Gegenüber dem US-Dollar , der Währung des wichtigsten Handelspartners , hat der « Loonie » in den letzten Wochen konstant Terrain verloren , und es dürften denn auch die Teilnehmer am Devisenmarkt sein , die bis zum Wahltermin mit den weithin sichtbarsten Äusserungen einer generellen Unsicherheit zu rechnen haben .;prozess;frequenziellPROZ;done;;frei;+;+;nd;nd;nd;nd;nd;nd;nd;nd;nd;nd;nd;nd;nd;nd;nd;nd;nd;nd;nd;nd
74;VVIMP;ADJD;erodieren;4;NZZ_1999_04_27_a213_seg7_s7;9;Full|3|Sg|Pres|Ind;Seit mindestens 1987 erodiert der Wähleranteil der FDP konstant .;prozess;frequenziellPROZ;done;;frei;+;+;nd;nd;nd;nd;nd;nd;nd;nd;nd;nd;nd;nd;nd;nd;nd;nd;nd;nd;nd;nd
75;VVIZU;ADJD;ausschöpfen;13;NZZ_1998_12_08_a205_seg3_s27;12;Full|zu;Die Angst vor Verletzungen hindert ihn offenbar daran , sein Potential konstant auszuschöpfen .;prozess;frequenziellPROZ;done;;frei;+;+;nd;nd;nd;nd;nd;nd;nd;nd;nd;nd;nd;nd;nd;nd;nd;nd;nd;nd;nd;nd
76;VVPP;ADJD;injizieren;15;NZZ_1998_05_07_a221_seg3_s12;12;Full|Psp;Ärztlich behandelt wurde sie konstant von Binus , der den Sportlerinnen konstant auch Spritzen injiziert habe .;prozess;frequenziellPROZ;done;;frei;+;+;nd;nd;nd;nd;nd;nd;nd;nd;nd;nd;nd;nd;nd;nd;nd;nd;nd;nd;nd;nd
77;VVPP;ADJD;führen;19;NZZ_1994_06_04_a61_seg3_s5;14;Full|Psp;Verstärkt wird das Verlustpotential dieser Instrumente , wenn sie in den Büchern nicht konstant zu den aktuellen Marktpreisen geführt und wenn Verluste in der Hoffnung , der Markt werde sich wieder kehren , nicht realisiert , sondern weitergeschleppt werden .;prozess;frequenziellPROZ;done;;frei;+;+;nd;nd;nd;nd;nd;nd;nd;nd;nd;nd;nd;nd;nd;nd;nd;nd;nd;nd;nd;nd
78;VVPP;ADJD;erweitern;19;NZZ_1995_11_17_a192_seg15_s2;18;Full|Psp;Als das Haus 1984 neu eröffnet wurde , erhielt es eine Infrastruktur für die Videoproduktion , die konstant erweitert wurde .;prozess;frequenziellPROZ;done;;frei;+;+;nd;nd;nd;nd;nd;nd;nd;nd;nd;nd;nd;nd;nd;nd;nd;nd;nd;nd;nd;nd
79;VVFIN;ADJD;setzen;16;NZZ_1999_11_01_a158_seg5_s2;22;Full|3|Pl|Past|Ind;Unbeeindruckt davon , dass Frankreich nach 20 Minuten 10 : 6 in Führung ging , setzten die All Blacks ihren Gegner konstant unter Druck .;prozess;frequenziellPROZ;done;;frei;+;+;nd;nd;nd;nd;nd;nd;nd;nd;nd;nd;nd;nd;nd;nd;nd;nd;nd;nd;nd;nd
80;VVINF;ADJD;halten;17;NZZ_1997_12_06_a197_seg3_s4;15;Full|-2;Ziel des Gemeinderates ist es , Schwankungen zu vermeiden und den Steuerfuss nach Möglichkeit konstant zu halten .;prozess;rein;done;;möglich;+;nd;+;+;nd;nd;nd;nd;nd;nd;nd;nd;nd;nd;nd;nd;nd;nd;nd;nd;nd;nd
81;VVFIN;ADJD;erweisen;3;NZZ_1996_05_22_a150_seg8_s8;6;Full|3|Sg|Pres|Ind;Die Patientenstruktur erweist sich als konstant - nach wie vor ist das Durchschnittsalter der Patienten sehr hoch : 1995 waren 53 Prozent über 60 Jahre alt ( 1994 : 52 Prozent ) , 18 Prozent waren 1995 über 80 Jahre alt ( 1994 : 20 Prozent ) .;nd;nd;not of interest;Vergleich;;nd;nd;nd;nd;nd;nd;nd;nd;nd;nd;nd;nd;nd;nd;nd;nd;nd;nd;nd;nd;nd;nd
82;VVPP;ADJD;halten;32;NZZ_1999_10_07_a69_seg5_s5;31;Full|Psp;Der Regierung Blair warf er vor , dass sie auf heimliche Art die gesamtwirtschaftliche Steuerlast erhöht habe , indem sie zwar den in der Öffentlichkeit stark beachteten Normalsatz der Einkommensteuer konstant gehalten habe , aber gleichzeitig bei anderen Steuern , die weniger genau verfolgt werden , die Schraube kräftig angezogen habe .;prozess;rein;done;;möglich;+;nd;+;+;nd;nd;nd;nd;nd;nd;nd;nd;nd;nd;nd;nd;nd;nd;nd;nd;nd;nd
83;VVPP;ADJD;steigen;8;NZZ_1999_04_29_a137_seg2_s4;7;Full|Psp;Der Palladiumpreis war in jüngster Zeit konstant gestiegen , nachdem Befürchtungen aufkamen , dass im Zuge der Kosovo-Krise Russland seinen Palladiumexporten nicht nachkommen werde .;prozess;frequenziellPROZ;done;;frei;+;+;nd;nd;nd;nd;nd;nd;nd;nd;nd;nd;nd;nd;nd;nd;nd;nd;nd;nd;nd;nd
84;VVFIN;ADJD;halten;23;NZZ_1993_12_08_a91_seg3_s9;27;Full|3|Pl|Past|Ind;"Die Schweizer Damen vom CC Leukerbad mit Skip Diana Kaufmann führten gegen Deutschland bis zum fünften End schon 3 : 0 und hielten diesen Vorsprung fast konstant ; 5 : 3 lautete das Schlussresultat zugunsten der einheimischen Damen .";prozess;frequenziellPROZ;done;ambig AuW;frei;+;+;nd;nd;nd;nd;nd;nd;nd;nd;nd;nd;nd;nd;nd;nd;nd;nd;nd;nd;nd;nd
85;VVPP;ADJD;steigen;12;NZZ_1996_03_22_a198_seg2_s3;11;Full|Psp;Seit 1983 war der Reiseverkehr der SBB und der Privatbahnen konstant gestiegen , und zwar um volle 42 Prozent .;prozess;frequenziellPROZ;done;;frei;+;+;nd;nd;nd;nd;nd;nd;nd;nd;nd;nd;nd;nd;nd;nd;nd;nd;nd;nd;nd;nd
86;VVFIN;ADJD;halten;3;NZZ_1994_10_13_a69_seg3_s15;12;Full|3|Pl|Past|Ind;Bis 1990 hielten sich bei der Suva Freizeit- und Berufsunfälle relativ konstant die Waage .;prozess;frequenziellPROZ;done;ambig AuW;frei;+;+;nd;nd;nd;nd;nd;nd;nd;nd;nd;nd;nd;nd;nd;nd;nd;nd;nd;nd;nd;nd
87;VVFIN;ADJD;nehmen;9;NZZ_1995_11_04_a205_seg7_s5;11;Full|3|Pl|Pres|Ind;Die Ansprüche nach direktdemokratischer Beteiligung am staatlichen Leben nehmen dagegen konstant zu .;prozess;frequenziellPROZ;done;;frei;+;+;nd;nd;nd;nd;nd;nd;nd;nd;nd;nd;nd;nd;nd;nd;nd;nd;nd;nd;nd;nd
88;VVINF;ADJD;halten;17;NZZ_1996_02_09_a93_seg5_s20;16;Full|-2;Insgesamt will Mercedes seine Belegschaft in Deutschland von derzeit rund 150 000 Mitarbeitern aber ungefähr konstant halten .;prozess;rein;done;;möglich;+;nd;+;+;nd;nd;nd;nd;nd;nd;nd;nd;nd;nd;nd;nd;nd;nd;nd;nd;nd;nd
89;VVFIN;ADJD;setzen;8;NZZ_1996_03_06_a42_seg14_s13;13;Full|3|Pl|Pres|Ind;In den renommierten militärischen Zeitschriften der USA setzen sich die militärischen Spitzen konstant mit Problemen des einschneidenden Umbaus von Streitkräften auseinander , wie er in den kommenden Jahren im Rahmen von « Force XXI » und etwa unter dem Stichwort « Information war » durch die zunehmende Digitalisierung des Gefechtsfeldes unumgänglich sein wird .;prozess;frequenziellPROZ;done;;frei;+;+;nd;nd;nd;nd;nd;nd;nd;nd;nd;nd;nd;nd;nd;nd;nd;nd;nd;nd;nd;nd
90;VVFIN;ADJD;halten;3;NZZ_1996_03_22_a94_seg15_s1;6;Full|3|Sg|Pres|Ind;AT& T hält die Dividende konstant .;prozess;rein;done;;möglich;+;nd;+;+;nd;nd;nd;nd;nd;nd;nd;nd;nd;nd;nd;nd;nd;nd;nd;nd;nd;nd
91;VVFIN;ADJD;setzen;32;NZZ_1996_11_20_a175_seg3_s9;29;Full|-2;In den Augen der Rangers-Fans gibt es nur ein Mittel , mit dem ihre Mannschaft ihr Ziel erreichen kann : offensiv spielen , den Gegner von Beginn weg konstant unter Druck setzen .;prozess;frequenziellPROZ;done;;frei;+;+;nd;nd;nd;nd;nd;nd;nd;nd;nd;nd;nd;nd;nd;nd;nd;nd;nd;nd;nd;nd
92;VVPP;ADJD;halten;21;NZZ_1997_09_24_a200_seg8_s10;20;Full|Psp;Zur Bestimmung des R ct -Wertes wird die Platte auf 35 ºC geheizt und die Luft auf 20 ºC konstant gehalten .;prozess;rein;done;;möglich;+;nd;+;+;nd;nd;nd;nd;nd;nd;nd;nd;nd;nd;nd;nd;nd;nd;nd;nd;nd;nd
93;VVPP;ADJD;halten;19;NZZ_1994_07_23_a71_seg8_s10;18;Full|Psp;Ursprünglich ging es um die Einhaltung der Metallkonvertierbarkeit , d. h. , der Goldwert von Noten wurde konstant gehalten .;prozess;rein;done;;möglich;+;nd;+;+;nd;nd;nd;nd;nd;nd;nd;nd;nd;nd;nd;nd;nd;nd;nd;nd;nd;nd
94;VVPP;ADJD;setzen;9;NZZ_1996_05_09_a197_seg3_s19;2;Full|Psp;"Doch konstant wurde die P-SG-Verteidigung nie unter Druck gesetzt ; auch die Ultima-ratio-Massnahme von Rapid-Coach Dokupil , Iwanow in den letzten Minuten in den Sturm zu beordern ( gegen Sporting Lissabon im Europacup erfolgreich , mit dem bulgarischen Nationalteam im Halbfinal gegen Italien an der WM 1994 weniger ) , änderte nichts mehr - den Kopfball des bulgarischen Irrwisches in der 90. Minute lenkte Lama um den Pfosten .";prozess;frequenziellPROZ;done;;frei;+;+;nd;nd;nd;nd;nd;nd;nd;nd;nd;nd;nd;nd;nd;nd;nd;nd;nd;nd;nd;nd
95;VVINF;ADJD;halten;22;NZZ_1996_10_31_a65_seg3_s9;21;Full|-2;Überraschend kam die Zinserhöhung aber dennoch , da allgemein die Annahme vorherrschte , dass Clarke vor den Parlamentswahlen die Geldpolitik konstant halten werde , um keine negativen Auswirkungen auf die politisch wichtigen Hypothekarzinsen hervorzurufen .;prozess;rein;done;;möglich;+;nd;+;+;nd;nd;nd;nd;nd;nd;nd;nd;nd;nd;nd;nd;nd;nd;nd;nd;nd;nd
96;VVFIN;ADJD;weigern;10;NZZ_1994_03_28_a127_seg3_s13;12;Full|3|Sg|Past|Ind;Capirossi wollte die Führung Biaggi aufzwingen , doch dieser weigerte sich konstant .;prozess;frequenziellPROZ;done;;frei;+;+;nd;nd;nd;nd;nd;nd;nd;nd;nd;nd;nd;nd;nd;nd;nd;nd;nd;nd;nd;nd
97;VVPP;ADJD;liegen;19;NZZ_1999_09_14_a278_seg3_s3;14;Full|Psp;Der Stimmenanteil der rechtspopulistischen Bewegung hat in den letzten vier Jahren aber ziemlich konstant um die 18 Prozent gelegen .;prozess;frequenziellPROZ;done;;frei;+;+;nd;nd;nd;nd;nd;nd;nd;nd;nd;nd;nd;nd;nd;nd;nd;nd;nd;nd;nd;nd
98;VVPP;ADJD;halten;14;NZZ_1997_09_24_a200_seg8_s16;13;Full|Psp;Die Platte mit Schirm und auch die Umgebungsluft werden auf 35 ºC konstant gehalten ( isotherme Bedingungen ) .;prozess;rein;done;;möglich;+;nd;+;+;nd;nd;nd;nd;nd;nd;nd;nd;nd;nd;nd;nd;nd;nd;nd;nd;nd;nd
99;VVPP;ADJD;handeln;28;NZZ_1997_07_01_a98_seg3_s8;23;Full|Psp;Jetzt liegen die Schätzungen jedoch nur noch bei etwa 5 Mrd. Rd. , da einerseits der Rand seit Ende vorigen Jahres relativ konstant zu den wichtigsten Weltwährungen gehandelt wird und anderseits die Inflation wieder rückläufig ist .;prozess;rein;done;;frei;+;nd;+;+;nd;nd;nd;nd;nd;nd;nd;nd;nd;nd;nd;nd;nd;nd;nd;nd;nd;nd
100;VVINF;ADJD;halten;13;NZZ_1994_03_10_a190_seg13_s5;11;Full|-2;Bei allen Kraftstoffen wurde versucht , die übrigen Eigenschaften möglichst konstant zu halten , wie zum Beispiel Dampfdruck ( RVP ) , Benzol- und Schwefelgehalt .;prozess;rein;done;;möglich;+;nd;+;+;nd;nd;nd;nd;nd;nd;nd;nd;nd;nd;nd;nd;nd;nd;nd;nd;nd;nd
101;VVFIN;ADJD;nennen;50;NZZ_1994_03_05_a144_seg7_s3;46;Full|3|Sg|Pres|Ind;So tauchen Namen von Personen auf , die bisher mit ihrer Zürcher Zeit noch nirgends in Zusammenhang gebracht worden sind : etwa der Arzt Walter Moos als überschwänglich bedankter Veranstalter des Vortrags , der emeritierte Zürcher Gemeinderabbiner Littmann - den sie trotz offensichtlich regelmässigen Kontakten konstant « Lippmann » nennt - oder die Dichterin und Essayistin Margarete Susman .;prozess;frequenziellPROZ;done;;frei;+;+;nd;nd;nd;nd;nd;nd;nd;nd;nd;nd;nd;nd;nd;nd;nd;nd;nd;nd;nd;nd
102;VVINF;ADJD;halten;36;NZZ_1993_08_19_a121_seg4_s5;34;Full|-2;Ein Esoc-Sprecher schätzte die Lage am Mittwoch als « nicht ganz kritisch » ein : Zur Zeit lieferten die Sonnenzellen noch genug Strom , um die Systeme des Satelliten betriebsfähig und die Temperatur konstant zu halten .;prozess;rein;done;;möglich;+;nd;+;+;nd;nd;nd;nd;nd;nd;nd;nd;nd;nd;nd;nd;nd;nd;nd;nd;nd;nd
103;VVPP;ADJD;beschäftigen;15;NZZ_1994_03_04_a224_seg35_s26;8;Full|3|Sg|Pres|Ind;Im Büro Furrer und Fasnacht , das konstant fünf bis sieben Mitarbeiterinnen und Mitarbeiter beschäftigt , spielen Wettbewerbe eine zentrale Rolle .;prozess;frequenziellPROZ;done;;frei;+;+;nd;nd;nd;nd;nd;nd;nd;nd;nd;nd;nd;nd;nd;nd;nd;nd;nd;nd;nd;nd
104;VVFIN;ADJD;aufschlagen;9;NZZ_1999_06_25_a212_seg5_s5;7;Full|3|Sg|Past|Ind;Im Entscheidungssatz nahm Manta , der konstant gut aufschlug und mit der Rückhand glänzende Crosscourt-Passierbälle setzte , seine Chance zur 3 : 2-Führung bei gegnerischem Service wahr und verteidige später die 4 : 3-Führung durch die Abwehr von vier Breakchancen von Gambill .;prozess;frequenziellPROZ;done;;frei;+;+;nd;nd;nd;nd;nd;nd;nd;nd;nd;nd;nd;nd;nd;nd;nd;nd;nd;nd;nd;nd
105;VVIZU;ADJD;durchhalten;27;NZZ_1998_02_21_a210_seg3_s17;26;Full|zu;Weiterhin führt Pfadi Winterthur die Tabelle souverän an , und der Titelhalter ist als einziger Klub imstande , einen hohen Leistungsstandard über einen längeren Zeitraum konstant durchzuhalten .;prozess;frequenziellPROZ;done;;frei;+;+;nd;nd;nd;nd;nd;nd;nd;nd;nd;nd;nd;nd;nd;nd;nd;nd;nd;nd;nd;nd
106;VVINF;ADJD;verringern;33;NZZ_1996_03_28_a194_seg13_s6;31;Full|-2;Die Zielsetzung für das Elf-500-Team lautet , sich in der ersten Hälfte der Saison möglichst unter den ersten fünfzehn zu klassieren , und dann den Abstand zu den Werkmaschinen möglichst konstant zu verringern .;prozess;frequenziellPROZ;done;;frei;+;+;nd;nd;nd;nd;nd;nd;nd;nd;nd;nd;nd;nd;nd;nd;nd;nd;nd;nd;nd;nd
107;VVPP;ADJD;blockieren;49;NZZ_1995_09_25_a102_seg1_s20;48;Full|Psp;Fortbestand und Ausbau eines leistungsfähigen Strassennetzes , von dem de facto jedermann profitiert , können nicht aufs Spiel gesetzt werden , weil ihre Finanzierung im anhaltenden Zweifrontenkrieg derer , die den Motorfahrzeugverkehr verhindern wollen , und derer , die so billig wie möglich Auto fahren wollen , konstant blockiert wird .;prozess;frequenziellPROZ;done;;frei;+;+;nd;nd;nd;nd;nd;nd;nd;nd;nd;nd;nd;nd;nd;nd;nd;nd;nd;nd;nd;nd
108;VVFIN;ADJD;erweisen;15;NZZ_1995_08_22_a73_seg6_s4;2;Full|3|Sg|Past|Ind;Bemerkenswert konstant , namentlich auch im Vergleich mit Umfrageergebnissen aus der Vor- EU-Zeit , erwies sich die Einschätzung der Chancen und Risiken des EU-Beitritts für die Industrie .;prozess;rein;done;;notwendig;+;nd;+;+;nd;nd;nd;nd;nd;nd;nd;nd;nd;nd;nd;nd;nd;nd;nd;nd;nd;nd
109;VVPP;ADJD;betrügen;28;NZZ_1994_12_05_a160_seg3_s11;24;Full|Psp;Beeindruckend war , wie sich die schwedische Mannschaft in Moskau nie aus der Ruhe bringen liess , obwohl sie von den russischen Linienrichtern konstant um wichtige Punkte betrogen wurde .;prozess;frequenziellPROZ;done;;frei;+;+;nd;nd;nd;nd;nd;nd;nd;nd;nd;nd;nd;nd;nd;nd;nd;nd;nd;nd;nd;nd
110;VVPP;ADJD;spielen;9;NZZ_1996_04_23_a233_seg4_s66;8;Full|Psp;Deshalb habe ich in letzter Zeit so konstant gespielt .;prozess;rein;done;ambig prozess;frei;+;nd;+;+;nd;nd;nd;nd;nd;nd;nd;nd;nd;nd;nd;nd;nd;nd;nd;nd;nd;nd
111;VVPP;ADJD;sagen;15;NZZ_1997_12_22_a156_seg4_s3;14;Full|Psp;Später fügte Gross hinzu , was er seit dem Antritt seiner neuen Arbeit konstant gesagt hatte : « Es gibt immer noch viel zu tun . »;prozess;frequenziellPROZ;done;;frei;+;+;nd;nd;nd;nd;nd;nd;nd;nd;nd;nd;nd;nd;nd;nd;nd;nd;nd;nd;nd;nd
112;VVINF;ADJD;halten;14;NZZ_1999_09_18_a234_seg3_s46;10;Full|-2;Sie sollten den Stock möglichst nah am Körper und konstant in senkrechter Position halten , um niemanden damit zu belästigen .;prozess;frequenziellPROZ;done;;frei;+;+;nd;nd;nd;nd;nd;nd;nd;nd;nd;nd;nd;nd;nd;nd;nd;nd;nd;nd;nd;nd
113;VVFIN;ADJD;zeigen;2;NZZ_1996_08_05_a127_seg4_s14;8;Full|3|Sg|Past|Ind;Dieser zeigte auf der letzten Runde schliesslich konstant einen Wert von über 190 Schlägen pro Minute an , was persönlichen Rekord darstellt .;prozess;frequenziellPROZ;done;;frei;+;+;nd;nd;nd;nd;nd;nd;nd;nd;nd;nd;nd;nd;nd;nd;nd;nd;nd;nd;nd;nd
114;VVPP;ADJD;spielen;23;NZZ_1996_03_19_a163_seg3_s24;18;Full|Psp;Das Aufblühen der Mannschaft sei zu einem grossen Teil Luc Nilis zu verdanken : « Er hat konstant auf sehr hohem Niveau gespielt .;prozess;frequenziellPROZ;done;;frei;+;+;nd;nd;nd;nd;nd;nd;nd;nd;nd;nd;nd;nd;nd;nd;nd;nd;nd;nd;nd;nd
115;VVINF;ADJD;halten;7;NZZ_1996_11_16_a67_seg3_s6;6;Full|-2;"Die Versorgungsunternehmen konnten ihre Leistung konstant halten ( September 3% ) ; der Bergbau wie auch die Mineralölwirtschaft nahmen ihre Förderung um je 0 ( 1 bzw. 2 ) % zurück .";prozess;rein;done;;möglich;+;nd;+;+;nd;nd;nd;nd;nd;nd;nd;nd;nd;nd;nd;nd;nd;nd;nd;nd;nd;nd
116;VVPP;ADJD;übergehen;14;NZZ_1996_10_09_a158_seg3_s11;13;Full|Psp;Seit über einem Jahr hatte Venables den offensiven Mittelfeldspieler des FC Southampton konstant übergangen , weil er nicht in sein Konzept passte .;prozess;frequenziellPROZ;done;;frei;+;+;nd;nd;nd;nd;nd;nd;nd;nd;nd;nd;nd;nd;nd;nd;nd;nd;nd;nd;nd;nd
117;VVPP;ADJD;halten;29;NZZ_1995_08_12_a82_seg14_s7;28;Full|Psp;Würde das gegenwärtige Privileg der grossen Länder , je zwei Kommissare zu stellen , aufgehoben , könnte die Zahl der Kommissare bei einer nächsten Erweiterung noch annähernd konstant gehalten werden .;prozess;rein;done;;möglich;+;nd;+;+;nd;nd;nd;nd;nd;nd;nd;nd;nd;nd;nd;nd;nd;nd;nd;nd;nd;nd
118;VAFIN;ADJD;haben;12;NZZ_1996_10_03_a156_seg4_s5;9;Haben|3|Sg|Pres|Subj;Mit dieser Berechnung bleibe das Kontingent « schlimmstenfalls konstant » , habe aber eher die Tendenz , kleiner zu werden , erklärte Daniel Spörri , stellvertretender Flughafendirektor , auf Anfrage .;nd;nd;not of interest;prädikativ;;nd;nd;nd;nd;nd;nd;nd;nd;nd;nd;nd;nd;nd;nd;nd;nd;nd;nd;nd;nd;nd;nd
119;VVPP;ADJD;verharren;31;NZZ_1998_09_05_a80_seg2_s8;30;Full|3|Sg|Pres|Ind;Danach sank sie - im Zeichen des sogenannten Pillenknicks - bis zum Jahr 1975 sehr schnell auf den sehr tiefen Stand von 150 , auf dem sie bisher ziemlich konstant verharrt .;prozess;rein;done;;frei;+;nd;+;+;nd;nd;nd;nd;nd;nd;nd;nd;nd;nd;nd;nd;nd;nd;nd;nd;nd;nd
120;VVINF;ADJD;ignorieren;46;NZZ_1996_09_20_a124_seg7_s30;38;Full|-2;Und nachdem er als Soldat und Journalist bei der Entnazifizierung der Deutschen geholfen hatte , fand er sich in den fünfziger Jahren in der Entourage der Kunsthändler um Picasso wieder , was diesen nicht daran hinderte , konstant die korrekte Orthographie von Berggruens Namen zu ignorieren .;prozess;frequenziellPROZ;done;;frei;+;+;nd;nd;nd;nd;nd;nd;nd;nd;nd;nd;nd;nd;nd;nd;nd;nd;nd;nd;nd;nd
121;VVPP;ADJD;halten;17;NZZ_1995_06_21_a132_seg10_s7;16;Full|Psp;Ferner soll die Verbrauchszunahme beim Strom zunehmend gedämpft und der Verbrauch ab dem Jahr 2000 konstant gehalten werden .;prozess;rein;done;;möglich;+;nd;+;+;nd;nd;nd;nd;nd;nd;nd;nd;nd;nd;nd;nd;nd;nd;nd;nd;nd;nd
122;VVINF;ADJD;halten;32;NZZ_1996_11_06_a140_seg4_s1;30;Full|-2;Die von 18 Unternehmen unter dem Titel « Energiemodell Zürich » getroffene Vereinbarung , im Rahmen einer Interessengemeinschaft Anstrengungen zu unternehmen , um den Elektrizitätsverbrauch von 1989 bis 1995 konstant zu halten und den Ausstoss von Schadstoffen zu reduzieren , ist nach Abschluss der Initialphase mehr als erreicht worden .;prozess;rein;done;;möglich;+;nd;+;+;nd;nd;nd;nd;nd;nd;nd;nd;nd;nd;nd;nd;nd;nd;nd;nd;nd;nd
123;VVINF;ADJD;richten;46;NZZ_1994_10_18_a45_seg12_s3;41;Full|-2;"Die neuartige Neigetechnik dieser Züge benutzt im Gegensatz zur Hydraulik der « Pendolini » platz- und gewichtsparende elektrische Stellantriebe aus der Militärtechnik ; sie wurden entwickelt , um das Geschütz des « Leopard » -Panzers bei der Fahrt im Gelände konstant auf das Ziel zu richten .";prozess;frequenziellPROZ;done;;frei;+;+;nd;nd;nd;nd;nd;nd;nd;nd;nd;nd;nd;nd;nd;nd;nd;nd;nd;nd;nd;nd
124;VVFIN;ADJD;weigern;39;NZZ_1993_08_26_a27_seg5_s12;38;Full|3|Sg|Past|Ind;Auch der inzwischen allseits bewilligte Erweiterungsumbau , der ursprünglich eine Schliessung des Hauses vom Juli dieses Jahres bis zum Oktober 1996 vorsah , schien dem wirtschaftlichen Tief zum Opfer gefallen zu sein , da sich die Regierung konstant weigerte , auch nur einen Penny an die veranschlagten Kosten von etwa 350 Millionen Franken beizusteuern .;prozess;frequenziellPROZ;done;;frei;+;+;nd;nd;nd;nd;nd;nd;nd;nd;nd;nd;nd;nd;nd;nd;nd;nd;nd;nd;nd;nd
125;VVPP;ADJD;halten;6;NZZ_1999_12_08_a207_seg2_s11;5;Full|Psp;Werden Vegetation und Bodenfeuchte konstant gehalten , so berechnet das Modell eine Niederschlagsverteilung , die mit den effektiven Werten kaum übereinstimmt .;prozess;rein;done;;möglich;+;nd;+;+;nd;nd;nd;nd;nd;nd;nd;nd;nd;nd;nd;nd;nd;nd;nd;nd;nd;nd
126;VVFIN;ADJD;spielen;21;NZZ_1995_09_04_a123_seg5_s21;20;Full|3|Sg|Past|Ind;Dieses kann ihn auch gegen Becker ( Matchbilanz 2 : 2 ) weit tragen , obwohl der Deutsche bisher konstant spielte und die Neo- Kommentatorin , Martina Navratilova , hinter dem Mikrophon der TV-Station « USA » des Schweizers Können eher verniedlichte .;prozess;rein;done;ambig prozess;frei;+;nd;+;+;nd;nd;nd;nd;nd;nd;nd;nd;nd;nd;nd;nd;nd;nd;nd;nd;nd;nd
127;VVINF;ADJD;halten;6;NZZ_1999_01_09_a4_seg1_s42;4;Full|-2;Um die Bevölkerungszahl konstant zu halten , müsste ein statistischer Durchschnittswert von 1 Kindern pro Frau erreicht werden .;prozess;rein;done;;möglich;+;nd;+;+;nd;nd;nd;nd;nd;nd;nd;nd;nd;nd;nd;nd;nd;nd;nd;nd;nd;nd
128;VVFIN;ADJD;verharren;17;NZZ_1995_03_10_a46_seg6_s8;11;Full|3|Sg|Past|Ind;Dass trotz diesem Wachstum das wahlkampfrelevante Vokabular mehr oder weniger konstant auf rund 17 000 Ausdrücken verharrte , weist darauf hin , dass offenbar nach einem über die Parteigrenzen hinaus konformen Argumentationsmuster politisiert wird .;prozess;rein;done;;frei;+;nd;+;+;nd;nd;nd;nd;nd;nd;nd;nd;nd;nd;nd;nd;nd;nd;nd;nd;nd;nd
129;VVPP;ADJD;durchhalten;8;NZZ_1997_05_24_a68_seg2_s21;7;Full|Psp;Effizienz des Bösen sehen , unheimlich konstant durchgehalten . »;prozess;rein;done;unvollständiger Satz;frei;+;nd;+;+;nd;nd;nd;nd;nd;nd;nd;nd;nd;nd;nd;nd;nd;nd;nd;nd;nd;nd
130;VVINF;ADJD;ermitteln;4;NZZ_1999_09_21_a258_seg29_s4;5;Full|3|Pl|Pres|Ind;Die ISP ihrerseits ermitteln konstant die Leistungsfähigkeit der eigenen Infrastruktur .;prozess;frequenziellPROZ;done;;frei;+;+;nd;nd;nd;nd;nd;nd;nd;nd;nd;nd;nd;nd;nd;nd;nd;nd;nd;nd;nd;nd
131;VVFIN;ADJD;begehen;2;NZZ_1998_08_12_a129_seg6_s5;4;Full|3|Sg|Pres|Ind;Dabei begeht Duby konstant den Fehlschluss , diese sozusagen diskursiven « Frauen » recht simplistisch mit den damals lebenden Frauen gleichzusetzen , ohne ernsthaft zu versuchen , den Textstrategien mehr als ihre eigenen Argumentationsziele zu entlocken .;prozess;frequenziellPROZ;done;;frei;+;+;nd;nd;nd;nd;nd;nd;nd;nd;nd;nd;nd;nd;nd;nd;nd;nd;nd;nd;nd;nd
132;VVPP;ADJD;halten;19;NZZ_1996_01_25_a18_seg12_s2;18;Full|Psp;Eine Mehrheit der Stimmen von 3 Prozent im Ministerrat - ein Wert , der seit 1958 ungefähr konstant gehalten worden ist - , kann also nur noch 58 Prozent der Bevölkerung im EU-Raum entsprechen .;prozess;frequenziellPROZ;done;;frei;+;+;nd;nd;nd;nd;nd;nd;nd;nd;nd;nd;nd;nd;nd;nd;nd;nd;nd;nd;nd;nd
133;VVINF;ADJD;halten;31;NZZ_1996_05_29_a201_seg8_s3;29;Full|-2;Setzen wir einem Schwein Futter vor , das wir mit Wasser zu einem kalorienarmen Brei verdünnt haben , so schlürft es einfach mehr , um so die Energieaufnahme konstant zu halten .;prozess;rein;done;;möglich;+;nd;+;+;nd;nd;nd;nd;nd;nd;nd;nd;nd;nd;nd;nd;nd;nd;nd;nd;nd;nd
134;VVFIN;ADJD;geben;5;NZZ_1994_10_13_a69_seg3_s16;8;Full|3|Sg|Past|Ind;Bei den übrigen Versicherern gab es ebenso konstant doppelt so viele Freizeit- wie Berufsunfälle .;prozess;frequenziellPROZ;done;;frei;+;+;nd;nd;nd;nd;nd;nd;nd;nd;nd;nd;nd;nd;nd;nd;nd;nd;nd;nd;nd;nd
135;VVPP;ADJD;liegen;36;NZZ_1998_08_17_a24_seg7_s14;30;Full|Psp;Spötter sprechen davon , dass die Fertigstellung zu einem beliebigen Zeitpunkt der letzten fünf Jahre immer mindestens noch zwei Jahre entfernt gewesen sei und die noch aufzuwendenden Kosten ebenfalls konstant bei rund 40 Milliarden Kronen gelegen hätten .;prozess;frequenziellPROZ;done;;frei;+;+;nd;nd;nd;nd;nd;nd;nd;nd;nd;nd;nd;nd;nd;nd;nd;nd;nd;nd;nd;nd
136;VVINF;ADJD;dirigieren;35;NZZ_1997_08_30_a120_seg7_s6;29;Full|-2;Weiter plant er eine Schule für den amerikanischen Dirigentennachwuchs , « um zu garantieren , dass junge Dirigenten hier die Chance bekommen , nicht nur gelegentlich , sondern konstant ein ihnen gewidmetes Orchester zu dirigieren .;prozess;frequenziellPROZ;done;;frei;+;+;nd;nd;nd;nd;nd;nd;nd;nd;nd;nd;nd;nd;nd;nd;nd;nd;nd;nd;nd;nd
137;VVINF;ADJD;vorweisen;11;NZZ_1995_11_09_a18_seg8_s14;8;Full|-2;Zwar kann er in letzter Zeit nur konstant niedrige Popularitätswerte vorweisen , doch besitzt an der Wahlurne die Aura des Amts noch immer ein eigenes Gewicht .;nd;nd;not of interest;ModADJ;;nd;nd;nd;nd;nd;nd;nd;nd;nd;nd;nd;nd;nd;nd;nd;nd;nd;nd;nd;nd;nd;nd
138;VVFIN;ADJD;tendieren;2;NZZ_1999_11_27_a119_seg3_s5;8;Full|3|Sg|Past|Ind;Immerhin tendierte der Franken gegenüber dem Euro konstant bei Fr. 1.6016 .;prozess;frequenziellPROZ;done;;frei;+;+;nd;nd;nd;nd;nd;nd;nd;nd;nd;nd;nd;nd;nd;nd;nd;nd;nd;nd;nd;nd
139;VVPP;ADJD;geben;18;NZZ_1997_07_03_a23_seg13_s3;12;Full|Psp;Meinungsumfragen hatten der Partei seit dem vergangenen Sommer in der Hauptstadt konstant rund einen Drittel der Stimmen gegeben , während PRI und PRD beide um die 20-Prozent-Marke oszillierten .;prozess;frequenziellPROZ;done;;frei;+;+;nd;nd;nd;nd;nd;nd;nd;nd;nd;nd;nd;nd;nd;nd;nd;nd;nd;nd;nd;nd
140;VVFIN;ADJD;halten;4;NZZ_1994_05_10_a56_seg8_s16;8;Full|3|Pl|Pres|Ind;Im ersten Fall halten sie ihre Beteiligung konstant , im zweiten Fall erhalten sie eine niedrigere « Dividende » , erhöhen aber ihren relativen Kapitalanteil an der Unternehmung .;prozess;rein;done;;möglich;+;nd;+;+;nd;nd;nd;nd;nd;nd;nd;nd;nd;nd;nd;nd;nd;nd;nd;nd;nd;nd
141;VVINF;ADJD;halten;20;NZZ_1999_04_13_a76_seg3_s5;19;Full|-2;Mit ihrem Nachziehen wollte sie die Wirkung des Frankfurter Entscheides neutralisieren und die Zinsdifferenz gegenüber der WWU etwa konstant halten .;prozess;rein;done;;möglich;+;nd;+;+;nd;nd;nd;nd;nd;nd;nd;nd;nd;nd;nd;nd;nd;nd;nd;nd;nd;nd
142;VVPP;ADJD;spielen;45;NZZ_1994_02_05_a189_seg3_s16;39;Full|Psp;Seinen Spitznamen « the machine » hatte der Brite unter anderem deshalb erhalten , weil ihm zwischen dem Spanish Open 1991 und eben jenem Turnier in England 1993 ein gleiches Missgeschick erspart geblieben war , weil er eben konstant wie kein anderer im Business gespielt hatte .;prozess;frequenziellPROZ;done;ambig AuW;frei;+;+;nd;nd;nd;nd;nd;nd;nd;nd;nd;nd;nd;nd;nd;nd;nd;nd;nd;nd;nd;nd
143;VVFIN;ADJD;erweisen;26;NZZ_1995_01_20_a27_seg14_s9;17;Full|3|Sg|Pres|Ind;Es mag wohl sein , dass sich in sämtlichen Meinungsumfragen der Status quo für die Schotten konstant als die unpopulärste unter den drei verfügbaren Optionen erweist - hinter Autonomie und , an zweiter Stelle , Eigenstaatlichkeit .;prozess;frequenziellPROZ;done;;frei;+;+;nd;nd;nd;nd;nd;nd;nd;nd;nd;nd;nd;nd;nd;nd;nd;nd;nd;nd;nd;nd
144;VVPP;ADJD;halten;10;NZZ_1998_08_27_a229_seg3_s11;4;Full|Psp;Die Luftfeuchtigkeit wird konstant auf ebenso bekömmlichen 45 Prozent gehalten .;prozess;frequenziellPROZ;done;ambig AuW;frei;+;+;nd;nd;nd;nd;nd;nd;nd;nd;nd;nd;nd;nd;nd;nd;nd;nd;nd;nd;nd;nd
145;VVINF;ADJD;halten;31;NZZ_1999_05_07_a179_seg6_s4;29;Full|-2;Beim erwarteten Wachstum werde es kaum möglich sein , die Nachfrage auf den Landesflughäfen sicher und effizient zu bewältigen und gleichzeitig die Lärm- und Luftbelastung in der Umgebung konstant zu halten oder längerfristig sogar zu reduzieren .;prozess;rein;done;;möglich;+;nd;+;+;nd;nd;nd;nd;nd;nd;nd;nd;nd;nd;nd;nd;nd;nd;nd;nd;nd;nd
146;VVFIN;ADJD;kommen;43;NZZ_1994_08_19_a28_seg6_s1;17;Full|3|Sg|Pres|Ind;Diese Revision der separatistischen Strategie kann die Wahlaussichten des PQ nur stärken , da in Meinungsumfragen konstant der Wunsch nach einem Regierungswechsel ( zurzeit etwa 60 Prozent ) in Verbindung mit einer Ablehnung der Souveränitätsoption ( rund 55 Prozent ) zum Ausdruck kommt .;prozess;frequenziellPROZ;done;;frei;+;+;nd;nd;nd;nd;nd;nd;nd;nd;nd;nd;nd;nd;nd;nd;nd;nd;nd;nd;nd;nd
147;VVFIN;ADJD;halten;26;NZZ_1997_11_21_a143_seg5_s2;29;Full|3|Sg|Pres|Ind;Auch in Schweden gibt es einen Trend , dem amerikanischen Kino nachzueifern , das mit 75 Prozent den Markt beherrscht , aber der schwedische Eigenanteil hält sich immerhin konstant bei 15 Prozent .;prozess;rein;done;ambig prozess;möglich;+;nd;+;+;nd;nd;nd;nd;nd;nd;nd;nd;nd;nd;nd;nd;nd;nd;nd;nd;nd;nd
148;VVFIN;ADJD;halten;15;NZZ_1995_02_16_a100_seg4_s5;14;Full|3|Sg|Past|Ind;Auch im Energiebereich , der als traditionelle Ertragsstütze des Konzerns das Ergebnis etwa konstant hielt , spielten die kürzlich erworbenen ostdeutschen Unternehmen eine spezielle Rolle : Das positive operative Ergebnis , das man von den betreffenden Regionalversorgern erwartet , soll für Sonderabschreibungen nach dem Fördergebietsgesetz genutzt werden .;prozess;rein;done;;möglich;+;nd;+;+;nd;nd;nd;nd;nd;nd;nd;nd;nd;nd;nd;nd;nd;nd;nd;nd;nd;nd
149;VVPP;ADJD;steigen;28;NZZ_1994_08_05_a59_seg5_s6;27;Full|Psp;"Gleichzeitig sind während der ersten vier Wochentage die Indizes der auch ausländischen Investoren zugänglichen sogenannten B-Aktien in Schanghai und Shenzhen ebenfalls zwar weniger spektakulär , aber konstant gestiegen ; erst am Donnerstag gaben die B-Aktien in Schanghai um 22 Punkte etwas nach .";prozess;frequenziellPROZ;done;;frei;+;+;nd;nd;nd;nd;nd;nd;nd;nd;nd;nd;nd;nd;nd;nd;nd;nd;nd;nd;nd;nd
150;VVPP;ADJD;spielen;16;NZZ_1999_04_09_a206_seg4_s32;15;Full|Psp;Bisher war es Montgomeries Problem gewesen , dass er noch nie vier Tage lang konstant gespielt hat .;prozess;frequenziellPROZ;done;ambig AuW;frei;+;+;nd;nd;nd;nd;nd;nd;nd;nd;nd;nd;nd;nd;nd;nd;nd;nd;nd;nd;nd;nd
151;VVFIN;ADJD;stimmen;29;NZZ_1995_01_23_a22_seg6_s7;25;Full|3|Pl|Pres|Ind;Diese Dissidenten könnten jedoch in ihrem blinden Eifer nicht nur der Mutterpartei , sondern letztlich auch sich selbst gefährlich werden : Wenn sie weiterhin konstant gegen die Regierung stimmen , bringen sie diese in eine noch prekärere Lage - und ein Machtwechsel in Westminster würde den Tory-Rebellen eine zweifellos wesentlich proeuropäischere Politik unter einer Labour-Regierung bescheren .;prozess;frequenziellPROZ;done;;frei;+;+;nd;nd;nd;nd;nd;nd;nd;nd;nd;nd;nd;nd;nd;nd;nd;nd;nd;nd;nd;nd
152;VVFIN;ADJD;verletzen;36;NZZ_1994_12_03_a6_seg3_s17;33;Full|3|Pl|Past|Ind;An Bedenklichkeit steht keines der Szenarien den anderen nach : Tschetschenien ist russisches Territorium , und wenn die Beteuerungen Moskaus stimmen , dann weiss Russland also nicht , welche Kampfflugzeuge seit Tagen konstant seinen Luftraum verletzten .;prozess;frequenziellPROZ;done;;frei;+;+;nd;nd;nd;nd;nd;nd;nd;nd;nd;nd;nd;nd;nd;nd;nd;nd;nd;nd;nd;nd
153;VVPP;ADJD;steigen;15;NZZ_1998_03_20_a169_seg2_s8;11;Full|Psp;Die entsprechende Quote ist seit Februar 1994 von 1 Prozent konstant auf 3 Prozent gestiegen .;prozess;frequenziellPROZ;done;;frei;+;+;nd;nd;nd;nd;nd;nd;nd;nd;nd;nd;nd;nd;nd;nd;nd;nd;nd;nd;nd;nd
154;VMFIN;ADJD;können;38;NZZ_1999_01_06_a28_seg8_s4;27;Mod|3|Sg|Pres|Ind;Nach Auskunft von Bruno Rösli , Chef der Abteilung Friedenserhaltende Operationen im Generalstab , will das VBS dafür sorgen , dass es der OSZE in Kosovo konstant über eine längere Frist 30 ausgebildete Beobachter zur Verfügung stellen kann .;prozess;frequenziellPROZ;done;;frei;+;+;nd;nd;nd;nd;nd;nd;nd;nd;nd;nd;nd;nd;nd;nd;nd;nd;nd;nd;nd;nd
155;VVINF;ADJD;ablesen;36;NZZ_1997_06_16_a123_seg3_s20;31;Full|-2;Dass die offiziell noch nicht bestätigten IAAF-Einladungen der kriselnden amerikanischen Leichtathletik einen zweifelhaften Dienst erweisen , war in Indianapolis nicht nur die Meinung mancher Aktiver , sondern dürfte sich am konstant sinkenden Interesse einer Öffentlichkeit ablesen lassen , die einmal mehr um ein Meeting der Spitzenklasse geprellt wurde .;nd;nd;not of interest;ModADJ;;nd;nd;nd;nd;nd;nd;nd;nd;nd;nd;nd;nd;nd;nd;nd;nd;nd;nd;nd;nd;nd;nd
156;VVPP;ADJD;behaupten;21;NZZ_1994_04_08_a86_seg13_s7;20;Full|Psp;Ein Beitritt zu den Vereinten Nationen wird damit in keiner Weise präjudiziert , auch wenn dies von gegnerischer Seite konstant behauptet wird .;prozess;frequenziellPROZ;done;;frei;+;+;nd;nd;nd;nd;nd;nd;nd;nd;nd;nd;nd;nd;nd;nd;nd;nd;nd;nd;nd;nd
157;VVINF;ADJD;stagnieren;14;NZZ_1995_09_06_a193_seg15_s10;9;Full|-2;Die Anbaufläche wird darum in der absehbaren Zukunft konstant auf 83 000 Hektaren stagnieren , bei einer Gesamtproduktion von 8000 Tonnen Kardamom .;prozess;frequenziellPROZ;done;;frei;+;+;nd;nd;nd;nd;nd;nd;nd;nd;nd;nd;nd;nd;nd;nd;nd;nd;nd;nd;nd;nd
158;VVFIN;ADJD;halten;5;NZZ_1995_07_10_a80_seg9_s9;12;Full|3|Sg|Pres|Ind;Wechselkursregel : Die Zentralbank hält den realen Wechselkurs gegenüber dem Dollar konstant , indem sie den nominalen Wechselkurs entsprechend dem Zielpfad der Inflation gegenüber dem Dollar abwertet .;prozess;rein;done;;möglich;+;nd;+;+;nd;nd;nd;nd;nd;nd;nd;nd;nd;nd;nd;nd;nd;nd;nd;nd;nd;nd
159;VVFIN;ADJD;liegen;4;NZZ_1996_08_08_a28_seg2_s8;11;Full|3|Sg|Pres|Ind;In der Deutschschweiz liegt die Zahl in den letzten Jahren konstant zwischen 71 und 75 Prozent .;prozess;frequenziellPROZ;done;;frei;+;+;nd;nd;nd;nd;nd;nd;nd;nd;nd;nd;nd;nd;nd;nd;nd;nd;nd;nd;nd;nd
160;VVFIN;ADJD;halten;3;NZZ_1999_02_05_a74_seg1_s1;6;Full|3|Sg|Pres|Ind;Europäische Zentralbank hält die Zinsen konstant;prozess;rein;done;;möglich;+;nd;+;+;nd;nd;nd;nd;nd;nd;nd;nd;nd;nd;nd;nd;nd;nd;nd;nd;nd;nd
161;VVFIN;ADJD;weigern;20;NZZ_1995_01_11_a20_seg7_s5;19;Full|3|Sg|Pres|Ind;Dieses Amt erfordert nach den belgischen Gesetzen aber die Kenntnis der niederländischen Sprache , die nachzuweisen Happart sich konstant weigert .;prozess;frequenziellPROZ;done;;frei;+;+;nd;nd;nd;nd;nd;nd;nd;nd;nd;nd;nd;nd;nd;nd;nd;nd;nd;nd;nd;nd
162;VVFIN;ADJD;fallen|fällen;5;NZZ_1999_06_24_a86_seg7_s1;9;Full|3|Sg|Pres|Ind;Das Wachstum der Ausrüstungsinvestitionen fällt seit 1993 ungebrochen konstant aus .;prozess;rein;done;;notwendig;+;nd;+;+;nd;nd;nd;nd;nd;nd;nd;nd;nd;nd;nd;nd;nd;nd;nd;nd;nd;nd
163;VMFIN;ADJD;können;12;NZZ_1999_06_05_a214_seg7_s1;3;Mod|3|Sg|Pres|Ind;Wieviel Druck konstant von der Grundlinie auf den Gegner ausgeübt werden kann , dafür steht das neue Beispiel Medwedew .;prozess;frequenziellPROZ;done;;frei;+;+;nd;nd;nd;nd;nd;nd;nd;nd;nd;nd;nd;nd;nd;nd;nd;nd;nd;nd;nd;nd
164;VVINF;ADJD;halten;6;NZZ_1998_10_21_a65_seg3_s13;4;Full|-2;Um die Bevölkerung konstant zu halten , müsste im Durchschnitt jede Frau 1 Kinder zur Welt bringen .;prozess;rein;done;;möglich;+;nd;+;+;nd;nd;nd;nd;nd;nd;nd;nd;nd;nd;nd;nd;nd;nd;nd;nd;nd;nd
165;VVPP;ADJD;verlieren;21;NZZ_1994_03_17_a35_seg11_s1;18;Full|Psp;Trotz anhaltend steigendem Diskontsatz hat der kanadische Dollar in den letzten Monaten vor allem gegenüber der US-Währung konstant an Wert verloren .;prozess;frequenziellPROZ;done;;frei;+;+;nd;nd;nd;nd;nd;nd;nd;nd;nd;nd;nd;nd;nd;nd;nd;nd;nd;nd;nd;nd
166;VVFIN;ADJD;bauen;4;NZZ_1995_10_09_a121_seg7_s7;35;Full|3|Sg|Past|Ind;In der Folge baute er seinen Vorsprung vor seinen direkten Konkurrenten mit hervorragenden Noten von 662 ( Ringe ) , 675 ( Pferdsprung ) , 712 ( Barren ) und 637 ( Reck ) konstant aus .;prozess;frequenziellPROZ;done;;frei;+;+;nd;nd;nd;nd;nd;nd;nd;nd;nd;nd;nd;nd;nd;nd;nd;nd;nd;nd;nd;nd
167;VVFIN;ADJD;bieten;7;NZZ_1994_11_29_a152_seg3_s4;11;Full|3|Sg|Past|Ind;Problemlos für die Viertelfinals qualifiziert , bot Guarani nicht nur konstant gute Leistungen , sondern wusste auch ein Talent in seinen Reihen , das die Medien schon mit Zico und sogar mit Pelé verglichen .;prozess;frequenziellPROZ;done;;frei;+;+;nd;nd;nd;nd;nd;nd;nd;nd;nd;nd;nd;nd;nd;nd;nd;nd;nd;nd;nd;nd
168;VVFIN;ADJD;kontrollieren;13;NZZ_1996_03_06_a194_seg3_s3;18;Full|3|Pl|Past|Ind;Ohne im zweiten Heimspiel gegen die Emmentaler je forciert zu haben , kontrollierten sie die harmlosen Berner konstant .;prozess;frequenziellPROZ;done;;frei;+;+;nd;nd;nd;nd;nd;nd;nd;nd;nd;nd;nd;nd;nd;nd;nd;nd;nd;nd;nd;nd
169;VVINF;ADJD;halten;24;NZZ_1995_04_05_a67_seg9_s3;22;Full|-2;Das Programm musste während der letzten Jahre immer wieder markant redimensioniert , also verkleinert werden , um die Kosten nur halbwegs konstant zu halten .;prozess;rein;done;;möglich;+;nd;+;+;nd;nd;nd;nd;nd;nd;nd;nd;nd;nd;nd;nd;nd;nd;nd;nd;nd;nd
170;VVPP;ADJD;liegen;11;NZZ_1996_10_17_a78_seg3_s7;8;Full|Psp;In letzter Zeit war die Zuwachsrate ziemlich konstant bei 75% gelegen , doch für Juli hat das Statistische Amt jetzt eine Revision auf 0% vorgenommen .;prozess;frequenziellPROZ;done;;frei;+;+;nd;nd;nd;nd;nd;nd;nd;nd;nd;nd;nd;nd;nd;nd;nd;nd;nd;nd;nd;nd
171;VVFIN;ADJD;vermehren;7;NZZ_1997_10_04_a210_seg9_s1;11;Full|3|Sg|Pres|Ind;Bis es jedoch soweit ist , vermehrt sich das Personal konstant .;prozess;frequenziellPROZ;done;;frei;+;+;nd;nd;nd;nd;nd;nd;nd;nd;nd;nd;nd;nd;nd;nd;nd;nd;nd;nd;nd;nd
172;VVPP;ADJD;zunehmen;11;NZZ_1996_09_23_a201_seg4_s6;10;Full|Psp;Auch die Zahl der Apotheken hat im selben Zeitraum konstant zugenommen , allein von 1985 bis 1994 von 1364 auf 1619 Betriebe .;prozess;frequenziellPROZ;done;;frei;+;+;nd;nd;nd;nd;nd;nd;nd;nd;nd;nd;nd;nd;nd;nd;nd;nd;nd;nd;nd;nd
173;VMINF;ADJD;sollen;29;NZZ_1998_04_18_a10_seg6_s1;31;Mod|-2;Die Behörden in Kinshasa haben die Uno-Experten , welche vor allem das Verschwinden von bis zu 180 000 rwandischen Hutu-Flüchtlingen zwischen Ende 1996 und Anfang 1997 hätten untersuchen sollen , konstant an der Aufnahme der Arbeit gehindert .;prozess;frequenziellPROZ;done;;frei;+;+;nd;nd;nd;nd;nd;nd;nd;nd;nd;nd;nd;nd;nd;nd;nd;nd;nd;nd;nd;nd
174;VVPP;ADJD;steigen;16;NZZ_1996_09_10_a126_seg8_s15;12;Full|Psp;Nachdem sie in den letzten Jahren nach einem Einbruch wieder einigermassen konstant gegen die 5000er-Marke gestiegen war , fiel sie jetzt unerklärlicherweise wieder auf 4111 zurück .;prozess;frequenziellPROZ;done;;frei;+;+;nd;nd;nd;nd;nd;nd;nd;nd;nd;nd;nd;nd;nd;nd;nd;nd;nd;nd;nd;nd
175;VVPP;ADJD;anzeigen;15;NZZ_1999_06_05_a216_seg6_s2;10;Full|Psp;Das Thermometer , das in den vorangegangenen Tagen noch konstant dreissig und mehr Grad angezeigt hatte , fiel auf beunruhigende Werte .;prozess;frequenziellPROZ;done;;frei;+;+;nd;nd;nd;nd;nd;nd;nd;nd;nd;nd;nd;nd;nd;nd;nd;nd;nd;nd;nd;nd
176;VVFIN;ADJD;zunehmen;19;NZZ_1998_01_17_a92_seg8_s5;18;Full|3|Sg|Pres|Ind;Hinzu kommt , dass immer mehr Züge unter akuter Überfüllung leiden , weil die Zahl der Passagiere konstant zunimmt - ein durchaus positiver Effekt der Privatisierung - und zugleich die Bahngesellschaften mit dem Ziel , höhere Ausnutzungsziffern zu erreichen , die Zahl der eingesetzten Waggons reduzieren .;prozess;frequenziellPROZ;done;;frei;+;+;nd;nd;nd;nd;nd;nd;nd;nd;nd;nd;nd;nd;nd;nd;nd;nd;nd;nd;nd;nd
177;VVFIN;ADJD;spielen;10;NZZ_1999_10_07_a186_seg3_s14;15;Full|3|Sg|Pres|Ind;Seinen Stil hat Bossert nicht verändert : Noch immer spielt er unspektakulär , aber konstant .;prozess;rein;done;;frei;+;nd;+;+;nd;nd;nd;nd;nd;nd;nd;nd;nd;nd;nd;nd;nd;nd;nd;nd;nd;nd
178;VVINF;ADJD;erhöhen;20;NZZ_1993_02_26_a207_seg3_s16;18;Full|-2;Verwaltungsratspräsident Robert Evans betonte allerdings , dass die Politik des Konzerns , die Dividende in realen Werten konstant zu erhöhen , je nach Ausgang der Monopoluntersuchung möglicherweise überprüft werden muss .;prozess;frequenziellPROZ;done;;frei;+;+;nd;nd;nd;nd;nd;nd;nd;nd;nd;nd;nd;nd;nd;nd;nd;nd;nd;nd;nd;nd
179;VVIZU;ADJD;hochhalten;17;NZZ_1999_02_15_a168_seg4_s8;16;Full|zu;Zwar vermochte das Heimteam in keiner der drei Partien Tempo und Druck während 60 Minuten konstant hochzuhalten , dank ihren läuferischen und technischen Qualitäten bewiesen die Schweizer jedoch , dass sie in der Eishockey-Hierarchie seit dem Amtsantritt Kruegers Nationalmannschaften wie Deutschland und Italien überholt und zu den Slowaken aufgeschlossen haben .;prozess;frequenziellPROZ;done;;frei;+;+;nd;nd;nd;nd;nd;nd;nd;nd;nd;nd;nd;nd;nd;nd;nd;nd;nd;nd;nd;nd
180;VVFIN;ADJD;betragen;15;NZZ_1996_03_07_a230_seg12_s12;19;Full|3|Sg|Pres|Ind;Das zeigt sich deutlich am Beispiel der USA : Die Reichweite der dortigen Erdölreserven beträgt seit 1960 praktisch konstant 10 Jahre , weil die dort operierenden Gesellschaften nur in die absolut notwendigen Explorationen investieren .;prozess;frequenziellPROZ;done;;frei;+;+;nd;nd;nd;nd;nd;nd;nd;nd;nd;nd;nd;nd;nd;nd;nd;nd;nd;nd;nd;nd
181;VVFIN;ADJD;verharren;5;NZZ_1996_02_27_a97_seg3_s8;8;Full|3|Pl|Past|Ind;In den vergangenen Monaten verharrten die Tagesgeldzinsen konstant unter dem Diskontsatz von derzeit 5% .;prozess;frequenziellPROZ;done;;frei;+;+;nd;nd;nd;nd;nd;nd;nd;nd;nd;nd;nd;nd;nd;nd;nd;nd;nd;nd;nd;nd
182;VVINF;ADJD;halten;41;NZZ_1998_02_14_a106_seg7_s4;39;Full|-2;Ellwood betont , dass es auf Grund des scharfen Wettbewerbs durch neue Konkurrenten - insbesondere durch die umgewandelten , ehemaligen Bausparkassen , durch neue Anbieter von Finanzdienstleistungen und durch elektronische Bankgeschäfte - nicht mehr ausreiche , die Betriebskosten konstant zu halten .;prozess;rein;done;ambig prozess;möglich;+;nd;+;+;nd;nd;nd;nd;nd;nd;nd;nd;nd;nd;nd;nd;nd;nd;nd;nd;nd;nd
183;VVFIN;ADJD;ausgehen;23;NZZ_1999_01_08_a155_seg4_s2;21;Full|3|Sg|Past|Ind;Mit zwei Anfragen wies Kantonsrätin Astrid Kugler ( ldu. , Zürich ) darauf hin , dass der Bundesrat seit 1987 konstant davon ausging , dass zwischen Zürich und Wipkingen ein drittes Gleis genüge , dass aber die Kreisdirektion 3 seit 1990 an einem Projekt für ein drittes und viertes Gleis arbeite .;prozess;frequenziellPROZ;done;;frei;+;+;nd;nd;nd;nd;nd;nd;nd;nd;nd;nd;nd;nd;nd;nd;nd;nd;nd;nd;nd;nd
184;VVFIN;ADJD;fahren;3;NZZ_1993_08_16_a87_seg6_s1;9;Full|3|Sg|Past|Ind;Karl Wendlinger fuhr derweil mit dem anderen Sauber konstant und rückte auf Platz 8 vor , ehe ein Unfall des vor ihm liegenden Johnny Herbert ihn in der 39. Runde zum zweiten Reifenwechsel zwang .;prozess;rein;done;;frei;+;nd;+;+;nd;nd;nd;nd;nd;nd;nd;nd;nd;nd;nd;nd;nd;nd;nd;nd;nd;nd
185;VVPP;ADJD;favorisieren;12;NZZ_1995_04_27_a18_seg3_s1;4;Full|Psp;Da die Sezessionsoption konstant nur von einer Minderheit der Bevölkerung Quebecs favorisiert wird , ist die separatistische Provinzregierung zur alten Formel der « Souveraineté- Association » zurückgekehrt , wobei allerdings zuerst die Unabhängigkeit Quebecs herbeigeführt und erst dann über eine Assoziation verhandelt werden soll .;prozess;frequenziellPROZ;done;;frei;+;+;nd;nd;nd;nd;nd;nd;nd;nd;nd;nd;nd;nd;nd;nd;nd;nd;nd;nd;nd;nd
186;VVINF;ADJD;halten;22;NZZ_1995_10_05_a168_seg4_s13;20;Full|-2;So beschränkte er sich denn bei Halbzeit darauf , seine Reserve von 43 Sekunden vor Olano mehr oder weniger konstant zu halten .;prozess;rein;done;;möglich;+;nd;+;+;nd;nd;nd;nd;nd;nd;nd;nd;nd;nd;nd;nd;nd;nd;nd;nd;nd;nd
187;VVFIN;ADJD;verweigern;37;NZZ_1999_02_16_a19_seg12_s6;34;Full|3|Pl|Past|Ind;Als Hauptgrund für ihre Skepsis führen viele Osttimoresen an , die Indonesier könnten nicht gleichzeitig Hand zu einer friedlichen Lösung des Problems bieten und auf der andern Seite jenen Waffen aushändigen , die konstant den Dialog verweigerten .;prozess;frequenziellPROZ;done;;frei;+;+;nd;nd;nd;nd;nd;nd;nd;nd;nd;nd;nd;nd;nd;nd;nd;nd;nd;nd;nd;nd
188;VVINF;ADJD;halten;40;NZZ_1993_04_22_a80_seg4_s10;34;Full|-2;"Zurzeit können pro Jahr 6 Millionen Tonnen Erz abgebaut und aufbereitet werden ; die Kapazität soll aber mittelfristig auf 6 Millionen Tonnen vergrössert werden , damit man trotz ärmer werdendem Erz die Diamantförderung konstant auf mindestens 35 Millionen Karat halten kann .";prozess;frequenziellPROZ;done;ambig AuW;frei;+;+;nd;nd;nd;nd;nd;nd;nd;nd;nd;nd;nd;nd;nd;nd;nd;nd;nd;nd;nd;nd
189;VVFIN;ADJD;liegen;26;NZZ_1999_03_25_a252_seg5_s5;27;Full|3|Sg|Pres|Ind;Auch Acquarossa im Bleniotal hat Mineralquellen , eisenhaltig sind sie dort , die rote Farbe hat dem Dorf den Namen gegeben , und die Wassertemperatur liegt konstant bei 25 Grad .;prozess;frequenziellPROZ;done;;frei;+;+;nd;nd;nd;nd;nd;nd;nd;nd;nd;nd;nd;nd;nd;nd;nd;nd;nd;nd;nd;nd
190;VVFIN;ADJD;verharren;35;NZZ_1994_12_10_a29_seg2_s24;32;Full|3|Sg|Past|Ind;"Zwar ist es richtig , dass unter Reagan die Steuersätze auf den Einkommen mehrmals reduziert wurden ; aber ebenso richtig ist , dass die Steuerquote im Verlauf der achtziger Jahre ziemlich konstant bei 19% verharrte .";prozess;frequenziellPROZ;done;;frei;+;+;nd;nd;nd;nd;nd;nd;nd;nd;nd;nd;nd;nd;nd;nd;nd;nd;nd;nd;nd;nd
191;VVFIN;ADJD;halten;34;NZZ_1996_09_04_a178_seg9_s12;33;Full|3|Sg|Pres|Ind;Man will aber mit einer viel grösseren Zahl von Spiegeln kleineren Durchmessers arbeiten und dafür das Kontrollsystem weiterentwickeln , das die Form der einzelnen Segmente in jeder Stellung des Teleskops im Raum konstant hält .;prozess;rein;done;;möglich;+;nd;+;+;nd;nd;nd;nd;nd;nd;nd;nd;nd;nd;nd;nd;nd;nd;nd;nd;nd;nd
192;VVFIN;ADJD;liegen;33;NZZ_1995_03_17_a17_seg4_s1;29;Full|3|Sg|Pres|Ind;Mr. Paris , 16. März Der Präsidentschaftskandidat des gaullistischen RPR , Chirac , der seit kurzem in den Umfragen vor dem gaullistischen Mitbewerber Balladur und dem Sozialisten Jospin konstant an der Spitze liegt , hat sich zur Vorstellung seines aussen- und europapolitischen Programms Zeit gelassen und es am Donnerstag in Paris , einen Monat nach seinem innenpolitischen Manifest , entsprechend ausführlicher vorgestellt .;prozess;frequenziellPROZ;done;;frei;+;+;nd;nd;nd;nd;nd;nd;nd;nd;nd;nd;nd;nd;nd;nd;nd;nd;nd;nd;nd;nd
193;VVFIN;ADJD;verkennen;26;NZZ_1996_05_11_a222_seg7_s28;28;Full|3|Pl|Pres|Ind;Einerseits sind sie ausserstande , die liberalen Konzepte historisch zu begreifen , als die reflexiven Antworten eben auf die besonderen Anforderungen der Moderne , anderseits verkennen sie konstant den pragmatischen , auf Balancen zielenden Geist des Liberalismus .;prozess;frequenziellPROZ;done;;frei;+;+;nd;nd;nd;nd;nd;nd;nd;nd;nd;nd;nd;nd;nd;nd;nd;nd;nd;nd;nd;nd
194;VVPP;ADJD;zurückgehen;22;NZZ_1999_10_30_a233_seg3_s10;21;Full|Psp;Seit vier Jahren , als in der Saison 1995/96 noch 19 Rennen ausgetragen wurden , ist die Zahl der Veranstaltungen konstant zurückgegangen .;prozess;frequenziellPROZ;done;;frei;+;+;nd;nd;nd;nd;nd;nd;nd;nd;nd;nd;nd;nd;nd;nd;nd;nd;nd;nd;nd;nd
195;VVFIN;ADJD;spielen;3;NZZ_1997_10_01_a169_seg4_s25;4;Full|3|Sg|Past|Ind;Der Russe spielte konstant , hielt Manta mit von der Grundlinie aus weit hinausgetriebenen Bällen in Bewegung .;prozess;frequenziellPROZ;done;ambig AuW;frei;+;+;nd;nd;nd;nd;nd;nd;nd;nd;nd;nd;nd;nd;nd;nd;nd;nd;nd;nd;nd;nd
196;VVINF;ADJD;halten;38;NZZ_1995_12_04_a115_seg2_s2;36;Full|-2;Die von 154 Stimmberechtigten besuchte Gemeindeversammlung von Schwerzenbach hat an der Maxime der Behörden gerüttelt , den Gesamtsteuerfuss nach der für 1996 vorzunehmenden Erhöhung um 3 auf 98 Prozent gemäss Finanzplanung bis ins Jahr 2004 konstant zu halten .;prozess;rein;done;;möglich;+;nd;+;+;nd;nd;nd;nd;nd;nd;nd;nd;nd;nd;nd;nd;nd;nd;nd;nd;nd;nd
197;VVINF;ADJD;halten;40;NZZ_1993_04_22_a80_seg4_s10;34;Full|-2;"Zurzeit können pro Jahr 6 Millionen Tonnen Erz abgebaut und aufbereitet werden ; die Kapazität soll aber mittelfristig auf 6 Millionen Tonnen vergrössert werden , damit man trotz ärmer werdendem Erz die Diamantförderung konstant auf mindestens 35 Millionen Karat halten kann .";prozess;rein;done;ambig AuW;möglich;+;nd;+;+;nd;nd;nd;nd;nd;nd;nd;nd;nd;nd;nd;nd;nd;nd;nd;nd;nd;nd
198;VVINF;ADJD;nehmen;21;NZZ_1993_04_29_a90_seg2_s6;17;Full|-2;Vizepräsidentin Mathilde Jolidon hielt fest , es gehe nicht an , dass ein Teil der Bevölkerung konstant Einkommensausfälle in Kauf nehmen müsse , während andere Teuerungszulagen erhielten .;prozess;frequenziellPROZ;done;;frei;+;+;nd;nd;nd;nd;nd;nd;nd;nd;nd;nd;nd;nd;nd;nd;nd;nd;nd;nd;nd;nd
199;VVFIN;ADJD;halten;5;NZZ_1993_08_06_a184_seg7_s4;8;Full|3|Pl|Pres|Ind;Zwei ölhydraulisch angetriebene Stauklappen halten den Stauspiegel konstant .;prozess;rein;done;;möglich;+;nd;+;+;nd;nd;nd;nd;nd;nd;nd;nd;nd;nd;nd;nd;nd;nd;nd;nd;nd;nd
200;VVFIN;ADJD;halten;4;NZZ_1993_08_10_a71_seg2_s1;6;Full|3|Sg|Pres|Ind;Das bolivische Nationalteam hält sich konstant in den Schlagzeilen der Südamerika-Qualifikation zur Fussball-WM .;prozess;frequenziellPROZ;done;;frei;+;+;nd;nd;nd;nd;nd;nd;nd;nd;nd;nd;nd;nd;nd;nd;nd;nd;nd;nd;nd;nd
