Interne-ID;Function-Head;Funktion-Hit;Head;ID-Head;ID-NZZ;ID-Token;Meta-Kopf;sentence;Oberkategorie;Unterkategorie;Status;Agens;Kommentar;externe Funktion;prozess;pFREQ;AuW;pure;agent;method;degree;proposition;KONJ;FRAME;SADV;extern;KAUS;TEMP;FREQ;BU;LOC;intern;INST;KOM;SH;iLOC
1;VVFIN;ADJD;spinnen;17;NZZ_1994_11_03_a108_seg15_s2;14;Full|3|Sg|Pres|Ind;Die Goldmarie hat bei ihrer Stiefmutter ein hartes Leben, obwohl sie unermüdlich fleissig am Brunnenrand spinnt, bis der Finger blutet und die Spindel in den Brunnen fällt .;prozess;agensorientiert;done;anim;;frei;+;nd;+;nd;+;nd;nd;nd;nd;nd;nd;nd;nd;nd;nd;nd;nd;nd;nd;nd;nd;nd
2;VVIMP;ADJD;rüsten;26;NZZ_1994_11_01_a4_seg11_s12;28;Full|3|Sg|Pres|Ind;China hat sich zudem vorderhand darauf versteift, eine Einigung könne nur in individuellen, nicht in gemeinsamen Verhandlungen der Anrainerstaaten gefunden werden - und rüstet derweil fleissig weiter auf .;prozess;agensorientiert;done;anim_like;;frei;+;nd;+;nd;+;nd;nd;nd;nd;nd;nd;nd;nd;nd;nd;nd;nd;nd;nd;nd;nd;nd
3;VVPP;ADJD;lektorieren;6;NZZ_1998_03_24_a120_seg3_s19;4;Full|Psp;In Berlin wurde fleissig daran lektoriert .;prozess;agensorientiert;done;ambiguous;;frei;+;nd;+;nd;+;nd;nd;nd;nd;nd;nd;nd;nd;nd;nd;nd;nd;nd;nd;nd;nd;nd
4;VVPP;ADJD;arbeiten;33;NZZ_1996_03_23_a191_seg3_s15;32;Full|Psp;So ganz wohl scheint Müller dabei jedoch nicht gewesen zu sein, haben doch die Aufführungen ( fast ein Jahr später ) gezeigt, dass ganz speziell an den Frauenfiguren noch fleissig gearbeitet worden ist : Auf die Frage des alten Peer, wo denn sein Ich sein ganzes Leben über gesteckt habe, antwortet Solveig zwar Ibsen-konform « In meinem Glauben, in meinem Hoffen, in meinem Lieben », doch nun abgewandt und mit monotoner Stimme .;prozess;agensorientiert;done;anim;;frei;+;nd;+;nd;+;nd;nd;nd;nd;nd;nd;nd;nd;nd;nd;nd;nd;nd;nd;nd;nd;nd
5;VVPP;ADJD;mitschreiben;22;NZZ_1999_08_25_a174_seg3_s9;21;Full|Psp;Zwei, drei Fragen zum Befinden, zur Hitze, zur zurückliegenden Krankheitsgeschichte, nichts Neues also, auch wenn fleissig mitgeschrieben wird, wenn Kipketer mit einem Lächeln im Gesicht erklärt, dass jedes Rennen ein perfektes Rennen sei - so what ?;prozess;agensorientiert;done;unknown;;frei;+;nd;+;nd;+;nd;nd;nd;nd;nd;nd;nd;nd;nd;nd;nd;nd;nd;nd;nd;nd;nd
6;VVFIN;ADJD;bewirtschaften;20;NZZ_1994_07_04_a83_seg5_s7;16;Full|3|Pl|Past|Ind;Matthias bleibt ein Anarch, wie es Vater und Grossvater schon waren, obwohl sie fleissig einen mageren Boden bewirtschafteten .;prozess;agensorientiert;done;anim;;frei;+;nd;+;nd;+;nd;nd;nd;nd;nd;nd;nd;nd;nd;nd;nd;nd;nd;nd;nd;nd;nd
7;VVPP;ADJD;musizieren;21;NZZ_1996_09_14_a194_seg2_s6;17;Full|Psp;- Erstaunlich - und gewiss Musik in den Ohren der Klavierlehrkräfte - ist auch, wie fleissig in der Schweiz musiziert wird : Ein Drittel der befragten 15- bis 74jährigen Spielerinnen und Spieler greift täglich in die Tasten, und im Durchschnitt wird an fünf Tagen pro Woche, Stunden gespielt .;prozess;agensorientiert;done;unknown;;frei;+;nd;+;nd;+;nd;nd;nd;nd;nd;nd;nd;nd;nd;nd;nd;nd;nd;nd;nd;nd;nd
8;VVPP;ADJD;panaschieren;5;NZZ_1999_03_16_a232_seg4_s15;4;Full|Psp;Nicht nur wird fleissig panaschiert und kumuliert und auf den Wahllisten gestrichen .;prozess;agensorientiert;done;unknown;;frei;+;nd;+;nd;+;nd;nd;nd;nd;nd;nd;nd;nd;nd;nd;nd;nd;nd;nd;nd;nd;nd
9;VVINF;ADJD;geben;13;NZZ_1994_08_06_a208_seg5_s13;12;Full|-2;Wer wünsche, dass er nicht wie Mozart ende, möge fleissig geben .;prozess;agensorientiert;done;anim;;frei;+;nd;+;nd;+;nd;nd;nd;nd;nd;nd;nd;nd;nd;nd;nd;nd;nd;nd;nd;nd;nd
10;VVPP;ADJD;produzieren;7;NZZ_1999_01_22_a174_seg6_s1;6;Full|Psp;In England wird zurzeit besonders fleissig produziert - u. a. auch ein neuer Bond-Film .;prozess;agensorientiert;done;unknown;;frei;+;nd;+;nd;+;nd;nd;nd;nd;nd;nd;nd;nd;nd;nd;nd;nd;nd;nd;nd;nd;nd
11;VVIMP;ADJD;üben;22;NZZ_1994_04_06_a25_seg7_s5;26;Full|3|Sg|Pres|Ind;Das getreu nach sowjetischem Speznas-Vorbild ausgebildete ehemalige Luftlanderegiment in Luftwaffenuniform, das direkt der Streitkräfteführung unter Generalstabschef Petrow unterstellt ist, übt zwar noch immer fleissig Nahkampfausbildung .;prozess;agensorientiert;done;anim_like;unvollständig;frei;+;nd;+;nd;+;nd;nd;nd;nd;nd;nd;nd;nd;nd;nd;nd;nd;nd;nd;nd;nd;nd
12;VVFIN;ADJD;verteilen;20;NZZ_1999_03_29_a146_seg5_s3;23;Full|3|Sg|Past|Ind;Der heutige Trainer im FC Luzern, der dem Spiel als Co-Kommentator des Schweizer Fernsehens DRS beigewohnt hatte, verteilte im Flughafengebäude fleissig Komplimente an die Adresse der Protagonisten und bekräftigte seine Begeisterung mit Händedruck .;prozess;agensorientiert;done;anim;;frei;+;nd;+;nd;+;nd;nd;nd;nd;nd;nd;nd;nd;nd;nd;nd;nd;nd;nd;nd;nd;nd
13;VVFIN;ADJD;schütten;12;NZZ_1995_02_25_a199_seg3_s3;13;Full|3|Sg|Pres|Ind;Zielgenau langt seine Rechte in die offenen Wunden der Gesellschaft und schüttet fleissig Salz nach .;prozess;agensorientiert;done;anim;AGENS metonymisch/metaphorisch;frei;+;nd;+;nd;+;nd;nd;nd;nd;nd;nd;nd;nd;nd;nd;nd;nd;nd;nd;nd;nd;nd
14;VVPP;ADJD;verteilen;13;NZZ_1998_05_14_a184_seg7_s6;12;Full|Psp;Die roten Herzen aus Schokolade übrigens konnten im Laufe des Abends fleissig verteilt werden .;prozess;agensorientiert;done;unknown;;frei;+;nd;+;nd;+;nd;nd;nd;nd;nd;nd;nd;nd;nd;nd;nd;nd;nd;nd;nd;nd;nd
15;VVFIN;ADJD;ranken;21;NZZ_1998_05_22_a122_seg2_s11;29;Full|3|Pl|Pres|Ind;Während die Titel von Clariant (, ) vor allem von einer Empfehlung von Merrill Lynch zu profitieren schienen, ranken sich um Alusuisse und Ems Chemie weiterhin fleissig die Spekulationen .;prozess;rein;done;inanim;AGENS metonymisch/metaphorisch;frei;+;nd;+;+;nd;nd;nd;nd;nd;nd;nd;nd;nd;nd;nd;nd;nd;nd;nd;nd;nd;nd
16;VVFIN;ADJD;üben;9;NZZ_1997_04_29_a185_seg2_s10;8;Full|3|Pl|Pres|Ind;Dass die Racketkünstler selbst während der Turniere fleissig üben und in Trainingswochen bis zu acht Stunden täglich auf dem Platz stehen, interessiert nicht .;prozess;agensorientiert;done;anim;;frei;+;nd;+;nd;+;nd;nd;nd;nd;nd;nd;nd;nd;nd;nd;nd;nd;nd;nd;nd;nd;nd
17;VVPP;ADJD;produzieren;52;NZZ_1994_09_02_a184_seg3_s3;51;Full|Psp;Der Anspruch von Regisseuren und Autoren, hinter den Mythen des Weste ( r ) ns die Fährte der historischen Wahrheit zu suchen, ist also nicht neu, aber im Gegensatz zum alten Western ist er in den aktuellen Beispielen des Genres, wie sie seit einigen Jahren wieder fleissig produziert werden, gewiss eine Konstante - die Werte des Western lassen sich heute nicht mehr in Unschuld reproduzieren .;prozess;agensorientiert;done;unknown;;frei;+;nd;+;nd;+;nd;nd;nd;nd;nd;nd;nd;nd;nd;nd;nd;nd;nd;nd;nd;nd;nd
18;VVFIN;ADJD;geben;14;NZZ_1993_04_13_a187_seg2_s12;17;Full|3|Pl|Pres|Ind;Die paar Erwachsenen, die stolz ihre mit Münzen gelöcherten Trophäen herumzeigen, geben denn auch fleissig Tips ab, welcher Dreh und welche schwungvolle Handbewegung zum Erfolg führen könnten .;prozess;agensorientiert;done;anim;;frei;+;nd;+;nd;+;nd;nd;nd;nd;nd;nd;nd;nd;nd;nd;nd;nd;nd;nd;nd;nd;nd
19;VVFIN;ADJD;kaufen;2;NZZ_1999_11_05_a246_seg2_s22;6;Full|3|Sg|Pres|Ind;"Dafür kauft die Kundschaft aber fleissig Geräte für die Endbenutzer ; Das PC-Geschäft scheint zu florieren .";prozess;agensorientiert;done;anim_like;;frei;+;nd;+;nd;+;nd;nd;nd;nd;nd;nd;nd;nd;nd;nd;nd;nd;nd;nd;nd;nd;nd
20;VVFIN;ADJD;arbeiten;6;NZZ_1996_09_10_a186_seg10_s1;9;Full|3|Pl|Pres|Ind;An den Modeträumen der Haute-Couture-Designer arbeiten Schweizer Textilunternehmen fleissig mit : Ständig kreieren und entwickeln sie neue, qualitativ hochstehende Stoffe und Materialien .;prozess;agensorientiert;done;anim_like;;frei;+;nd;+;nd;+;nd;nd;nd;nd;nd;nd;nd;nd;nd;nd;nd;nd;nd;nd;nd;nd;nd
21;VVFIN;ADJD;notieren;13;NZZ_1998_01_09_a179_seg6_s3;14;Full|3|Pl|Pres|Ind;Da stellen sich Männlein und Weiblein wieder und wieder ein Bein, notieren fleissig den Fall auf Papier, studieren das Ganze anatomisch objektiv .;prozess;agensorientiert;done;anim;;frei;+;nd;+;nd;+;nd;nd;nd;nd;nd;nd;nd;nd;nd;nd;nd;nd;nd;nd;nd;nd;nd
22;VVFIN;ADJD;machen;40;NZZ_1999_11_26_a211_seg6_s8;32;Full|3|Sg|Pres|Ind;Seinen Körper müsse er künftig schonen, sagte der Sohn eines Football-Trainers, der sich nun nur noch um seine Familie kümmert, von einem VIP-Empfang zum anderen hetzt und dazwischen fleissig Reklame für die wintertauglichen Allradfahrzeuge seines Autounternehmens macht .;prozess;agensorientiert;done;anim;;frei;+;nd;+;nd;+;nd;nd;nd;nd;nd;nd;nd;nd;nd;nd;nd;nd;nd;nd;nd;nd;nd
23;VVINF;ADJD;trainieren;18;NZZ_1997_12_13_a211_seg7_s15;17;Full|3|Pl|Pres|Ind;Allein, das Steinmaterial ist offenbar so widerstandsfähig, dass selbst Curler, die seit Jahrzehnten fleissig trainieren und an Turnieren teilnehmen, sich nicht daran erinnern, die Rule 4 ( 3 ) je angewendet zu haben .;prozess;agensorientiert;done;anim;;frei;+;nd;+;nd;+;nd;nd;nd;nd;nd;nd;nd;nd;nd;nd;nd;nd;nd;nd;nd;nd;nd
24;VVPP;ADJD;arbeiten;20;NZZ_1996_03_26_a145_seg3_s9;19;Full|Psp;Seither ist nicht nur viel Wasser die Themse hinuntergeflossen, die « Comic Strip » -Leute haben auch fleissig gearbeitet und über dreissig unterschiedlich lange Fernsehfilme produziert .;prozess;agensorientiert;done;anim;;frei;+;nd;+;nd;+;nd;nd;nd;nd;nd;nd;nd;nd;nd;nd;nd;nd;nd;nd;nd;nd;nd
25;VVFIN;ADJD;rennen;2;NZZ_1997_07_24_a151_seg3_s23;3;Full|3|Pl|Past|Ind;Sie rannten fleissig und intervenierten hartnäckig und willig, aber ihre ( technischen ) Mittel blieben beschränkt .;prozess;agensorientiert;done;anim;;frei;+;nd;+;nd;+;nd;nd;nd;nd;nd;nd;nd;nd;nd;nd;nd;nd;nd;nd;nd;nd;nd
26;VVPP;ADJD;sammeln;41;NZZ_1999_08_21_a227_seg3_s16;40;Full|Psp;Der HWV-Student, Sohn des Präsidenten des Rennvereins Zürich und selber Präsident des Schweizer Rennreiter-Verbandes, wirbt auf einer eigenen Homepage wacker für die Fegentri und veröffentlicht darauf immer wieder News und Resultate, welche von Montesquieus Adlaten zwar fleissig gesammelt, nie aber sofort weiterverbreitet werden .;prozess;agensorientiert;done;anim;;frei;+;nd;+;nd;+;nd;nd;nd;nd;nd;nd;nd;nd;nd;nd;nd;nd;nd;nd;nd;nd;nd
27;VVFIN;ADJD;sammeln;34;NZZ_1994_01_11_a50_seg9_s11;31;Full|3|Pl|Pres|Ind;Die offensichtlich gegen « Reiche » gerichtete ATP-Steuer trifft in der Praxis aber auch und vor allem die Mittelschicht, also vor allem jene Leute, die Jahr für Jahr fleissig ATP- Punkte sammeln, ohne in die Nähe des « Spitzeneinkommens » (, BB ) zu gelangen .;prozess;agensorientiert;done;anim_like;;frei;+;nd;+;nd;+;nd;nd;nd;nd;nd;nd;nd;nd;nd;nd;nd;nd;nd;nd;nd;nd;nd
28;VVFIN;ADJD;machen;17;NZZ_1995_03_21_a127_seg3_s27;19;Full|3|Sg|Pres|Ind;Es ist ihr erlaubt, in begrenztem Umfang Anteile an Kabelgesellschaften zu erwerben, und davon macht sie fleissig Gebrauch .;prozess;agensorientiert;done;anim;;frei;+;nd;+;nd;+;nd;nd;nd;nd;nd;nd;nd;nd;nd;nd;nd;nd;nd;nd;nd;nd;nd
29;VVPP;ADJD;sammeln;27;NZZ_1999_03_27_a246_seg5_s3;25;Full|Psp;Seine unterhaltsame Eloquenz und sein gewinnender Charme hatten sich in den letzten Tagen verflüchtigt, nachdem ein Teil der Medien der Prophetie gehuldigt und fleissig Argumente gesammelt hatte, die beweisen sollten, mit Gress als SFV-Coach sei nicht zu gewinnen .;prozess;agensorientiert;done;anim_like;;frei;+;nd;+;nd;+;nd;nd;nd;nd;nd;nd;nd;nd;nd;nd;nd;nd;nd;nd;nd;nd;nd
30;VVPP;ADJD;herumschieben;9;NZZ_1998_07_31_a222_seg16_s3;8;Full|Psp;In diesem Bereich wird der Schwarze Peter fleissig herumgeschoben, von den Sendeverantwortlichen zu den potentiellen Anbietern von Stoffen und von tatsächlichen Stoffanbietern postwendend wieder zurück an die Adresse der Fernsehchefs .;prozess;agensorientiert;done;unknown;;frei;+;nd;+;nd;+;nd;nd;nd;nd;nd;nd;nd;nd;nd;nd;nd;nd;nd;nd;nd;nd;nd
31;VVFIN;ADJD;recherchieren;5;NZZ_1996_09_09_a160_seg3_s3;4;Full|Psp;Und er hat fleissig recherchiert für diesen Roman von der Ermordung der schönen Titelheldin ( Apache und Taos Pueblo ) durch einen Klanbruder ihres Mannes ( Navajo ), der zuvor durch Hexerei den Tod ihres Schwagers verursacht hat und ihren Mann dem Alkohol hat verfallen lassen .;prozess;agensorientiert;done;anim;;frei;+;nd;+;nd;+;nd;nd;nd;nd;nd;nd;nd;nd;nd;nd;nd;nd;nd;nd;nd;nd;nd
32;VVINF;ADJD;hantieren;38;NZZ_1999_09_03_a211_seg4_s2;35;Full|3|Pl|Pres|Ind;Jahrelang spöttelte der Gründervater des deutschen Privatfernsehens, Helmut Thoma, über jene High-Tech-Propheten, welche die als Couch potatoes geschmähten Fernsehzuschauer als aussterbende Spezies betrachten und von einer Zukunft träumen, wo alle fleissig mit Geräten hantieren und ja nie regungslos in die Bildröhre starren .;prozess;agensorientiert;done;anim;;frei;+;nd;+;nd;+;nd;nd;nd;nd;nd;nd;nd;nd;nd;nd;nd;nd;nd;nd;nd;nd;nd
33;VVFIN;ADJD;hämmern;7;NZZ_1999_06_19_a272_seg4_s34;11;Full|3|Sg|Past|Ind;Beim Verlassen des Lokals gegen Mitternacht hämmerte es rundherum noch fleissig .;prozess;agensorientiert;done;unknown;;frei;+;nd;+;nd;+;nd;nd;nd;nd;nd;nd;nd;nd;nd;nd;nd;nd;nd;nd;nd;nd;nd
34;VVINF;ADJD;gelten;21;NZZ_1999_04_01_a289_seg10_s3;20;Full|3|Pl|Pres|Ind;Und nur ein kleines Stück ist es von den Strandhotels in das Fischerdorf Chinatown, dessen Bewohner als besonders fleissig gelten .;nd;nd;not of interest;;vergleich;;nd;nd;nd;nd;nd;nd;nd;nd;nd;nd;nd;nd;nd;nd;nd;nd;nd;nd;nd;nd;nd;nd
35;VVPP;ADJD;pinseln;8;NZZ_1998_06_13_a261_seg3_s4;7;Full|Psp;Und sogar in der Grossstadt wird fleissig gepinselt und geschmirgelt, um das Toskana-Gefühl in die eigenen vier Wände zu holen .;prozess;agensorientiert;done;unknown;;frei;+;nd;+;nd;+;nd;nd;nd;nd;nd;nd;nd;nd;nd;nd;nd;nd;nd;nd;nd;nd;nd
36;VVPP;ADJD;üben;16;NZZ_1995_06_22_a108_seg3_s14;15;Full|Psp;Er fand seinen Ton im dritten Satz, dessen spiccato -Stellen und Doppelgriffe er fleissig geübt hat .;prozess;agensorientiert;done;anim;;frei;+;nd;+;nd;+;nd;nd;nd;nd;nd;nd;nd;nd;nd;nd;nd;nd;nd;nd;nd;nd;nd
37;VVFIN;ADJD;benützen;44;NZZ_1995_09_09_a154_seg2_s17;40;Full|-2;Doch die nur 23 Minuten Fahrzeit nach Zürich Stadelhofen und die an der Einweihung wieder deutlich zum Ausdruck gekommene Bahnbegeisterung des Gemeindepräsidenten Werner Wiesendanger dürften dazu beitragen, dass die Fehraltorfer und ihre Nachbarn aus Gemeinden mit Postautoanschluss trotzdem fleissig den öffentlichen Verkehr benützen .;prozess;agensorientiert;done;anim;;frei;+;nd;+;nd;+;nd;nd;nd;nd;nd;nd;nd;nd;nd;nd;nd;nd;nd;nd;nd;nd;nd
38;VVFIN;ADJD;rauchen;3;NZZ_1999_01_04_a137_seg3_s4;4;Full|1|Pl|Past|Subj;Sie alle rauchten fleissig Havannazigarren, jenes edle Exportprodukt, das Kuba, so die Einschätzung von Experten, wirtschaftlich bis heute am Leben hält .;prozess;agensorientiert;done;anim;;frei;+;nd;+;nd;+;nd;nd;nd;nd;nd;nd;nd;nd;nd;nd;nd;nd;nd;nd;nd;nd;nd
39;VVFIN;ADJD;tragen;16;NZZ_1997_11_19_a187_seg2_s14;10;Full|3|Sg|Pres|Ind;Ob die Weibchen allein durch Beobachten abschätzen, wie fleissig ein Männchen Kräuter ins Nest trägt, ist fraglich .;prozess;agensorientiert;done;anim;;frei;+;nd;+;nd;+;nd;nd;nd;nd;nd;nd;nd;nd;nd;nd;nd;nd;nd;nd;nd;nd;nd
40;VVFIN;ADJD;einsammeln;4;NZZ_1999_01_19_a174_seg3_s3;3;Full|-2;Die Punkte fleissig einsammeln, ohne darauf zu achten, wie der Ball über das Netz fliegt, selbst wenn die Gegnerin letztlich mit gerissener Saite den Ball ins Aus spielt .;prozess;agensorientiert;done;anim;;frei;+;nd;+;nd;+;nd;nd;nd;nd;nd;nd;nd;nd;nd;nd;nd;nd;nd;nd;nd;nd;nd
41;VVFIN;ADJD;gucken;6;NZZ_1994_02_17_a114_seg3_s10;7;Full|2|Pl;Zlata liest Jack London, guckt fleissig TV, schwärmt für Michael Jackson, « Guns ' n Roses » und « New Kids on the Block » .;prozess;agensorientiert;done;anim;;frei;+;nd;+;nd;+;nd;nd;nd;nd;nd;nd;nd;nd;nd;nd;nd;nd;nd;nd;nd;nd;nd
42;VVFIN;ADJD;sehen;9;NZZ_1996_11_16_a218_seg6_s1;11;Full|3|Sg|Pres|Ind;"Und zieht ihn zum Altare ; Der Knabe sieht sich fleissig vor, Dass er nach Bräuchen fahre .";prozess;agensorientiert;done;anim;;frei;+;nd;+;nd;+;nd;nd;nd;nd;nd;nd;nd;nd;nd;nd;nd;nd;nd;nd;nd;nd;nd
43;VVFIN;ADJD;versuchen;17;NZZ_1994_07_16_a9_seg4_s1;15;Full|3|Sg|Pres|Ind;dk. Wien, 15. Juli Nach dem Motto « am Abend wird der Faule fleissig » versucht der österreichische Nationalrat in seiner letzten Sitzungswoche vor der Sommerpause über hundert Tagesordnungspunkte über die Bühne zu bringen .;nd;nd;not of interest;;"wrong head; prädikativ; quotation";;nd;nd;nd;nd;nd;nd;nd;nd;nd;nd;nd;nd;nd;nd;nd;nd;nd;nd;nd;nd;nd;nd
44;VVFIN;ADJD;suchen;23;NZZ_1998_04_07_a63_seg5_s9;24;Full|3|Sg|Pres|Ind;"Geht es nach dem Willen der 1996 gegründeten Stiftung « Stelling van Amsterdam », dann wird sich das ändern ; sie sucht fleissig nach Sponsoren und sammelt Geld für die Renovierung der alten Festungsbauten, die das Verteidigungsministerium seit einigen Jahren gegen symbolische Preise abtritt .";prozess;agensorientiert;done;anim_like;;frei;+;nd;+;nd;+;nd;nd;nd;nd;nd;nd;nd;nd;nd;nd;nd;nd;nd;nd;nd;nd;nd
45;VVINF;ADJD;schalten;22;NZZ_1994_10_25_a140_seg3_s3;21;Full|-2;Um einigermassen zügig vorwärtszukommen, darf man zudem wie bei den Sechszylindern die Drehzahl nicht allzusehr absinken lassen und muss fleissig schalten .;prozess;agensorientiert;done;anim;;frei;+;nd;+;nd;+;nd;nd;nd;nd;nd;nd;nd;nd;nd;nd;nd;nd;nd;nd;nd;nd;nd
46;VVFIN;ADJD;tragen;3;NZZ_1995_04_07_a1_seg6_s20;4;Full|3|Pl|Pres|Ind;Die Spanier tragen fleissig dazu bei, sind aber bei weitem nicht die einzigen und auch nicht immer die Schuldigen .;prozess;agensorientiert;done;anim;;frei;+;nd;+;nd;+;nd;nd;nd;nd;nd;nd;nd;nd;nd;nd;nd;nd;nd;nd;nd;nd;nd
47;VVPP;ADJD;werben;17;NZZ_1995_07_04_a37_seg3_s11;13;Full|Psp;Trotz den statistisch geringen Chancen an der Urne wird landauf und landab fleissig weiter für Unterschriften geworben .;prozess;agensorientiert;done;unknown;;frei;+;nd;+;nd;+;nd;nd;nd;nd;nd;nd;nd;nd;nd;nd;nd;nd;nd;nd;nd;nd;nd
48;VVFIN;ADJD;drehen;21;NZZ_1999_11_25_a165_seg7_s15;27;Full|3|Sg|Pres|Ind;Während das Blut aber noch von Rinaldo Pazzis Leichnam tropft und auf den Flutlichtern vor dem Palazzo aufsprudelnd verdampft, dreht Thomas Harris am Fleischwolf schon fleissig weiter .;prozess;agensorientiert;done;anim;;frei;+;nd;+;nd;+;nd;nd;nd;nd;nd;nd;nd;nd;nd;nd;nd;nd;nd;nd;nd;nd;nd
49;VVFIN;ADJD;küssen;24;NZZ_1996_02_09_a21_seg6_s2;25;Full|3|Sg|Past|Ind;In Des Moines, der Hauptstadt Iowas, mischte sich der bärbeissige, zynische Sprüche liebende Politiker zwar tapfer unter das Volk und küsste fleissig wehrlose Kleinkinder, doch gerade jubelnd konnte er seine Botschaft nicht verkünden .;prozess;agensorientiert;done;anim;;frei;+;nd;+;nd;+;nd;nd;nd;nd;nd;nd;nd;nd;nd;nd;nd;nd;nd;nd;nd;nd;nd
50;VVFIN;ADJD;prüfen;23;NZZ_1999_02_15_a169_seg2_s19;22;Full|3|Pl|Past|Ind;Dabei sind wohl auch Fragen an die bisherigen Controller der Nationalliga erlaubt, die in den letzten Monaten für viel Geld fleissig prüften und dabei offenbar grössere Lücken oder andere Kunstgriffe in den Bilanzen übersahen, etwa bei Klubs wie dem SC Bern oder Kloten und in mehreren Nationalliga-B-Vereinen .;prozess;agensorientiert;done;anim;;frei;+;nd;+;nd;+;nd;nd;nd;nd;nd;nd;nd;nd;nd;nd;nd;nd;nd;nd;nd;nd;nd
51;VVINF;ADJD;fließen;8;NZZ_1997_03_22_a201_seg3_s16;7;Full|3|Pl|Pres|Ind;Jeder spielt, solange die Dollars fleissig fliessen und der Körper es zulässt .;prozess;rein;done;inanim;;frei;+;nd;+;+;nd;nd;nd;nd;nd;nd;nd;nd;nd;nd;nd;nd;nd;nd;nd;nd;nd;nd
52;VVINF;ADJD;drehen;14;NZZ_1998_06_27_a278_seg5_s6;12;Full|-2;Der Markt ist längst gesättigt, doch das Konsumrad soll sich fleissig weiter drehen .;prozess;rein;done;inanim;;frei;+;nd;+;+;nd;nd;nd;nd;nd;nd;nd;nd;nd;nd;nd;nd;nd;nd;nd;nd;nd;nd
53;VVFIN;ADJD;suchen;34;NZZ_1993_04_03_a74_seg13_s10;36;Full|3|Pl|Past|Ind;Deshalb zogen August Reichensperger, Zentrumspolitiker und Neugotiker, und der Kulturhistoriker Janssen mit Pamphleten gegen Lübke zu Felde : Jeden kleinsten Fehler, der Lübke in seinem umfangreichen Schrifttum unterlaufen war, suchten sie fleissig auf, um ihn vor seinen Lesern blosszustellen .;prozess;agensorientiert;done;anim;;frei;+;nd;+;nd;+;nd;nd;nd;nd;nd;nd;nd;nd;nd;nd;nd;nd;nd;nd;nd;nd;nd
54;VVPP;ADJD;werben;25;NZZ_1995_05_31_a129_seg3_s23;24;Full|Psp;Hinter den « Monster Wars » verbergen sich aufgemotzte Lastwagen, die sogenannten Monster-Trucks ( für deren Spielzeugableger auch im deutschsprachigen privaten Kinderfernsehen fleissig geworben wird ) .;prozess;agensorientiert;done;unknown;;frei;+;nd;+;nd;+;nd;nd;nd;nd;nd;nd;nd;nd;nd;nd;nd;nd;nd;nd;nd;nd;nd
55;VVPP;ADJD;weiterschreiben;5;NZZ_1994_09_21_a121_seg3_s3;4;Full|Psp;"Seitdem hat er fleissig weitergeschrieben ; soeben ist sein Roman « Leviathan » auf deutsch erschienen .";prozess;agensorientiert;done;anim;;frei;+;nd;+;nd;+;nd;nd;nd;nd;nd;nd;nd;nd;nd;nd;nd;nd;nd;nd;nd;nd;nd
56;VVPP;ADJD;abbezahlen;6;NZZ_1998_04_28_a197_seg3_s4;4;Full|Psp;Im weiteren wurden fleissig Schulden abbezahlt .;prozess;agensorientiert;done;unknown;;frei;+;nd;+;nd;+;nd;nd;nd;nd;nd;nd;nd;nd;nd;nd;nd;nd;nd;nd;nd;nd;nd
57;VVPP;ADJD;verschicken;15;NZZ_1998_03_21_a185_seg3_s2;11;Full|Psp;Wird ein Ladengeschäft oder ein Restaurant eröffnet, so werden fleissig Einladungen und Communiqués verschickt .;prozess;agensorientiert;done;unknown;;frei;+;nd;+;nd;+;nd;nd;nd;nd;nd;nd;nd;nd;nd;nd;nd;nd;nd;nd;nd;nd;nd
58;VVINF;ADJD;kümmern;23;NZZ_1997_01_03_a141_seg3_s16;18;Full|-2;Kein Zweifel, dass da neben Traditionsbewusstsein auch der Wunsch mitspielt, sich auch im neuen Jahr fleissig um seine Allgemeinbildung zu kümmern .;prozess;agensorientiert;done;unknown;;frei;+;nd;+;nd;+;nd;nd;nd;nd;nd;nd;nd;nd;nd;nd;nd;nd;nd;nd;nd;nd;nd
59;VVINF;ADJD;bleiben;23;NZZ_1994_08_27_a197_seg4_s16;18;Full|-2;"Eskapaden nach Venlo beiseite, haben die Gäste hier gar keine andere Wahl, als immer schön fleissig bei der Sache zu bleiben ; und Sache ist das Wort .";prozess;agensorientiert;done;anim;;frei;+;nd;+;nd;+;nd;nd;nd;nd;nd;nd;nd;nd;nd;nd;nd;nd;nd;nd;nd;nd;nd
60;VVFIN;ADJD;wirken;3;NZZ_1995_01_04_a151_seg3_s16;10;Full|3|Sg|Past|Ind;"Im FCZ wirkte Skoro wie stets in der Halle fleissig ; die positivste Erscheinung des Abends war jedoch Jürg Studer, der sich von seiner ernsten Verletzung erholt hat und sich dem Stadtklub für die Rückrunde als Verstärkung empfiehlt .";nd;nd;not of interest;;prädikativ;;nd;nd;nd;nd;nd;nd;nd;nd;nd;nd;nd;nd;nd;nd;nd;nd;nd;nd;nd;nd;nd;nd
61;VVFIN;ADJD;putzen;20;NZZ_1998_07_21_a119_seg3_s11;35;Full|3|Sg|Past|Ind;Sollers zum Beispiel, der sein « symbolisches Kapital » einst als Maoist und ästhetisch-politischer Radikalavantgardist akkumuliert hatte, putzte im Januar 1995 als Kolumnist des « Express » dem bürgerlich-konservativen Präsidentschaftskandidaten Edouard Balladur fleissig die Stiefel .;prozess;agensorientiert;done;anim;;frei;+;nd;+;nd;+;nd;nd;nd;nd;nd;nd;nd;nd;nd;nd;nd;nd;nd;nd;nd;nd;nd
62;VVFIN;ADJD;bedienen;2;NZZ_1997_09_08_a97_seg3_s26;4;Full|3|Sg|Pres|Ind;Einerseits bedient er fleissig die Alltagsmetaphernschiene, wie sie die helvetische Klamaukkunst seit langem beherrscht ( der Hammer wird zum « Dumevermueser », nervöse Verdauungsstörungen sind mit « Kuttle, wo extrem eis abflattere » umschrieben ), andererseits setzt er voll auf die Überlegenheitslacher im Zusammenhang mit einem systematisch verdrehten Fremdwörtereinsatz : So begibt sich das « vegetarische Nervensystem » mit « weiblicher Institution » in « fremde Kontingente », zumindest aber in « meditierende Länder », wo für eine « standrechtliche Verkuppelung » die « Moden » aus dem « Konfrontationsanzug » geschüttelt werden .;prozess;agensorientiert;done;anim;;frei;+;nd;+;nd;+;nd;nd;nd;nd;nd;nd;nd;nd;nd;nd;nd;nd;nd;nd;nd;nd;nd
63;VVFIN;ADJD;studieren;21;NZZ_1997_04_05_a214_seg8_s24;22;Full|3|Sg|Past|Ind;"Das Kind war, wie die Autobiographie erzählt, « gar bald die Ovidischen &lt;Verwandlungen&gt; gewahr » geworden und « studierte fleissig besonders die ersten Bücher » - « so war mein junges Gehirn schnell genug mit einer Masse von Bildern und Begebenheiten, von bedeutenden und wunderbaren Gestalten und Ereignissen angefüllt, und ich konnte niemals Langeweile haben, indem ich mich immerfort beschäftigte, diesen Erwerb zu verarbeiten [ ... ] » Nach einem anderen Zeugnis aus « Dichtung und Wahrheit » bekennt Goethe die « wunderliche Gewohnheit, immer die Anfänge der Bücher und Abteilungen eines Werks auswendig zu lernen » - so geschah es auch bei Ovids « Metamorphosen » .";prozess;agensorientiert;done;anim;;frei;+;nd;+;nd;+;nd;nd;nd;nd;nd;nd;nd;nd;nd;nd;nd;nd;nd;nd;nd;nd;nd
64;VVINF;ADJD;punkten;19;NZZ_1995_10_12_a158_seg3_s12;18;Full|3|Pl|Pres|Ind;Während ein paar vor der Saison in der zweiten Tabellenhälfte vermutete Konkurrenten ( Rapperswil-Jona, Ambri-Piotta ) fleissig punkten, beschäftigt sich Freiburg mit eigenen, teilweise hausgemachten Problemen .;prozess;agensorientiert;done;anim;;frei;+;nd;+;nd;+;nd;nd;nd;nd;nd;nd;nd;nd;nd;nd;nd;nd;nd;nd;nd;nd;nd
65;VVINF;ADJD;graben;30;NZZ_1996_11_02_a201_seg10_s15;29;Full|3|Pl|Past|Ind;Wenn die Wiederbelebung gelang ( die Mumifizierung diente ja nicht der Erhaltung des Leichnams, sondern bereitete den Menschen auf sein ewiges Leben vor ) und die Uschebtis fleissig gruben, war man drüben, bevor Grabräuber auch nur in die Nähe kamen .;prozess;agensorientiert;done;inanim;AGENS metonymisch/metaphorisch;frei;+;nd;+;nd;+;nd;nd;nd;nd;nd;nd;nd;nd;nd;nd;nd;nd;nd;nd;nd;nd;nd
66;VVFIN;ADJD;kaufen;18;NZZ_1996_12_16_a92_seg5_s5;20;Full|3|Pl|Past|Ind;Zur Freude der Detaillisten sahen sich die Besucher nicht nur in den Läden um, sondern sie kauften auch fleissig ein .;prozess;agensorientiert;done;anim;;frei;+;nd;+;nd;+;nd;nd;nd;nd;nd;nd;nd;nd;nd;nd;nd;nd;nd;nd;nd;nd;nd
67;VVINF;ADJD;üben;21;NZZ_1996_07_17_a144_seg3_s6;19;Full|-2;Der habe ihm nämlich bereits im Alter von drei Jahren ein Schwyzerörgeli geschenkt, auf dem er fortan fleissig zu üben begann .;prozess;agensorientiert;done;anim;;frei;+;nd;+;nd;+;nd;nd;nd;nd;nd;nd;nd;nd;nd;nd;nd;nd;nd;nd;nd;nd;nd
68;VVFIN;ADJD;rechnen;4;NZZ_1995_09_25_a91_seg13_s15;5;Full|3|Sg|Pres|Ind;Denn der Schulsenator rechnet fleissig den künftigen Bedarf an Lehrern hoch .;prozess;agensorientiert;done;anim;;frei;+;nd;+;nd;+;nd;nd;nd;nd;nd;nd;nd;nd;nd;nd;nd;nd;nd;nd;nd;nd;nd
69;VVPP;ADJD;umsetzen;19;NZZ_1994_06_29_a98_seg4_s2;15;Full|Psp;Beide hatten früh erkannt, was in diesen Themen steckte, und diese Erkenntnis fleissig in klingende Münze umgesetzt .;prozess;agensorientiert;done;anim;;frei;+;nd;+;nd;+;nd;nd;nd;nd;nd;nd;nd;nd;nd;nd;nd;nd;nd;nd;nd;nd;nd
70;VVPP;ADJD;lesen;76;NZZ_1996_08_24_a231_seg9_s24;75;Full|Psp;"Hier, im Mansöngr, häufen sich die Kenningar ( nicht immer korrekte, wenn man sich an die Regeln der Skaldendichtung hält ) ; hier werden manchmal Kenningar für « Dichtung » zu richtigen Concetti ausgesponnen, wie in dem folgenden Beispiel aus den wahrscheinlich um 1650 geschriebenen « Króka-Refs rímur » von Hallgrímur Pétursson, dem bedeutendsten isländischen Barockdichter, dessen Passionsmeditationen ( « Passíusálmar » ) heute noch in der Vorosterzeit fleissig gelesen und gesungen werden .";prozess;agensorientiert;done;unknown;;frei;+;nd;+;nd;+;nd;nd;nd;nd;nd;nd;nd;nd;nd;nd;nd;nd;nd;nd;nd;nd;nd
71;VVINF;ADJD;betreiben;7;NZZ_1998_09_05_a172_seg2_s21;5;Full|3|Pl|Pres|Ind;Während die Bürgerlichen schon fleissig Stellungsbau betreiben - Buschor beispielsweise skizziert Grundrisse einer neuen Volksschule -, graben die Sozialdemokraten noch im personellen Fundus nach einer der Hauptfiguren .;prozess;agensorientiert;done;anim;;frei;+;nd;+;nd;+;nd;nd;nd;nd;nd;nd;nd;nd;nd;nd;nd;nd;nd;nd;nd;nd;nd
72;VVPP;ADJD;werken;21;NZZ_1996_07_09_a29_seg10_s21;12;Full|Psp;Leicht abgehoben auf einem Hügel mit wunderschöner Sicht auf Durres wird fleissig am Bau einer neuen Kirche mit angrenzendem Priesterseminar gewerkt .;prozess;agensorientiert;done;unknown;;frei;+;nd;+;nd;+;nd;nd;nd;nd;nd;nd;nd;nd;nd;nd;nd;nd;nd;nd;nd;nd;nd
73;VVPP;ADJD;betätigen;29;NZZ_1994_04_26_a180_seg8_s3;28;Full|Psp;Das in diesem Fall serienmässige Fünfgang-Handschaltgetriebe ( Vierstufenautomatik : 3200 Franken Aufpreis ) harmoniert mit dem drehmomentstarken Motor ausgezeichnet und muss selbst auf coupierter Strecke nicht allzu fleissig betätigt werden .;prozess;agensorientiert;done;unknown;;frei;+;nd;+;nd;+;nd;nd;nd;nd;nd;nd;nd;nd;nd;nd;nd;nd;nd;nd;nd;nd;nd
74;VVINF;ADJD;telefonieren;23;NZZ_1998_11_03_a70_seg3_s26;19;Full|zu;Ganz so unbedarft dürfte Rieger nicht sein, auch wenn er so leichtsinnig war, als polizeilich Gesuchter fleissig mit seinem Mobiltelefon herumzutelefonieren : Ein Anfängerfehler für einen Flüchtigen, normal allerdings für einen, der im « Nachdenkurlaub » Nachhilfe sucht .;prozess;agensorientiert;done;anim;;frei;+;nd;+;nd;+;nd;nd;nd;nd;nd;nd;nd;nd;nd;nd;nd;nd;nd;nd;nd;nd;nd
75;VVPP;ADJD;berichten;10;NZZ_1996_06_17_a98_seg11_s18;2;Full|3|Sg|Pres|Ind;So fleissig die Populärwissenschaft über die Ergebnisse der Hirnforschung berichtet : Das Rätsel des Bewusstseins und der Identität, darin sind sich alle einig, ist noch fern jeder Lösung .;prozess;agensorientiert;done;anim_like;;frei;+;nd;+;nd;+;nd;nd;nd;nd;nd;nd;nd;nd;nd;nd;nd;nd;nd;nd;nd;nd;nd
76;VVFIN;ADJD;erfüllen;17;NZZ_1993_12_27_a37_seg12_s14;18;Reg|*2|*3|*4;"Da sollen Schüler oder Studenten Sätze übersetzen wie : « Seit dieser Zeit erfüllte die Lokomotive &lt;U-127&gt; fleissig ihre Arbeit .";prozess;rein;done;inanim;;frei;+;nd;+;+;nd;nd;nd;nd;nd;nd;nd;nd;nd;nd;nd;nd;nd;nd;nd;nd;nd;nd
77;VVFIN;ADJD;basteln;17;NZZ_1995_11_16_a174_seg5_s7;19;Full|2|Pl;An seiner Karriere, die 1032 von ihm gerittenen Pferde gewannen 4 489 250 Mark, bastelt Schiergen fleissig selber - und nicht etwa ein hochbezahlter Manager .;prozess;agensorientiert;done;anim;;frei;+;nd;+;nd;+;nd;nd;nd;nd;nd;nd;nd;nd;nd;nd;nd;nd;nd;nd;nd;nd;nd
78;VVFIN;ADJD;entscheiden;21;NZZ_1996_04_29_a122_seg3_s6;17;Full|3|Sg|Past|Ind;Im Kern treffen die Unmutsbezeugungen aber wohl nicht nur Türkyilmaz und den Schiedsrichter, der auch fleissig zuungunsten von GC entschied, sondern sie sind auch als Frustreaktionen auf die Leistung des eigenen Teams zu verstehen .;prozess;agensorientiert;done;anim;;frei;+;nd;+;nd;+;nd;nd;nd;nd;nd;nd;nd;nd;nd;nd;nd;nd;nd;nd;nd;nd;nd
79;VVFIN;ADJD;bilden;3;NZZ_1997_07_24_a168_seg4_s3;14;Full|3|Sg|Past|Ind;Den Schluss bildete wie der Steuermann eines Nachens der Vater, immer wieder fleissig auf Papier kritzelnd . »;nd;nd;not of interest;;ModSekPräd;frei;nd;nd;nd;nd;nd;nd;nd;nd;nd;nd;nd;nd;nd;nd;nd;nd;nd;nd;nd;nd;nd;nd
80;VVFIN;ADJD;stellen;15;NZZ_1995_02_16_a145_seg4_s20;17;Full|3|Sg|Pres|Ind;Um ihre Bestände in Grenzen zu halten und damit sie keine Krankheiten verbreiten, stellt man fleissig Fallen und achtet darauf, dass keine unkontrollierten Futterdepots entstehen .;prozess;agensorientiert;done;anim;;frei;+;nd;+;nd;+;nd;nd;nd;nd;nd;nd;nd;nd;nd;nd;nd;nd;nd;nd;nd;nd;nd
81;VVFIN;ADJD;beugen;8;NZZ_1998_04_03_a66_seg3_s9;10;Full|3|Pl|Pres|Ind;Mönche brauen ihr eigenes Bier, Mädchen beugen sich fleissig über ihre Näharbeiten .;prozess;agensorientiert;done;anim;;frei;+;nd;+;nd;+;nd;nd;nd;nd;nd;nd;nd;nd;nd;nd;nd;nd;nd;nd;nd;nd;nd
82;VVFIN;ADJD;reiten;6;NZZ_1997_08_30_a196_seg2_s10;7;Full|3|Pl|Past|Ind;Verband, Organisatoren und Sponsoren ritten fleissig auf der Welle des Erfolges, die Zügel nahmen sie aber nur in die Hand, wenn es individuelle Anliegen zu repräsentieren galt .;prozess;agensorientiert;done;clash of coordination;anim+anim_like;frei;+;nd;+;nd;+;nd;nd;nd;nd;nd;nd;nd;nd;nd;nd;nd;nd;nd;nd;nd;nd;nd
83;VVPP;ADJD;sammeln;16;NZZ_1998_01_16_a241_seg3_s1;14;Full|Psp;In keiner anderen Pferdesportdisziplin sind in den vergangenen Jahren für die Schweiz so fleissig Medaillen gesammelt worden wie im Voltige .;prozess;agensorientiert;done;unknown;vergleich;frei;+;nd;+;nd;+;nd;nd;nd;nd;nd;nd;nd;nd;nd;nd;nd;nd;nd;nd;nd;nd;nd
84;VVPP;ADJD;abschreiben;20;NZZ_1996_08_31_a210_seg11_s8;19;Full|Psp;Ja, bei Denis Diderot hatte sogar der Plagiator Brecht, dessen Erben alle Plagiatoren Brechts verfolgen, fleissig abgeschrieben .;prozess;agensorientiert;done;anim;;frei;+;nd;+;nd;+;nd;nd;nd;nd;nd;nd;nd;nd;nd;nd;nd;nd;nd;nd;nd;nd;nd
85;VVFIN;ADJD;bauen;20;NZZ_1993_12_04_a117_seg2_s178;18;Full|3|Pl|Pres|Ind;Seine Arbeit hier will er als rein humanitären Beitrag verstanden wissen, auch wenn die islamischen Organisationen fleissig Moscheen bauen, zahlreiche Studenten zur Ausbildung in arabische Länder schicken und in Tirana die ersten Tschadors auftauchen .;prozess;agensorientiert;done;anim_like;;frei;+;nd;+;nd;+;nd;nd;nd;nd;nd;nd;nd;nd;nd;nd;nd;nd;nd;nd;nd;nd;nd
86;VVPP;ADJD;ausbauen;50;NZZ_1998_07_28_a15_seg11_s5;48;Full|Psp;Ein gar nicht museales Schicksal war hingegen der Waffenindustrie beschieden : sie wurde nach dem Sieg der Kommunisten über die Kuomintang im offenen Bürgerkrieg, der kurz nach der Niederlage und Vertreibung der Japaner folgte, von den neuen Herren übernommen und in den letzten Jahrzehnten noch fleissig weiter ausgebaut - teilweise in zusätzlich neugegrabenen und als atombombensicher geltenden Höhlen .;prozess;agensorientiert;done;anim;;frei;+;nd;+;nd;+;nd;nd;nd;nd;nd;nd;nd;nd;nd;nd;nd;nd;nd;nd;nd;nd;nd
87;VVPP;ADJD;nutzen;22;NZZ_1998_08_19_a65_seg8_s13;18;Full|Psp;Die Fahrt von Wien nach Bratislava dauerte zwei Stunden und vierzig Minuten, und die Eisenbahn wurde fleissig in beide Richtungen genutzt, bis deutsche Truppen ein halbes Jahr nach dem Anschluss Österreichs den am rechten Ufer der Donau gelegenen Ort Petrzalka ( Engerau ) besetzten und den Grenzübergang Berg/Kittsee schlossen .;prozess;agensorientiert;done;unknown;;frei;+;nd;+;nd;+;nd;nd;nd;nd;nd;nd;nd;nd;nd;nd;nd;nd;nd;nd;nd;nd;nd
88;VVFIN;ADJD;recherchieren;17;NZZ_1995_12_09_a122_seg6_s4;16;Full|Psp;McPhee, der aus der Schule des Neuen Journalismus kommt, hat in Bibliotheken ebenso fleissig recherchiert wie auf Orangenplantagen und in den Fabriken, die das Konzentrat herstellen .;prozess;agensorientiert;done;anim;;frei;+;nd;+;nd;+;nd;nd;nd;nd;nd;nd;nd;nd;nd;nd;nd;nd;nd;nd;nd;nd;nd
89;VVPP;ADJD;benutzen;11;NZZ_1994_09_14_a42_seg11_s5;10;Full|Psp;Dass diese Methode zur Einschränkung von Einfuhren chinesischer Firmen fleissig benutzt wurde, darauf weisen einerseits die im Lauf des Jahres um 10 Mrd. $ auf rund 31 Mrd. $ gewachsenen Devisenreserven Chinas hin .;prozess;agensorientiert;done;unknown;;frei;+;nd;+;nd;+;nd;nd;nd;nd;nd;nd;nd;nd;nd;nd;nd;nd;nd;nd;nd;nd;nd
90;VVFIN;ADJD;arbeiten;21;NZZ_1998_11_13_a28_seg10_s3;20;Full|3|Sg|Pres|Ind;Dass es sich bei diesen Szenarien um Prophezeiungen handelt, an deren Erfüllung die Rechte beispielsweise durch ihren Parlamentsboykott fleissig arbeitet, stört jene, die so argumentieren, kaum .;prozess;agensorientiert;done;anim_like;;frei;+;nd;+;nd;+;nd;nd;nd;nd;nd;nd;nd;nd;nd;nd;nd;nd;nd;nd;nd;nd;nd
91;VVFIN;ADJD;bedienen;22;NZZ_1997_03_13_a35_seg11_s3;21;Full|-2;Dies um so mehr, als sich die Oppositionsparteien an Ort selbstverständlich dieses Bildmaterials im Kampf gegen die historische Mehrheit fleissig bedienen .;prozess;agensorientiert;done;anim_like;;frei;+;nd;+;nd;+;nd;nd;nd;nd;nd;nd;nd;nd;nd;nd;nd;nd;nd;nd;nd;nd;nd
92;VVFIN;ADJD;sammeln;18;NZZ_1994_10_06_a165_seg3_s5;16;Full|3|Sg|Past|Ind;Während der Gastklub bisher schon die ganze Saison mit verschiedenen Spielern um die 20 Jahre fleissig Punkte sammelte, wurden die Zürcher von wahrem Verletzungspech gebeutelt .;prozess;agensorientiert;done;anim_like;;frei;+;nd;+;nd;+;nd;nd;nd;nd;nd;nd;nd;nd;nd;nd;nd;nd;nd;nd;nd;nd;nd
93;VVFIN;ADJD;betonen;15;NZZ_1996_05_25_a235_seg8_s5;6;Full|3|Pl|Pres|Ind;Agassi und Mitspieler, die fleissig die Bedeutung der Grand-Slams für den persönlichen Leistungsausweis betonen, besitzen auf Sand in der Regel mehr Image ( dem Marketing sei Dank ) als Leistungsprofil, nicht zuletzt als Folge der oft minimalistischen Vorbereitung .;prozess;agensorientiert;done;anim;;frei;+;nd;+;nd;+;nd;nd;nd;nd;nd;nd;nd;nd;nd;nd;nd;nd;nd;nd;nd;nd;nd
94;VVINF;ADJD;reden;36;NZZ_1999_01_19_a133_seg2_s3;33;Full|-2;Geographisch gesehen schliesst die neue Vereinigung die Lücke zwischen der Tourismusregion des Grossraums Zürich und Heidiland, mit dem die Fremdenverkehrsorganisationen der Gemeinden der Bündner Herrschaft, des Sarganserlandes sowie des Walensees fleissig von sich reden machen .;prozess;agensorientiert;done;anim_like;;frei;+;nd;+;nd;+;nd;nd;nd;nd;nd;nd;nd;nd;nd;nd;nd;nd;nd;nd;nd;nd;nd
95;VVINF;ADJD;nachschenken;16;NZZ_1994_05_14_a231_seg3_s3;15;Full|-2;Fabrizio, so hiess er tatsächlich, schwelgte in Wein und Erinnerung, liess fleissig nachschenken und spielte sich um so ungeschlachter auf, je länger man ihn gewähren liess : Welcher Künstlerrunde hätte es nicht geschmeichelt, sich ein veritables Bettlerbankett zu nennen ?;prozess;agensorientiert;done;anim;;frei;+;nd;+;nd;+;nd;nd;nd;nd;nd;nd;nd;nd;nd;nd;nd;nd;nd;nd;nd;nd;nd
96;VVPP;ADJD;gutmachen;37;NZZ_1998_04_04_a90_seg4_s1;35;Full|Psp;Sna. São Paulo, Anfang April Lateinamerikas Banken, lange Zeit Musterbeispiel für eine liederliche, mehr an politischen denn an unternehmerischen Kriterien ausgerichtete Geschäftsführung, haben in letzter Zeit innerhalb der internationalen Finanzwelt fleissig Boden gutgemacht .;prozess;agensorientiert;done;anim_like;;frei;+;nd;+;nd;+;nd;nd;nd;nd;nd;nd;nd;nd;nd;nd;nd;nd;nd;nd;nd;nd;nd
97;VVPP;ADJD;betreiben;23;NZZ_1995_05_26_a152_seg6_s7;22;Full|Psp;Das Neue geschieht jedoch nicht auf Kosten des Alten, denn das traditionelle Handwerk wie etwa Stuhl- und Korbflechten wird weiterhin fleissig betrieben .;prozess;agensorientiert;done;unknown;;frei;+;nd;+;nd;+;nd;nd;nd;nd;nd;nd;nd;nd;nd;nd;nd;nd;nd;nd;nd;nd;nd
98;VVINF;ADJD;verschicken;29;NZZ_1998_06_05_a229_seg3_s16;26;Full|-2;Die Arbeit an der Web-Datenbank hindert Info-Com aber nicht daran, an Firmen, die in der Schweiz eine Marke amtlich haben registrieren lassen, fleissig Rechnungen zu verschicken .;prozess;agensorientiert;done;anim_like;;frei;+;nd;+;nd;+;nd;nd;nd;nd;nd;nd;nd;nd;nd;nd;nd;nd;nd;nd;nd;nd;nd
99;VVFIN;ADJD;tun;9;NZZ_1998_05_09_a252_seg4_s6;11;Full|3|Sg|Past|Ind;GC erfüllte gegen den FCZ die Pflicht, tat dies fleissig und kämpferisch, mehr handwerklich als brillant, musste schliesslich noch bangen, baute aber ein weiteres Mal auf die Sonderklasse von Türkyilmaz, diesem aussergewöhnlichen Stürmer, der in zwei Szenen hintereinander den Ausschlag gab zum Wandel vom 0 : 1 zur Pause zum 2 : 1, das Bestand haben sollte .;prozess;agensorientiert;done;anim_like;;frei;+;nd;+;nd;+;nd;nd;nd;nd;nd;nd;nd;nd;nd;nd;nd;nd;nd;nd;nd;nd;nd
100;VVINF;ADJD;nutzen;23;NZZ_1998_10_09_a211_seg10_s16;21;Full|-2;Auf 40 Seiten wollte er diesen Leuten die Angst vor dem Computer nehmen und sie dazu ermutigen, die Rechenknechte fleissig zu nutzen .;prozess;agensorientiert;done;anim;;frei;+;nd;+;nd;+;nd;nd;nd;nd;nd;nd;nd;nd;nd;nd;nd;nd;nd;nd;nd;nd;nd
101;VVPP;ADJD;sammeln;8;NZZ_1998_09_01_a140_seg3_s2;6;Full|Psp;Am Kreuzplatz selbst werden bereits fleissig Unterschriften gesammelt .;prozess;agensorientiert;done;unknown;;frei;+;nd;+;nd;+;nd;nd;nd;nd;nd;nd;nd;nd;nd;nd;nd;nd;nd;nd;nd;nd;nd
102;VVFIN;ADJD;trainieren;10;NZZ_1995_03_27_a102_seg5_s8;13;Full|3|Sg|Pres|Subj;Um dieser Absicht auch Taten folgen zu lassen, trainiere er bereits fleissig in seiner Freizeit .;prozess;agensorientiert;done;anim;;frei;+;nd;+;nd;+;nd;nd;nd;nd;nd;nd;nd;nd;nd;nd;nd;nd;nd;nd;nd;nd;nd
103;VVPP;ADJD;suchen;8;NZZ_1994_04_25_a43_seg5_s2;4;Full|Psp;Von Analytikern wird fleissig nach plausiblen Erklärungen gesucht .;prozess;agensorientiert;done;anim;;frei;+;nd;+;nd;+;nd;nd;nd;nd;nd;nd;nd;nd;nd;nd;nd;nd;nd;nd;nd;nd;nd
104;VVFIN;ADJD;sammeln;20;NZZ_1998_10_02_a206_seg6_s7;23;Full|1|Pl|Past|Subj;Sie verzichteten schweren Herzens auf Zofingen, arbeiteten an Badmanns Leistungen im Schwimmen, ihrer schwächsten Disziplin, und sammelten an Weltcup-Rennen fleissig Punkte im Hinblick auf die Olympiaqualifikation, allerdings ohne überragende Bilanz .;prozess;agensorientiert;done;anim;;frei;+;nd;+;nd;+;nd;nd;nd;nd;nd;nd;nd;nd;nd;nd;nd;nd;nd;nd;nd;nd;nd
105;VVFIN;ADJD;benutzen;20;NZZ_1997_12_04_a198_seg7_s14;22;Full|3|Pl|Past|Ind;Da konnten sie die verfehmten grauen Kleider zurücklassen, und sie hängten ihre farbige Garderobe an die Fenster und benutzten sie fleissig .;prozess;agensorientiert;done;anim;;frei;+;nd;+;nd;+;nd;nd;nd;nd;nd;nd;nd;nd;nd;nd;nd;nd;nd;nd;nd;nd;nd
106;VVFIN;ADJD;qualmen;37;NZZ_1994_05_26_a204_seg3_s14;36;Full|3|Sg|Pres|Ind;« Bravo » und Jimi Hendrix grüssen vom Poster, es wird die Beatles-Melodie gepfiffen, der Bee- Gees-Hit quillt aus Jukebox und Transistorradio, « Scheisse » schreibt jemand auf die Wandtafel, und fleissig qualmt die Ikone des sozialrevolutionären Aufstandes : die Zigarette .;prozess;rein;done;inanim;;frei;+;nd;+;+;nd;nd;nd;nd;nd;nd;nd;nd;nd;nd;nd;nd;nd;nd;nd;nd;nd;nd
107;VVINF;ADJD;sammeln;36;NZZ_1997_03_20_a136_seg5_s1;33;Full|-2;Wie Grünberg mit seinen Mitschülern Saufwetten um die Mädchen abschliesst, wie er mit Freundin Rosie die ersten verklemmten Beischlafversuche unternimmt, wie er der abstossenden Tristesse seines Elternhauses entflieht, um fleissig Bordellerfahrungen zu sammeln und ... ja, das war ' s dann auch schon : Das liest sich nur auf ein paar der 350 Seiten vergnüglich, meist dann, wenn es um seine jüdische ( Nicht- ) Identität geht : « Er kommt immer, wenn wir nicht zu Hause sind, das ist mal wieder typisch Gott . »;prozess;agensorientiert;done;anim;;frei;+;nd;+;nd;+;nd;nd;nd;nd;nd;nd;nd;nd;nd;nd;nd;nd;nd;nd;nd;nd;nd
108;VVINF;ADJD;zusammentragen;79;NZZ_1999_02_04_a226_seg4_s3;75;Full|-2;Jeder auch nur durchschnittlich sportinteressierte Schweizer spürt mit einbrechender Dunkelheit dieses nervöse Kribbeln im Solarplexus, er sieht es als nationale Verpflichtung an, an den WM in Vail aus Distanz teilzunehmen : erstens wäre es ja möglich, dass die Schweizer Rennfahrerinnen und Rennfahrer trotz allem und warum eigentlich nicht und vielleicht doch und überhaupt ..., und zweitens beschert uns diese Übertragungen zur Prime-time-Stunde das totale Fernseherlebnis, das wir im Fernsehalltag fleissig wie Ameisen häppchenweise zusammentragen müssen : die « Weltpremiere » mit höchsten Gefühlen, Spiel, Spass und Spannung !;nd;nd;not of interest;;idiom;;nd;nd;nd;nd;nd;nd;nd;nd;nd;nd;nd;nd;nd;nd;nd;nd;nd;nd;nd;nd;nd;nd
109;VVFIN;ADJD;verteilen;15;NZZ_1999_02_09_a170_seg4_s3;16;Full|3|Sg|Past|Ind;Bei der Parkplatzsuche standen sich die motorisierten Messebesucher gegenseitig im Weg, die Stadtpolizei verteilte fleissig Bussen .;prozess;agensorientiert;done;anim_like;;frei;+;nd;+;nd;+;nd;nd;nd;nd;nd;nd;nd;nd;nd;nd;nd;nd;nd;nd;nd;nd;nd
110;VVFIN;ADJD;sparen;51;NZZ_1994_01_18_a78_seg14_s3;53;Full|3|Pl|Pres|Ind;"Die Kontakte zwischen diesen « Urwallisern » ( von denen die allermeisten nicht mehr Schweizer Bürger sind ) und dem Kanton Wallis werden intensiv gepflegt : So kommen regelmässig Besuchergruppen aus dem Wallis in diese Ortschaften ; andererseits planen die Argentinien- Walliser wieder eine grosse Reise in die Schweiz und sparen schon fleissig dafür .";prozess;agensorientiert;done;anim;;frei;+;nd;+;nd;+;nd;nd;nd;nd;nd;nd;nd;nd;nd;nd;nd;nd;nd;nd;nd;nd;nd
111;VVFIN;ADJD;schreiben;24;NZZ_1994_04_02_a245_seg3_s19;26;Full|1|Pl|Past|Subj;"Das Schönste auf dieser Welt, Inbegriff und Angelpunkt all seiner Hoffnungen, war der Annoncenteil der « Frankfurter Allgemeinen » ; daneben schrieben wir fleissig Postfachadressen in Singapur und Delaware an .";prozess;agensorientiert;done;anim;;frei;+;nd;+;nd;+;nd;nd;nd;nd;nd;nd;nd;nd;nd;nd;nd;nd;nd;nd;nd;nd;nd
112;VVINF;ADJD;besuchen;12;NZZ_1996_10_11_a173_seg5_s29;11;Full|-2;Bruderer hofft, die aussergewöhnlich aktiven Fans würden die Matches fleissig besuchen und so den Zuschauerdurchschnitt auf 700 pro Heimspiel erhöhen .;prozess;agensorientiert;done;anim;;frei;+;nd;+;nd;+;nd;nd;nd;nd;nd;nd;nd;nd;nd;nd;nd;nd;nd;nd;nd;nd;nd
113;VVFIN;ADJD;trainieren;2;NZZ_1997_06_24_a168_seg5_s7;17;Full|3|Pl|Pres|Ind;Zwar trainieren die einst als « Sandhasen » apostrophierten Spieler selbst in ihrem Ausbildungszentrum in Barcelona fleissig auf Hardcourts, dies nachweisbar mit Erfolg, aber auf der schnellen Grasnarbe erachten sie ihre Chancen auf positive Resultate als arg eingeschränkt .;prozess;agensorientiert;done;anim;;frei;+;nd;+;nd;+;nd;nd;nd;nd;nd;nd;nd;nd;nd;nd;nd;nd;nd;nd;nd;nd;nd
114;VVPP;ADJD;bringen;18;NZZ_1996_12_05_a111_seg6_s2;13;Full|Psp;Jedenfalls hat wohl keiner der jüngeren Autoren die Vanitas-Symbolik der Alten so fleissig auf den neuesten Stand gebracht wie Strittmatter .;prozess;agensorientiert;done;anim;vergleich;frei;+;nd;+;nd;+;nd;nd;nd;nd;nd;nd;nd;nd;nd;nd;nd;nd;nd;nd;nd;nd;nd
115;VVINF;ADJD;gelten;15;NZZ_1994_06_24_a25_seg5_s1;14;Full|3|Pl|Pres|Ind;Gy. Bonn, 23. Juni Länder, deren Bevölkerungen in der Regel als fleissig gelten, sind alles andere als billig, wenn es ums Arbeiten geht .;nd;nd;not of interest;;vergleich;;nd;nd;nd;nd;nd;nd;nd;nd;nd;nd;nd;nd;nd;nd;nd;nd;nd;nd;nd;nd;nd;nd
116;VVPP;ADJD;verteilen;14;NZZ_1994_02_26_a182_seg6_s9;12;Full|3|Sg|Pres|Ind;In Norwegen hingegen ist er ein Held, der fast ebenso fleissig Autogramme verteilt wie seine Schützlinge .;prozess;agensorientiert;done;anim;vergleich;frei;+;nd;+;nd;+;nd;nd;nd;nd;nd;nd;nd;nd;nd;nd;nd;nd;nd;nd;nd;nd;nd
117;VVFIN;ADJD;tauschen;20;NZZ_1999_09_21_a250_seg10_s3;15;Full|-2;Die Produzenten von Computerspielen kämpfen mit der Tatsache, dass Kinder auf dem Schulhof fleissig Kopien der beliebtesten Computerspiele tauschen .;prozess;agensorientiert;done;anim;;frei;+;nd;+;nd;+;nd;nd;nd;nd;nd;nd;nd;nd;nd;nd;nd;nd;nd;nd;nd;nd;nd
118;VVINF;ADJD;recherchieren;11;NZZ_1994_10_01_a112_seg3_s14;10;Full|-2;Wer hier Zuverlässiges ans Licht holen will, muss fleissig recherchieren .;prozess;agensorientiert;done;anim;;frei;+;nd;+;nd;+;nd;nd;nd;nd;nd;nd;nd;nd;nd;nd;nd;nd;nd;nd;nd;nd;nd
119;VVPP;ADJD;abheben;9;NZZ_1996_10_04_a112_seg3_s7;8;Full|Psp;Was nicht heisst, dass nicht auch fleissig abgehoben wird in Gefilde, die der Phantasie so gut wie der Wirklichkeit und dem Experiment so gut wie der Dokumentation verpflichtet sind .;prozess;agensorientiert;done;unknown;;frei;+;nd;+;nd;+;nd;nd;nd;nd;nd;nd;nd;nd;nd;nd;nd;nd;nd;nd;nd;nd;nd
120;VVFIN;ADJD;bearbeiten;7;NZZ_1996_08_08_a149_seg5_s19;9;Full|3|Pl|Pres|Ind;Männer mit Stössel und kleinem Hammer bearbeiten zwar fleissig Messingschalen, in Wirklichkeit gilt die Aufmerksamkeit dieser Pseudohandwerker jedoch den Vorbeiflanierenden, die im Gegensatz zu Tunis mit vielen Worten, bisweilen mit sanfter Gewalt in die Boutiquen gezogen werden .;prozess;agensorientiert;done;anim;;frei;+;nd;+;nd;+;nd;nd;nd;nd;nd;nd;nd;nd;nd;nd;nd;nd;nd;nd;nd;nd;nd
121;VVFIN;ADJD;verbreiten;4;NZZ_1999_03_27_a246_seg3_s1;10;Full|3|Sg|Pres|Ind;Nationalcoach Gilbert Gress verbreitet vor der Partie in Weissrussland fleissig Zweckoptimismus;prozess;agensorientiert;done;anim;;frei;+;nd;+;nd;+;nd;nd;nd;nd;nd;nd;nd;nd;nd;nd;nd;nd;nd;nd;nd;nd;nd
122;VVPP;ADJD;kaufen;25;NZZ_1993_08_21_a150_seg16_s2;24;Full|Psp;Rasch hat sich herumgesprochen, dass Schweizer Banken, die anlässlich des vom Streit zwischen London und Peking ausgelösten Hongkonger Börsen-Crash im Dezember fleissig gekauft statt verkauft haben, im nachhinein riesige Gewinne verbuchen konnten .;prozess;agensorientiert;done;anim_like;;frei;+;nd;+;nd;+;nd;nd;nd;nd;nd;nd;nd;nd;nd;nd;nd;nd;nd;nd;nd;nd;nd
123;VVPP;ADJD;verschicken;23;NZZ_1996_06_11_a170_seg3_s20;20;Full|Psp;Auch die « Welt von oben », wie sie Normalreisende praktisch nie zu sehen bekommen, wird ebenso fleissig als Illusion verschickt wie « Kitsch und Quatsch » .;prozess;agensorientiert;done;unknown;;frei;+;nd;+;nd;+;nd;nd;nd;nd;nd;nd;nd;nd;nd;nd;nd;nd;nd;nd;nd;nd;nd
124;VVIZU;ADJD;abtragen;30;NZZ_1999_12_21_a202_seg4_s1;29;Full|zu;stü. Der Kantonsrat hat am Montag die Zeit, die er durch die Verschiebung der Budgetdebatte gewann, ein weiteres Mal dazu benützt, den Berg hängiger Geschäfte fleissig abzutragen .;prozess;agensorientiert;done;anim;;frei;+;nd;+;nd;+;nd;nd;nd;nd;nd;nd;nd;nd;nd;nd;nd;nd;nd;nd;nd;nd;nd
125;VVPP;ADJD;lachen;11;NZZ_1997_11_01_a127_seg6_s4;10;Full|Psp;Das Premierenpublikum hat die Feier nicht verdorben, sondern fleissig gelacht und applaudiert .;prozess;agensorientiert;done;anim;;frei;+;nd;+;nd;+;nd;nd;nd;nd;nd;nd;nd;nd;nd;nd;nd;nd;nd;nd;nd;nd;nd
126;VVPP;ADJD;photographieren;4;NZZ_1995_04_01_a220_seg3_s22;3;Full|Psp;Er wurde fleissig photographiert : im arabischen Zelt, vor einem japanischen Buddha, auf den Terrassen des Borobudur in Java .;prozess;agensorientiert;done;unknown;;frei;+;nd;+;nd;+;nd;nd;nd;nd;nd;nd;nd;nd;nd;nd;nd;nd;nd;nd;nd;nd;nd
127;VVPP;ADJD;machen;8;NZZ_1994_11_29_a5_seg4_s7;6;Full|Psp;Von dieser Möglichkeit wurde so fleissig Gebrauch gemacht, dass die Briefstimmen das Endresultat entscheidend beeinflussen könnten .;prozess;agensorientiert;done;unknown;;frei;+;nd;+;nd;+;nd;nd;nd;nd;nd;nd;nd;nd;nd;nd;nd;nd;nd;nd;nd;nd;nd
128;VVPP;ADJD;produzieren;23;NZZ_1995_02_23_a121_seg3_s9;20;Full|3|Sg|Pres|Ind;So wie die Geschichte fortging, sind aus diesen griechischen Profilen schliesslich Profile Europas geworden, und während Brüssel fleissig neue Euro-Profile produziert, seien hier einige gute alte Eisen blankgeputzt .;prozess;agensorientiert;done;anim_like;;frei;+;nd;+;nd;+;nd;nd;nd;nd;nd;nd;nd;nd;nd;nd;nd;nd;nd;nd;nd;nd;nd
129;VVPP;ADJD;produzieren;10;NZZ_1997_09_05_a121_seg3_s2;9;Full|Psp;Dass in Italien trotz schlechten Distributions- und Auswertungsbedingungen fleissig produziert wird, lässt sich jeweils am Filmfestival von Venedig feststellen, wo die einheimischen Filmschaffenden im Heimspiel um Preise und Publikum in diversen Sektionen konkurrieren und gerade auch die Newcomer ein eigenes « Schaufenster » haben, das in den letzten Jahren jeweils ausserordentlich gut besucht worden ist .;prozess;agensorientiert;done;unknown;;frei;+;nd;+;nd;+;nd;nd;nd;nd;nd;nd;nd;nd;nd;nd;nd;nd;nd;nd;nd;nd;nd
130;VVFIN;ADJD;lesen;32;NZZ_1999_04_17_a228_seg3_s2;27;Full|3|Sg|Pres|Subj;Er fand dazu an einem solchen Nachmittage Gelegenheit, da er auch mit vorgefordert worden war, und der Prinz ihn fragte, ob er auch fleissig die grossen französischen Theaterschriftsteller lese, darauf ihm denn Wilhelm mit einem sehr lebhaften Ja antwortete .;prozess;agensorientiert;done;anim;;frei;+;nd;+;nd;+;nd;nd;nd;nd;nd;nd;nd;nd;nd;nd;nd;nd;nd;nd;nd;nd;nd
131;VVPP;ADJD;polemisieren;9;NZZ_1999_03_10_a206_seg3_s4;8;Full|Psp;Gespielt wurde seither zwar nicht, dagegen fleissig polemisiert .;prozess;agensorientiert;done;unknown;;frei;+;nd;+;nd;+;nd;nd;nd;nd;nd;nd;nd;nd;nd;nd;nd;nd;nd;nd;nd;nd;nd
132;VVFIN;ADJD;rühren;2;NZZ_1997_03_11_a107_seg3_s6;4;Full|3|Sg|Past|Ind;Daneben rührte er fleissig die Werbetrommel für den NM : Langfristig könne ein deutscher Emittent nirgendwo auf der Welt zu günstigeren Bedingungen Eigenkapital aufnehmen als am NM .;prozess;agensorientiert;done;anim;;frei;+;nd;+;nd;+;nd;nd;nd;nd;nd;nd;nd;nd;nd;nd;nd;nd;nd;nd;nd;nd;nd
133;VVPP;ADJD;verteilen;32;NZZ_1998_04_01_a162_seg12_s5;30;Full|Psp;Weil die vorgesehene Zeit für die Versammlung massiv überzogen worden war, hatten zwei Verkehrsbeamtinnen der Stadtpolizei in der Zwischenzeit auf dem Parkplatz vor dem Stadthof 11 ihren Kollegen fleissig Parkbussen verteilt .;prozess;agensorientiert;done;anim;;frei;+;nd;+;nd;+;nd;nd;nd;nd;nd;nd;nd;nd;nd;nd;nd;nd;nd;nd;nd;nd;nd
134;VVPP;ADJD;spekulieren;12;NZZ_1999_02_12_a212_seg4_s7;10;Full|Psp;Wenn viele Teams auf engstem Raum zusammenleben, wird fleissig darüber spekuliert, wer im Hinblick auf die kommende Saison wohin wechselt .;prozess;agensorientiert;done;unknown;;frei;+;nd;+;nd;+;nd;nd;nd;nd;nd;nd;nd;nd;nd;nd;nd;nd;nd;nd;nd;nd;nd
135;VVPP;ADJD;lesen;38;NZZ_1998_07_18_a34_seg7_s5;37;Full|Psp;Aber er ging, und so ist Blocher zum fürsorglichen Götti der Bräker-Festspiele geworden, « mit Begeisterung », wie der Toni erzählt, schliesslich seien im protestantischen Haushalt Blocher die Schriften des Protestanten Bräker fleissig gelesen worden .;prozess;agensorientiert;done;unknown;;frei;+;nd;+;nd;+;nd;nd;nd;nd;nd;nd;nd;nd;nd;nd;nd;nd;nd;nd;nd;nd;nd
136;VVFIN;ADJD;schwatzen;10;NZZ_1993_04_01_a35_seg5_s6;8;Full|3|Pl|Pres|Ind;Auf zwei Herren, die am Nebentisch fleissig darüber schwatzen, wie ein paar Millionen am besten zu verschieben wären, gibt es keine adäquate Reaktion, keinen Hass, keine Verachtung .;prozess;agensorientiert;done;anim;;frei;+;nd;+;nd;+;nd;nd;nd;nd;nd;nd;nd;nd;nd;nd;nd;nd;nd;nd;nd;nd;nd
137;VVFIN;ADJD;beteiligen;18;NZZ_1998_06_19_a202_seg9_s12;24;Full|3|Sg|Past|Ind;Doch ganz ohne Anstand kommt offensichtlich auch die Werbung von Adidas nicht aus : Der deutsche Konzern beteiligte sich in den vergangenen Tagen fleissig an den Diskussionen in Italien, ob Del Piero für Roberto Baggio zum Einsatz kommen solle, nachdem der Stürmer von Juventus Turin das Spiel der italienischen Mannschaft mit Chile nur auf der Ersatzbank miterleben durfte .;prozess;agensorientiert;done;anim_like;;frei;+;nd;+;nd;+;nd;nd;nd;nd;nd;nd;nd;nd;nd;nd;nd;nd;nd;nd;nd;nd;nd
138;VVFIN;ADJD;verschicken;18;NZZ_1993_08_20_a37_seg2_s5;10;Full|3|Pl|Pres|Ind;So möge also die Handelskammer den Messeleitungen, die fleissig Einladungen zu den Veranstaltungen auch an Drittländer verschicken, empfehlen, gleichzeitig Antragsformulare zur Beschaffung von Arbeitsbewilligungen beizulegen, damit die Leute nicht mit entsprechendem Eintrag im Reisepass gleich wieder an die Grenze gestellt werden .;prozess;agensorientiert;done;anim;;frei;+;nd;+;nd;+;nd;nd;nd;nd;nd;nd;nd;nd;nd;nd;nd;nd;nd;nd;nd;nd;nd
139;VVFIN;ADJD;bemühen;20;NZZ_1995_04_10_a143_seg3_s21;13;Full|3|Pl|Past|Ind;Zu einem Sieg, der das Kräfteverhältnis sicher richtig wiedergab, so fleissig sich die Aarauer um eine Korrektur bemühten .;prozess;agensorientiert;done;anim;;frei;+;nd;+;nd;+;nd;nd;nd;nd;nd;nd;nd;nd;nd;nd;nd;nd;nd;nd;nd;nd;nd
140;VVPP;ADJD;repetieren;37;NZZ_1993_08_19_a116_seg2_s42;36;Full|Psp;Malta will, das betonte der Tourismusminister in einem Gespräch mit Presseleuten, vom Image einer « Sea and Sun Destination » wegkommen, und der Slogan von « mehr Qualität statt Quantität » wird fleissig repetiert .;prozess;agensorientiert;done;unknown;;frei;+;nd;+;nd;+;nd;nd;nd;nd;nd;nd;nd;nd;nd;nd;nd;nd;nd;nd;nd;nd;nd
141;VVFIN;ADJD;klauen;69;NZZ_1997_05_14_a108_seg5_s3;71;Full|2|Pl;Und am allerwenigsten weht er natürlich bei Wim Wenders, der sich zu den halbseidenen Philosophen des Off-Hollywood-Kinos gesellt mit seiner amerikanischen Produktion « The End of Violence » : Der schmalzige Blick aus der Engel-Perspektive ( eines Observatoriums ) auf Los Angeles und eine Gruppe von Einwohnern - im üblichen Querschnitt von putziger Armut und schickem Unglück - borgt sich grosszügig allerhand Motive bei allerlei Vorgängern, klaut besonders fleissig bei Robert Altman und Lawrence Kasdan und bringt doch nur einen Brei von Banalitäten auf die Leinwand .;prozess;agensorientiert;done;anim;;frei;+;nd;+;nd;+;nd;nd;nd;nd;nd;nd;nd;nd;nd;nd;nd;nd;nd;nd;nd;nd;nd
142;VVFIN;ADJD;sammeln;4;NZZ_1998_06_08_a228_seg290_s23;9;Full|3|Pl|Pres|Ind;Kein Wunder, sammeln die, Millionen Jamaicaner fleissig Flaschendeckel : ein Sponsor der « Reggae Boyz » verlost eine Handvoll Reisen nach Paris .;prozess;agensorientiert;done;anim;;frei;+;nd;+;nd;+;nd;nd;nd;nd;nd;nd;nd;nd;nd;nd;nd;nd;nd;nd;nd;nd;nd
143;VVFIN;ADJD;lesen;36;NZZ_1996_10_17_a142_seg3_s15;33;Full|1|Sg|Past|Ind;Das liegt einzig daran, dass manche Texte eine Bebilderung nahelegen oder zumindest erlauben, andere nie illustriert und selten geschmückt worden sind, so weit sie auch verbreitet waren und so fleissig man sie las .;prozess;agensorientiert;done;anim;;frei;+;nd;+;nd;+;nd;nd;nd;nd;nd;nd;nd;nd;nd;nd;nd;nd;nd;nd;nd;nd;nd
144;VVPP;ADJD;betreiben;14;NZZ_1998_06_03_a181_seg7_s6;12;Full|Psp;Mit Max Pfeffer und Werner Senn, für den in Leserbriefspalten fleissig Propaganda betrieben wird, stellen sich überdies zwei Parteilose zur Wahl .;prozess;agensorientiert;done;anim;;frei;+;nd;+;nd;+;nd;nd;nd;nd;nd;nd;nd;nd;nd;nd;nd;nd;nd;nd;nd;nd;nd
145;VVFIN;ADJD;machen;11;NZZ_1996_12_17_a162_seg3_s5;12;Full|3|Pl|Pres|Ind;Die Führungskräfte, allesamt wie vorgeschlagen in sportlicher Kleidung, machen fleissig Notizen, während der in dunkelblauer Kleidung referierende Ulrich T. Strunz, der seinen Mitreferenten immer betont mit Doktor Spitzbart anspricht, in rhetorisch überzeugender Manier Selbstverständlichkeiten von sich gibt, die dennoch so manchem ein verständiges Nicken entlocken .;prozess;agensorientiert;done;anim;;frei;+;nd;+;nd;+;nd;nd;nd;nd;nd;nd;nd;nd;nd;nd;nd;nd;nd;nd;nd;nd;nd
146;VVFIN;ADJD;gedeihen;26;NZZ_1993_04_02_a65_seg2_s1;25;Full|3|Sg|Pres|Ind;Langjährige Solothurn-Besucher erinnern sich : Vor vielen Jahren hat einer einmal besonders raffiniert das wohlige Wir-Gefühl gesprengt, das an den Filmtagen von jeher fleissig gedeiht .;prozess;rein;done;inanim;AGENS psych-related;frei;+;nd;+;+;nd;nd;nd;nd;nd;nd;nd;nd;nd;nd;nd;nd;nd;nd;nd;nd;nd;nd
147;VVFIN;ADJD;mischen;21;NZZ_1998_12_18_a147_seg5_s6;19;Full|3|Pl|Pres|Ind;Auch die Schar der 200 Teddybären und die Baustelle, auf der kuschelige Plüschäffchen, elektrisch angetrieben, fleissig Beton mischen, ziehen die Kinder in Bann .;prozess;agensorientiert;done;inanim;;frei;+;nd;+;nd;+;nd;nd;nd;nd;nd;nd;nd;nd;nd;nd;nd;nd;nd;nd;nd;nd;nd
148;VVPP;ADJD;mähen;9;NZZ_1994_09_29_a253_seg3_s4;2;Full|Psp;Und fleissig wird vom Frühjahr bis zum Herbst gemäht .;prozess;agensorientiert;done;unknown;;frei;+;nd;+;nd;+;nd;nd;nd;nd;nd;nd;nd;nd;nd;nd;nd;nd;nd;nd;nd;nd;nd
149;VVFIN;ADJD;sägen;17;NZZ_1998_09_12_a42_seg11_s13;19;Full|1|Pl|Past|Subj;Mit einer Hand sich an einem wippenden Erlenast festhaltend, mit den Füssen irgendwo abstützend, sägten wir fleissig drauflos - vorzugsweise nicht an dem Ast, an dem wir hingen .;prozess;agensorientiert;done;anim;;frei;+;nd;+;nd;+;nd;nd;nd;nd;nd;nd;nd;nd;nd;nd;nd;nd;nd;nd;nd;nd;nd
150;VVFIN;ADJD;schreiben;10;NZZ_1997_11_20_a119_seg4_s28;11;Full|3|Sg|Past|Ind;1959/60 bereiste der Autor als Stipendiat die USA und schrieb fleissig Reisedepeschen an seinen Turiner Verlag Einaudi .;prozess;agensorientiert;done;anim;;frei;+;nd;+;nd;+;nd;nd;nd;nd;nd;nd;nd;nd;nd;nd;nd;nd;nd;nd;nd;nd;nd
151;VVFIN;ADJD;sammeln;18;NZZ_1994_04_28_a159_seg3_s17;16;Full|3|Sg|Pres|Ind;Trotzdem könnte sich bereits am Donnerstag ein Leaderwechsel ergeben, falls Adriano Baffi weiterhin so fleissig Bonifikationen sammelt .;prozess;agensorientiert;done;anim;;frei;+;nd;+;nd;+;nd;nd;nd;nd;nd;nd;nd;nd;nd;nd;nd;nd;nd;nd;nd;nd;nd
152;VVPP;ADJD;hofieren;20;NZZ_1993_04_15_a29_seg10_s13;19;Full|Psp;Gerichtsakten bewegen sich schneller an die Oberfläche eines überladenen Schreibtisches und zum Richter, wenn beim zuständigen Sekretär fleissig hofiert und geschmiert wird .;prozess;agensorientiert;done;anim_like;;frei;+;nd;+;nd;+;nd;nd;nd;nd;nd;nd;nd;nd;nd;nd;nd;nd;nd;nd;nd;nd;nd
153;VVFIN;ADJD;machen;18;NZZ_1995_06_08_a180_seg9_s11;16;Full|3|Sg|Pres|Ind;Seine Worte könnten auch in der Gästewerbung verwendet werden : Wer von den Angeboten Leukerbads fleissig Gebrauch macht, rostet bestimmt nicht .;prozess;agensorientiert;done;anim_like;;frei;+;nd;+;nd;+;nd;nd;nd;nd;nd;nd;nd;nd;nd;nd;nd;nd;nd;nd;nd;nd;nd
154;VVFIN;ADJD;dreschen;39;NZZ_1996_03_09_a2_seg6_s8;40;Full|1|Pl|Past|Ind;In Fernsehinterviews weigerten sich der Gouverneur Pataki und die Abgeordnete Molinari nach dem Sieg Doles kategorisch und im Stile mit allen Wassern gewaschener Hinterzimmerstrategen, überhaupt auf die Frage nach der Angemessenheit derartig archaischer Bestimmungen einzugehen, sondern droschen fleissig auf Forbes und Buchanan ein, die es gewagt hatten, die örtliche Nomenklatura herauszufordern .;prozess;agensorientiert;done;anim;;frei;+;nd;+;nd;+;nd;nd;nd;nd;nd;nd;nd;nd;nd;nd;nd;nd;nd;nd;nd;nd;nd
155;VVPP;ADJD;sammeln;6;NZZ_1999_10_16_a231_seg7_s25;5;Full|Psp;Pater Ruprecht hatte zwar fleissig gesammelt .;prozess;agensorientiert;done;anim;unvollständig;frei;+;nd;+;nd;+;nd;nd;nd;nd;nd;nd;nd;nd;nd;nd;nd;nd;nd;nd;nd;nd;nd
156;VVPP;ADJD;trainieren;11;NZZ_1997_04_07_a153_seg4_s18;10;Full|Psp;Das Powerplay, das Sorgenelement hiesiger Auswahlteams, durfte fleissig trainiert werden - ohne erkennbare Fortschritte .;prozess;agensorientiert;done;unknown;;frei;+;nd;+;nd;+;nd;nd;nd;nd;nd;nd;nd;nd;nd;nd;nd;nd;nd;nd;nd;nd;nd
157;VVFIN;ADJD;kehren;18;NZZ_1996_04_16_a105_seg4_s2;19;Full|3|Sg|Pres|Subj;"In der Tat schien Arnaldo Momigliano nach der Devise Cassiodors zu leben : « Lies unermüdlich, kehre fleissig zu deiner Lektüre zurück ; ständiges Überdenken des Textes ist die Mutter allen Verstehens . »";prozess;agensorientiert;done;anim;;frei;+;nd;+;nd;+;nd;nd;nd;nd;nd;nd;nd;nd;nd;nd;nd;nd;nd;nd;nd;nd;nd
158;VVINF;ADJD;üben;12;NZZ_1996_12_30_a77_seg3_s12;7;Full|-2;Und dass der Trompetenschlumpf erst einmal fleissig die Schlümpfonie in C üben muss, wenn er später als Technoschlumpf die Hitparade stürmen will .;prozess;agensorientiert;done;anim;;frei;+;nd;+;nd;+;nd;nd;nd;nd;nd;nd;nd;nd;nd;nd;nd;nd;nd;nd;nd;nd;nd
159;VVPP;ADJD;weiterbauen;9;NZZ_1995_02_07_a44_seg2_s13;8;Full|Psp;Zudem wird auf der Westseite des Bahnhofs fleissig weitergebaut .;prozess;agensorientiert;done;unknown;;frei;+;nd;+;nd;+;nd;nd;nd;nd;nd;nd;nd;nd;nd;nd;nd;nd;nd;nd;nd;nd;nd
160;VVFIN;ADJD;rollen;4;NZZ_1998_09_05_a190_seg2_s1;6;Full|3|Sg|Pres|Ind;ked. « Züri rollt » fleissig und das schon seit fünf Jahren .;prozess;rein;done;inanim;;frei;+;nd;+;+;nd;nd;nd;nd;nd;nd;nd;nd;nd;nd;nd;nd;nd;nd;nd;nd;nd;nd
161;VVFIN;ADJD;fahren;3;NZZ_1994_07_18_a72_seg3_s28;5;Full|3|Pl|Pres|Ind;Die VBZ fahren weniger fleissig ( siehe unten ), die Postämter öffnen später und schliessen früher, Lieferanten, Geschäfts- und Gesprächspartner glänzen durch Ferienabwesenheit .;prozess;agensorientiert;done;anim_like;;frei;+;nd;+;nd;+;nd;nd;nd;nd;nd;nd;nd;nd;nd;nd;nd;nd;nd;nd;nd;nd;nd
162;VVPP;ADJD;basteln;8;NZZ_1999_08_31_a198_seg2_s15;7;Full|Psp;So wurde denn an diesem Kurs fleissig gebastelt, modelliert und gestaltet - kommt uns das aus dem ganz alltäglichen Schulbetrieb nicht hinlänglich bekannt vor ?;prozess;agensorientiert;done;unknown;;frei;+;nd;+;nd;+;nd;nd;nd;nd;nd;nd;nd;nd;nd;nd;nd;nd;nd;nd;nd;nd;nd
163;VVFIN;ADJD;schreiben;10;NZZ_1995_05_05_a131_seg5_s4;14;Full|3|Sg|Past|Ind;Schon vor der Publikation von « Little Women » schrieb sie unter Pseudonym fleissig romantische Gruselgeschichten um saftige Leidenschaften und verbotene Liebesverstrickungen, mit sprechenden Titeln wie etwa « Pauline ' s Passion and Punishment » .;prozess;agensorientiert;done;anim;;frei;+;nd;+;nd;+;nd;nd;nd;nd;nd;nd;nd;nd;nd;nd;nd;nd;nd;nd;nd;nd;nd
164;VVPP;ADJD;lernen;47;NZZ_1997_04_11_a144_seg3_s18;46;Full|Psp;"Dass die irische « Teufelsbrut », die « The Devil ' s Own » den ironischen Titel gibt, ausgerechnet vom Jungmädchenschwarm Brad Pitt verkörpert wird, spricht zwar nicht gerade für ein überzeugendes Besetzungskonzept, aber immerhin scheint der Jungstar den regionalen Akzent fleissig gelernt zu haben ; für nichtenglische Ohren tönen die - vernünftigerweise lapidaren - Dialoge des terroristischen Asses aus Belfast jedenfalls einigermassen überzeugend .";prozess;agensorientiert;done;anim;;frei;+;nd;+;nd;+;nd;nd;nd;nd;nd;nd;nd;nd;nd;nd;nd;nd;nd;nd;nd;nd;nd
165;VVPP;ADJD;anfordern;38;NZZ_1994_08_06_a74_seg3_s9;37;Full|Psp;Als unverbindliche Empfehlung an die Gemeinden gedacht, dient es inzwischen nicht nur in der ganzen Schweiz als Vorlage für einschlägige kommunale Reglemente, sondern wird auch aus Deutschland, Österreich, England und gar Japan fleissig angefordert .;prozess;agensorientiert;done;unknown;;frei;+;nd;+;nd;+;nd;nd;nd;nd;nd;nd;nd;nd;nd;nd;nd;nd;nd;nd;nd;nd;nd
166;VVFIN;ADJD;betreiben;28;NZZ_1999_08_20_a147_seg5_s13;26;Full|-2;Genau dieser Effekt lag freilich in der Absicht der Filmemacher, die auf einer schon im letzten Jahr lancierten Website zum Film ( theblairwitch.com ) fleissig Legendenbildung betreiben .;prozess;agensorientiert;done;anim;;frei;+;nd;+;nd;+;nd;nd;nd;nd;nd;nd;nd;nd;nd;nd;nd;nd;nd;nd;nd;nd;nd
167;VVFIN;ADJD;nutzen;4;NZZ_1999_04_09_a220_seg3_s9;8;Full|3|Sg|Pres|Ind;Eine neue Generation nutzt diese vermeintlichen Türöffner fleissig .;prozess;agensorientiert;done;anim_like;;frei;+;nd;+;nd;+;nd;nd;nd;nd;nd;nd;nd;nd;nd;nd;nd;nd;nd;nd;nd;nd;nd
168;VVPP;ADJD;kopieren;9;NZZ_1999_04_17_a233_seg5_s2;8;Full|Psp;Also werden Parker, Miles, Coltrane fleissig kopiert und verbraten .;prozess;agensorientiert;done;unknown;;frei;+;nd;+;nd;+;nd;nd;nd;nd;nd;nd;nd;nd;nd;nd;nd;nd;nd;nd;nd;nd;nd
169;VVPP;ADJD;bemühen;17;NZZ_1997_04_10_a177_seg3_s27;16;Full|3|Sg|Pres|Ind;Der Engländer wird diese Einschätzung mit Interesse zur Kenntnis nehmen, da er sich selber fleissig bemüht, das Gegenteil zu behaupten .;prozess;agensorientiert;done;anim;;frei;+;nd;+;nd;+;nd;nd;nd;nd;nd;nd;nd;nd;nd;nd;nd;nd;nd;nd;nd;nd;nd
170;VVFIN;ADJD;fliegen;3;NZZ_1999_05_28_a214_seg3_s4;4;Full|3|Pl|Pres|Ind;Die Bälle fliegen fleissig übers Netz, neuerdings werden sie aber nicht immer von TV-Kameras live eingefangen .;prozess;rein;done;inanim;;frei;+;nd;+;+;nd;nd;nd;nd;nd;nd;nd;nd;nd;nd;nd;nd;nd;nd;nd;nd;nd;nd
171;VVIZU;ADJD;wiederverwerten;10;NZZ_1998_01_31_a227_seg3_s3;9;Full|zu;Allerdings hat Eagleton den Hang, seine Schriften fleissig wiederzuverwerten, und das tut er hier - seine Behauptung, das Selbstplagiat sei ein Teil der postmodernen Praxis, kommt allzu billig daher .;prozess;agensorientiert;done;anim;;frei;+;nd;+;nd;+;nd;nd;nd;nd;nd;nd;nd;nd;nd;nd;nd;nd;nd;nd;nd;nd;nd
172;VVFIN;ADJD;stricken;5;NZZ_1999_04_23_a256_seg2_s2;6;Full|3|Pl|Pres|Ind;Einige Journalisten und Journalistinnen stricken fleissig an dieser Lüge mit .;prozess;agensorientiert;done;anim;;frei;+;nd;+;nd;+;nd;nd;nd;nd;nd;nd;nd;nd;nd;nd;nd;nd;nd;nd;nd;nd;nd
173;VVFIN;ADJD;üben;16;NZZ_1999_07_09_a162_seg11_s3;20;Full|3|Pl|Pres|Ind;Man schreibt das Jahr 1943, Amerikas Männer stehen an Europas Kriegsfronten und ihre Frauen üben sich zu Hause fleissig als Lückenfüller .;prozess;agensorientiert;done;anim;;frei;+;nd;+;nd;+;nd;nd;nd;nd;nd;nd;nd;nd;nd;nd;nd;nd;nd;nd;nd;nd;nd
174;VVFIN;ADJD;beschaffen;48;NZZ_1998_08_13_a113_seg7_s4;46;Full|3|Sg|Past|Ind;Und Yetnikoff wäre nicht fünfzehn Jahre lang der mächtigste Mann im Musikbusiness geblieben, wenn er nicht die Regeln beherrscht hätte : er umgab sich mit den richtigen Leuten, sorgte für die einen ( beispielsweise für den Musikanwalt Allen Grubman, dem er so fleissig Klienten beschaffte, bis der fast zum Monopolisten geworden war ), arrangierte sich mit eingeschliffenen quasi-mafiosen Strukturen wie dem « Network » und sorgte mit ordinären Interviews für hohen Unterhaltungswert und ein hohes Mass an Anerkennung in der Öffentlichkeit und bei den Künstlern, die sich von CBS vertreten liessen .;prozess;agensorientiert;done;anim;;frei;+;nd;+;nd;+;nd;nd;nd;nd;nd;nd;nd;nd;nd;nd;nd;nd;nd;nd;nd;nd;nd
175;VVPP;ADJD;kaufen;6;NZZ_1998_06_26_a206_seg3_s5;4;Full|Psp;Es wurden weiter fleissig Bildchen gekauft, und immer wieder wurde er und nicht Ronaldo aus dem gierig aufgerissenen Beutelchen hervorgekramt .;prozess;agensorientiert;done;unknown;;frei;+;nd;+;nd;+;nd;nd;nd;nd;nd;nd;nd;nd;nd;nd;nd;nd;nd;nd;nd;nd;nd
176;VVPP;ADJD;mauern;5;NZZ_1993_07_31_a151_seg4_s8;4;Full|Psp;Unbekleidet wird auch fleissig gemauert, Rezession in der Bauwirtschaft hin oder her .;prozess;agensorientiert;done;unknown;;frei;+;nd;+;nd;+;nd;nd;nd;nd;nd;nd;nd;nd;nd;nd;nd;nd;nd;nd;nd;nd;nd
177;VVPP;ADJD;zusammenzimmern;19;NZZ_1996_02_19_a104_seg3_s3;17;Full|Psp;Seit das ehemalige Flughafen-Nachtlokal « Blackout » vor wenigen Wochen geschlossen worden ist, werden darin fleissig Blockhütten zusammengezimmert, Panoramawände bemalt und massive Felsbrocken hineingekarrt .;prozess;agensorientiert;done;unknown;;frei;+;nd;+;nd;+;nd;nd;nd;nd;nd;nd;nd;nd;nd;nd;nd;nd;nd;nd;nd;nd;nd
178;VVFIN;ADJD;ausstoßen;11;NZZ_1999_01_22_a187_seg4_s1;10;Full|3|Sg|Pres|Ind;Die Remakes, die das Fliessband in Hollywood so fleissig ausstösst, erfüllen normalerweise die immergleichen Kriterien ( obschon in sehr unterschiedlicher Qualität ) : Was früher einmal erfolgreich war, soll heute noch einmal erfolgreich sein .;prozess;rein;done;inanim;;frei;+;nd;+;+;nd;nd;nd;nd;nd;nd;nd;nd;nd;nd;nd;nd;nd;nd;nd;nd;nd;nd
179;VVFIN;ADJD;verkünden;54;NZZ_1998_09_19_a153_seg2_s2;49;Full|3|Pl|Pres|Ind;In seinem neuesten Buch kommt nun endlich deutlich zum Vorschein, was Slavoi Zizeks vergnügliche Spinnereien stets zu verdecken drohten : Zizek ist alles andere als ein postmoderner Blender, vielmehr einer, der sich clair et distinct sowohl gegen die modischen Designerphilosophen verwahrt, die noch immer fleissig den Tod des Subjekt verkünden, als auch gegen alle Metaphysiker und modernen Obskurantisten, die von einem vitalistischen oder animalistischen Kern des Menschen faseln .;prozess;agensorientiert;done;anim;;frei;+;nd;+;nd;+;nd;nd;nd;nd;nd;nd;nd;nd;nd;nd;nd;nd;nd;nd;nd;nd;nd
180;VVINF;ADJD;rauchen;9;NZZ_1994_07_08_a92_seg3_s13;7;Full|-2;Da Mann wie Frau vielfach auch fleissig zu rauchen pflegen, braucht es nicht notwendigerweise eine Grillparty im Wald, um diesen in Brand zu setzen .;prozess;agensorientiert;done;anim;;frei;+;nd;+;nd;+;nd;nd;nd;nd;nd;nd;nd;nd;nd;nd;nd;nd;nd;nd;nd;nd;nd
181;VVPP;ADJD;proben;10;NZZ_1997_07_05_a195_seg3_s10;4;Full|Psp;Deshalb wird hier fleissig die Arrondierung der eigenen Position geprobt .;prozess;agensorientiert;done;unknown;;frei;+;nd;+;nd;+;nd;nd;nd;nd;nd;nd;nd;nd;nd;nd;nd;nd;nd;nd;nd;nd;nd
182;VVPP;ADJD;manipulieren;46;NZZ_1998_06_20_a248_seg4_s20;45;Full|Psp;Und weil diese Reichweite durch den Umstand akzentuiert wird, dass in Iran Fussballstadien als Plattform der Opposition genutzt werden ( weil in Stadien die Einhaltung von Verhaltensvorschriften schwer kontrollierbar ist ), wird wohl an den Schaltpulten im Teheraner Fernsehstudio am Sonntag abend fleissig manipuliert werden .;prozess;agensorientiert;done;unknown;;frei;+;nd;+;nd;+;nd;nd;nd;nd;nd;nd;nd;nd;nd;nd;nd;nd;nd;nd;nd;nd;nd
183;VVINF;ADJD;spritzen;35;NZZ_1999_06_11_a213_seg6_s2;33;Full|-2;Wenn Pantani mit, Liter Blut sich mit, Liter Hämatokrit ( = 50% ) schlafen legt, hat er am nächsten Morgen zwar noch immer, Liter Hämatokrit ( wenn er fleissig EPO spritzen sollte, auch geringfügig mehr ), aber bei einem Schweissverlust von einem Liter in der Nacht hat er wahrscheinlich nur noch etwa, Liter Blut und damit auch ohne EPO einen Hämatokritwert von, .;prozess;agensorientiert;done;anim;;frei;+;nd;+;nd;+;nd;nd;nd;nd;nd;nd;nd;nd;nd;nd;nd;nd;nd;nd;nd;nd;nd
184;VVFIN;ADJD;abwaschen;15;NZZ_1998_01_23_a146_seg3_s35;14;Full|3|Pl|Pres|Ind;Vielleicht ist dann auch zu vernehmen, ob Mädchen, die heute schon fleissig abwaschen, zwingend ein blitzblankes, aber innerlich dumpfes Hausfrauendasein vor sich haben ...;prozess;agensorientiert;done;anim;;frei;+;nd;+;nd;+;nd;nd;nd;nd;nd;nd;nd;nd;nd;nd;nd;nd;nd;nd;nd;nd;nd
185;VVPP;ADJD;machen;18;NZZ_1995_11_18_a108_seg12_s2;13;Full|Psp;Das Dixhuitième scheint sich wieder grösserer Beliebtheit zu erfreuen - jedenfalls werden fleissig Autoren und Texte zugänglich gemacht, deren Beitrag zur Wissenschaft aus der Perspektive des 20. Jahrhunderts vornehmlich kulturhistorisch zu würdigen ist .;prozess;agensorientiert;done;unknown;;frei;+;nd;+;nd;+;nd;nd;nd;nd;nd;nd;nd;nd;nd;nd;nd;nd;nd;nd;nd;nd;nd
186;VVPP;ADJD;putzen;12;NZZ_1999_11_27_a28_seg13_s12;11;Full|Psp;Im Sichtfeld der verwaisten amerikanischen Botschaft, deren Fenster dennoch fleissig geputzt werden, steht immer noch trotzig das Riesenschild, auf dem ein mit Gewehr bewaffneter Kubaner fröhlich dem hilflos seine Arme ringenden « Uncle Sam » übers Meer zuruft : « Herren Imperialisten !;prozess;agensorientiert;done;unknown;;frei;+;nd;+;nd;+;nd;nd;nd;nd;nd;nd;nd;nd;nd;nd;nd;nd;nd;nd;nd;nd;nd
187;VVPP;ADJD;emittieren;6;NZZ_1999_05_25_a70_seg17_s3;5;Full|Psp;Im Euro-Segment wurde hingegen fleissig emittiert .;prozess;agensorientiert;done;unknown;;frei;+;nd;+;nd;+;nd;nd;nd;nd;nd;nd;nd;nd;nd;nd;nd;nd;nd;nd;nd;nd;nd
188;VVFIN;ADJD;wetteifern;2;NZZ_1998_08_20_a144_seg2_s3;3;Full|3|Pl|Pres|Ind;Sie wetteifern fleissig untereinander darum, welche denn nun das endgültig hundertprozentige verwegenste Super-Grrrrlie sei .;prozess;agensorientiert;done;anim;;frei;+;nd;+;nd;+;nd;nd;nd;nd;nd;nd;nd;nd;nd;nd;nd;nd;nd;nd;nd;nd;nd
189;VVFIN;ADJD;belegen;20;;14;Full|-2;, erreichte fast beängstigende Proportionen, wie die von seinen Schülern und Assistenten fleissig à jour gehaltenen bibliographischen Verzeichnisse belegen .;nd;nd;not of interest;;ModADJ;;nd;nd;nd;nd;nd;nd;nd;nd;nd;nd;nd;nd;nd;nd;nd;nd;nd;nd;nd;nd;nd;nd
190;VVFIN;ADJD;produzieren;2;NZZ_1998_04_14_a159_seg3_s12;7;Full|3|Sg|Past|Ind;So produzierte denn der Kulturschock weiter fleissig Vergleiche und Ideen, die hinaus- bzw. zwischenzurufen ins zürcherische Kulturleben ich mir alsogleich vornahm .;prozess;rein;done;inanim;;frei;+;nd;+;+;nd;nd;nd;nd;nd;nd;nd;nd;nd;nd;nd;nd;nd;nd;nd;nd;nd;nd
191;VVFIN;ADJD;machen;15;NZZ_1998_02_17_a211_seg3_s16;11;Full|3|Pl|Pres|Ind;Gerade hier aber ergibt sich für die Neidsteuer-Protagonisten, die fleissig Anleihen im Ausland machen, ein warnendes Beispiel : Über die deutsche Telekom-Aktie kann man vieles sagen, nur nicht, dass sie ein Renner ist ( Verlustabzug ! );prozess;agensorientiert;done;anim;;frei;+;nd;+;nd;+;nd;nd;nd;nd;nd;nd;nd;nd;nd;nd;nd;nd;nd;nd;nd;nd;nd
192;VVPP;ADJD;leisten;29;NZZ_1998_10_14_a118_seg6_s5;19;Full|Psp;Zwanzig Meter weiter entdecke ich den Stammtisch von Netz, den Stand mit den vollsten Aschenbechern, wo fleissig Lobbyarbeit für die junge Schweizer ( Netz- ) Literatur geleistet wird .;prozess;agensorientiert;done;unknown;;frei;+;nd;+;nd;+;nd;nd;nd;nd;nd;nd;nd;nd;nd;nd;nd;nd;nd;nd;nd;nd;nd
193;VVPP;ADJD;lesen;18;NZZ_1994_11_10_a118_seg8_s12;17;Full|Psp;Noch vor ein paar Jahren wurde auch dänische Schriftstellerinnen wie Dea Trier Mørch und Susanne Brøgger fleissig gelesen, heute liest man höchstens den Dänen Peter Høeg und die Isländerin Vigdis Grímsdóttir, deren Roman « Das Mädchen im Walde » einer der Bewerber um den Literaturpreis des Nordischen Rates für 1994 ist .;prozess;agensorientiert;done;unknown;;frei;+;nd;+;nd;+;nd;nd;nd;nd;nd;nd;nd;nd;nd;nd;nd;nd;nd;nd;nd;nd;nd
194;VVPP;ADJD;sammeln;6;NZZ_1998_03_18_a159_seg49_s4;4;Full|Psp;Wer früher schon fleissig Reich-Platten gesammelt hat, braucht mit dem Erwerb der neuen Edition seine alten Aufnahmen jedoch nicht gleich alle zu verschenken .;prozess;agensorientiert;done;anim;;frei;+;nd;+;nd;+;nd;nd;nd;nd;nd;nd;nd;nd;nd;nd;nd;nd;nd;nd;nd;nd;nd
195;VVPP;ADJD;kolportieren;9;NZZ_1995_09_08_a184_seg12_s5;8;Full|Psp;Gemäss Eigenwerbung, die von der Presse fleissig kolportiert wird, soll das neue Format eine höhere Auflösung haben und den menschlichen Wahrnehmungsgewohnheiten besser entsprechen .;prozess;agensorientiert;done;anim_like;;frei;+;nd;+;nd;+;nd;nd;nd;nd;nd;nd;nd;nd;nd;nd;nd;nd;nd;nd;nd;nd;nd
196;VVFIN;ADJD;wackeln;12;NZZ_1994_12_13_a172_seg3_s19;14;Full|3|Sg|Past|Ind;Selbst der Kameramann konnte sich offenbar der Kampfeuphorie nicht entziehen und wackelte unnötigerweise fleissig mit .;prozess;agensorientiert;done;anim;;frei;+;nd;+;nd;+;nd;nd;nd;nd;nd;nd;nd;nd;nd;nd;nd;nd;nd;nd;nd;nd;nd
197;VVPP;ADJD;jubeln;6;NZZ_1999_02_13_a241_seg9_s28;5;Full|Psp;Und da ist schon fleissig gejubelt worden .;prozess;agensorientiert;done;unknown;;frei;+;nd;+;nd;+;nd;nd;nd;nd;nd;nd;nd;nd;nd;nd;nd;nd;nd;nd;nd;nd;nd
198;VVFIN;ADJD;hinterlassen;31;NZZ_1996_02_15_a78_seg4_s3;29;Full|3|Pl|Pres|Ind;Bei den Mystery-Wochenenden handelt es sich um Rätselspiele, welche von professionellen Spielerfindern vorbereitet werden, und mitten in der bunten Gästeschar stecken ein paar Eingeweihte, die fleissig Spuren hinterlassen .;prozess;agensorientiert;done;anim;;frei;+;nd;+;nd;+;nd;nd;nd;nd;nd;nd;nd;nd;nd;nd;nd;nd;nd;nd;nd;nd;nd
199;VVFIN;ADJD;machen;13;NZZ_1996_01_25_a202_seg4_s18;14;Full|3|Pl|Pres|Ind;Die Motivation seitens der Schüler ist teilweise äusserst gering, andere hingegen machen fleissig mit und können sich auch schon recht gut in Deutsch ausdrücken .;prozess;agensorientiert;done;anim;;frei;+;nd;+;nd;+;nd;nd;nd;nd;nd;nd;nd;nd;nd;nd;nd;nd;nd;nd;nd;nd;nd
200;VVPP;ADJD;arbeiten;9;NZZ_1996_09_27_a204_seg12_s4;8;Full|Psp;Und noch heute wird an dem Mythos fleissig gearbeitet .;prozess;agensorientiert;done;unknown;;frei;+;nd;+;nd;+;nd;nd;nd;nd;nd;nd;nd;nd;nd;nd;nd;nd;nd;nd;nd;nd;nd
