Interne-ID;Function-Head;Funktion-Hit;Head;ID-Head;ID-NZZ;ID-Token;Meta-Kopf;sentence;Oberkategorie;Unterkategorie;Status;Kommentar;externe Funktion;prozess;pFREQ;AuW;pure;agent;method;degree;proposition;KONJ;FRAME;SADV;extern;KAUS;TEMP;FREQ;BU;LOC;intern;INST;KOM;SH;iLOC
1;VVPP;ADJD;belohnen;12;NZZ_1998_03_21_a54_seg8_s17;11;Full|Psp;Früher sahen sich die Biologen für ihre Beobachtungen des Tierverhaltens wissenschaftlich belohnt, heute vorzugsweise für das Beobachten von Zellverhalten .;nd;nd;done;ambig F/M;frei;nd;nd;nd;nd;nd;nd;nd;nd;nd;nd;nd;nd;nd;nd;nd;nd;nd;nd;nd;nd;nd;nd
2;VVFIN;ADJD;verleihen;19;NZZ_1998_04_21_a115_seg4_s12;28;Full|3|Pl|Pres|Ind;Die « beigelegten Informationen », deren « sorgfältige Lektüre » einem füglich ans Herz gelegt wird, verleihen zunächst der verheissenen Auszeichnung eine Aura solider, wissenschaftlich fundierter Glaubwürdigkeit .;nd;nd;not of interest;ModADJ;;nd;nd;nd;nd;nd;nd;nd;nd;nd;nd;nd;nd;nd;nd;nd;nd;nd;nd;nd;nd;nd;nd
3;VVPP;ADJD;überprüfen;9;NZZ_1995_01_30_a36_seg3_s7;8;Full|Psp;Die Wirkung der Mittel wird aber oft wissenschaftlich überprüft, und die Informationen werden auch, im Sinn einer bewusst geförderten eigenständigen Entwicklung, systematisch gesammelt und vermittelt .;prozess;methodenorientiert;done;;frei;+;nd;+;nd;nd;+;nd;nd;nd;nd;nd;nd;nd;nd;nd;nd;nd;nd;nd;nd;nd;nd
4;VVPP;ADJD;anzweifeln;23;NZZ_1999_12_28_a202_seg2_s5;20;Full|Psp;Darwins Erkenntnis, dass die Welt, der Kosmos, durch Evolution den heutigen Zustand erreicht hat, wird wissenschaftlich kaum noch angezweifelt .;proposition;Frameadverbial;done;Stellung;frei;nd;nd;nd;nd;nd;nd;nd;+;nd;+;nd;nd;nd;nd;nd;nd;nd;nd;nd;nd;nd;nd
5;VVPP;ADJD;untersuchen;5;NZZ_1998_01_22_a233_seg10_s12;4;Full|Psp;Dieser Befund ist wissenschaftlich untersucht .;nd;nd;not of interest;ModPräd;;nd;nd;nd;nd;nd;nd;nd;nd;nd;nd;nd;nd;nd;nd;nd;nd;nd;nd;nd;nd;nd;nd
6;VVPP;ADJD;auswerten;5;NZZ_1998_04_22_a238_seg2_s16;4;Full|Psp;Die Vorfälle werden wissenschaftlich ausgewertet, und die Ergebnisse anschliessend allen Benützern zugänglich gemacht .;prozess;methodenorientiert;done;;frei;+;nd;+;nd;nd;+;nd;nd;nd;nd;nd;nd;nd;nd;nd;nd;nd;nd;nd;nd;nd;nd
7;VVPP;ADJD;beobachten;9;NZZ_1995_03_16_a151_seg3_s12;8;Full|Psp;40 Weisse Haie, während sieben Jahren wissenschaftlich beobachtet, gewährten einem Forscherteam erstmals Einblick in ihr Jagd- und Sozialverhalten .;prozess;methodenorientiert;done;;frei;+;nd;+;nd;nd;+;nd;nd;nd;nd;nd;nd;nd;nd;nd;nd;nd;nd;nd;nd;nd;nd
8;VVPP;ADJD;nachweisen;4;NZZ_1997_10_21_a57_seg3_s16;3;Full|Psp;Nur wenn wissenschaftlich nachgewiesen sei, dass die Jagd auf eine Walart deren Beständen und dem Ökosystem nicht abträglich sei und Jagdquoten strikt kontrolliert würden, stimme die Schweiz einem begrenzten kommerziellen Walfang zu .;nd;nd;not of interest;ModPräd;;nd;nd;nd;nd;nd;nd;nd;nd;nd;nd;nd;nd;nd;nd;nd;nd;nd;nd;nd;nd;nd;nd
9;VVPP;ADJD;begleiten;5;NZZ_1998_05_20_a188_seg3_s9;4;Full|Psp;Der Versuch soll wissenschaftlich begleitet werden .;prozess;methodenorientiert;done;;frei;+;nd;+;nd;nd;+;nd;nd;nd;nd;nd;nd;nd;nd;nd;nd;nd;nd;nd;nd;nd;nd
10;VVPP;ADJD;beweisen;13;NZZ_1997_08_21_a70_seg6_s7;12;Full|Psp;"Bis in zwei Jahren muss diese These von den angesprochenen Ausschüssen wissenschaftlich bewiesen werden ; im andern Fall droht der « Bannstrahl » der Codex-Alimentarius-Kommission .";prozess;methodenorientiert;done;;frei;+;nd;+;nd;nd;+;nd;nd;nd;nd;nd;nd;nd;nd;nd;nd;nd;nd;nd;nd;nd;nd
11;VMFIN;ADJD;können;41;NZZ_1995_06_01_a177_seg3_s36;36;Mod|3|Pl|Past|Subj;Gestenreich schildert er die Anlage von Hagar Qim und lässt keine Zweifel an seiner Überzeugung, dass zwischen dieser Tempelanlage auf Malta, Ggantija auf Gozo und Stonehenge Verbindungen bestanden haben, auch wenn sie wissenschaftlich noch nicht nachgewiesen werden könnten .;prozess;methodenorientiert;done;ambig F/M;frei;+;nd;+;nd;nd;+;nd;nd;nd;nd;nd;nd;nd;nd;nd;nd;nd;nd;nd;nd;nd;nd
12;VVPP;ADJD;erhärten;10;NZZ_1994_11_04_a118_seg11_s5;9;Full|Psp;Nach diesen Befunden, die die Autoren als wissenschaftlich erhärtet darstellen, weisen langjährige Tests für die Schwarzen in Amerika im Durchschnitt einen um 15 Punkte niedrigeren IQ als für die Weissen aus, während Ostasiaten einige Prozentpunkte ( die genaue Zahl ist gemäss Murray und Herrnstein nicht eindeutig geklärt ) über dem IQ-Durchschnitt der weissen Amerikaner liegen .;nd;nd;not of interest;Vergleich;;nd;nd;nd;nd;nd;nd;nd;nd;nd;nd;nd;nd;nd;nd;nd;nd;nd;nd;nd;nd;nd;nd
13;VVINF;ADJD;analysieren;13;NZZ_1993_08_25_a41_seg5_s2;11;Full|-2;Eine zweite Phase, in welcher begonnen wurde, Bewegungen wissenschaftlich zu analysieren .;prozess;methodenorientiert;done;;frei;+;nd;+;nd;nd;+;nd;nd;nd;nd;nd;nd;nd;nd;nd;nd;nd;nd;nd;nd;nd;nd
14;VVPP;ADJD;auswerten;22;NZZ_1994_03_24_a152_seg4_s10;21;Full|Psp;Daneben hat Bühlmann in den frühen fünfziger Jahren erste Erfahrungen mit der künstlichen Beatmung von Patienten mit Tetanus und Kinderlähmung wissenschaftlich ausgewertet .;prozess;methodenorientiert;done;;frei;+;nd;+;nd;nd;+;nd;nd;nd;nd;nd;nd;nd;nd;nd;nd;nd;nd;nd;nd;nd;nd
15;VVPP;ADJD;auswerten;35;NZZ_1994_08_30_a72_seg2_s27;34;Full|Psp;Und beschwichtigend wurde hinzugefügt, es handle sich um einen zeitlich ( bis Ende 1996 ) und umfangmässig ( höchstens 5 Heroingruppen zu maximal 50 Probanden ) beschränkten Versuch, der zudem streng wissenschaftlich ausgewertet werde .;prozess;methodenorientiert;done;;frei;+;nd;+;nd;nd;+;nd;nd;nd;nd;nd;nd;nd;nd;nd;nd;nd;nd;nd;nd;nd;nd
16;VVPP;ADJD;auswerten;61;NZZ_1998_02_04_a202_seg10_s14;60;Full|Psp;Diese hat nun wenigstens zur Folge, dass das inzwischen vom Army Corps of Engineers unter Verschluss gehaltene Skelett ( das aber offenbar nicht mit der gebotenen Sorgfalt behandelt wird und sogar schon den Umatilla- Indianern für irgendwelche Zeremonien vorübergehend zur Verfügung gestellt worden ist ) nicht vor einem richterlichen Entscheid den Indianern ausgehändigt, allerdings auch nicht weiter wissenschaftlich ausgewertet werden darf .;prozess;methodenorientiert;done;;frei;+;nd;+;nd;nd;+;nd;nd;nd;nd;nd;nd;nd;nd;nd;nd;nd;nd;nd;nd;nd;nd
17;VVPP;ADJD;entgegennehmen;14;NZZ_1996_12_17_a33_seg2_s19;12;Full|Psp;Und dennoch wird das, was er sagt, als « wissenschaftlich » entgegengenommen werden .;nd;nd;not of interest;Vergleich;;nd;nd;nd;nd;nd;nd;nd;nd;nd;nd;nd;nd;nd;nd;nd;nd;nd;nd;nd;nd;nd;nd
18;VVFIN;ADJD;forschen;5;NZZ_1995_02_13_a91_seg7_s4;21;Full|3|Pl|Pres|Ind;Die Mediziner und Psychologen forschen nach den Ursachen, der Krankheitsentwicklung und möglichen Therapieformen für diese « Ticks », wissenschaftlich als « Tourette-Syndrom » bekannt .;proposition;Frameadverbial;done;;frei;nd;nd;nd;nd;nd;nd;nd;+;nd;+;nd;nd;nd;nd;nd;nd;nd;nd;nd;nd;nd;nd
19;VVPP;ADJD;beweisen;17;NZZ_1998_01_05_a28_seg6_s14;16;Full|Psp;Mit gutem Gewissen bestand der Stadtrat auf seinem Recht, verlangte, was ihm ja wissenschaftlich bewiesen wurde, verlangte nicht nur wie seit zehn Jahren die Minimalisierung, sondern die Verbannung des Privatverkehrs .;prozess;methodenorientiert;done;;frei;+;nd;+;nd;nd;+;nd;nd;nd;nd;nd;nd;nd;nd;nd;nd;nd;nd;nd;nd;nd;nd
20;VVINF;ADJD;bestätigen;10;NZZ_1995_01_06_a119_seg5_s14;8;Full|-2;Ich bin froh, dass wir das wissenschaftlich nicht bestätigen können . »;proposition;Frameadverbial;done;Stellung;frei;nd;nd;nd;nd;nd;nd;nd;+;nd;+;nd;nd;nd;nd;nd;nd;nd;nd;nd;nd;nd;nd
21;VVPP;ADJD;erweisen;14;NZZ_1999_05_22_a77_seg1_s31;12;Full|Psp;Faktisch gelten damit jetzt schon diese rigiden Grenzwerte, deren Notwendigkeit wissenschaftlich nicht erwiesen ist .;proposition;Frameadverbial;done;Stellung;frei;nd;nd;nd;nd;nd;nd;nd;+;nd;+;nd;nd;nd;nd;nd;nd;nd;nd;nd;nd;nd;nd
22;VVPP;ADJD;betrachten;41;NZZ_1996_03_28_a3_seg3_s2;40;Full|3|Sg|Pres|Ind;In einer Abkehr von der bisherigen kategorischen Weigerung, zusätzliche Massnahmen zu ergreifen, hat Gesundheitsminister Dorrell angekündigt, dass nun doch Schritte unternommen werden müssten, um das Vertrauen der Konsumenten wiederherzustellen - auch wenn sich diese, wissenschaftlich betrachtet, nicht aufdrängten .;nd;nd;not of interest;ModADV;;nd;nd;nd;nd;nd;nd;nd;nd;nd;nd;nd;nd;nd;nd;nd;nd;nd;nd;nd;nd;nd;nd
23;VVIZU;ADJD;auswerten;23;NZZ_1994_08_06_a65_seg2_s24;22;Full|zu;Der Bundesrat könnte Stellung beziehen, ohne dass er den ursprünglichen Vorsatz fallenlassen müsste, die Versuche mit ärztlich abgegebenen Betäubungsmitteln wissenschaftlich auszuwerten, bevor daraus politische Schlüsse gezogen werden .;prozess;methodenorientiert;done;;frei;+;nd;+;nd;nd;+;nd;nd;nd;nd;nd;nd;nd;nd;nd;nd;nd;nd;nd;nd;nd;nd
24;VVPP;ADJD;evaluieren;10;NZZ_1998_06_05_a167_seg3_s18;9;Full|Psp;Überdies wird das Projekt von einem externen Forschungsinstitut wissenschaftlich evaluiert .;prozess;methodenorientiert;done;;frei;+;nd;+;nd;nd;+;nd;nd;nd;nd;nd;nd;nd;nd;nd;nd;nd;nd;nd;nd;nd;nd
25;VVPP;ADJD;überprüfen;18;NZZ_1998_09_15_a32_seg3_s7;17;Full|Psp;Gegenüber den Greenpeace-Vertretern sagte der Basler FDP- Nationalrat und Novartis-Werkleiter Johannes Randegger, der Mais sei wissenschaftlich überprüft und könne bedenkenlos verwertet werden .;nd;nd;not of interest;ModPräd;;nd;nd;nd;nd;nd;nd;nd;nd;nd;nd;nd;nd;nd;nd;nd;nd;nd;nd;nd;nd;nd;nd
26;VVINF;ADJD;stützen;35;NZZ_1995_02_18_a125_seg2_s9;30;Full|-2;Woher, so fragt Habermasens bekanntester Schüler, den Massstab der Kritik nehmen, wenn man sich nicht auf eine angebliche « Natur » des Menschen oder ein « wissenschaftlich » verbrieftes historisches Entwicklungsgesetz stützen will und kann ?;nd;nd;not of interest;ModADJ;;nd;nd;nd;nd;nd;nd;nd;nd;nd;nd;nd;nd;nd;nd;nd;nd;nd;nd;nd;nd;nd;nd
27;VVPP;ADJD;sehen;4;NZZ_1998_09_02_a152_seg9_s21;3;Full|Psp;Sex - wissenschaftlich gesehen ( 2 ) .;prozess;methodenorientiert;done;title;frei;+;nd;+;nd;nd;+;nd;nd;nd;nd;nd;nd;nd;nd;nd;nd;nd;nd;nd;nd;nd;nd
28;VVINF;ADJD;untersuchen;25;NZZ_1994_08_03_a90_seg8_s3;24;Full|-2;Das Bundesamt für Industrie, Gewerbe und Arbeit ( Biga ) hatte zwar den Auftrag erhalten, die Wechselwirkungen zwischen Gesundheit und Arbeitslosigkeit wissenschaftlich untersuchen zu lassen .;prozess;methodenorientiert;done;;frei;+;nd;+;nd;nd;+;nd;nd;nd;nd;nd;nd;nd;nd;nd;nd;nd;nd;nd;nd;nd;nd
29;VVPP;ADJD;erforschen;33;NZZ_1993_12_09_a204_seg4_s3;32;Full|Psp;In den Walliser Alpen bearbeiten die Archäologen auf 2500 Metern Höhe eine 4500 Jahre alte Fundstelle, und dank einem Beitrag des Nationalfonds wird im deutschen Wörlitz die Sammlung schweizerischer Glasgemälde wissenschaftlich erforscht .;prozess;methodenorientiert;done;;frei;+;nd;+;nd;nd;+;nd;nd;nd;nd;nd;nd;nd;nd;nd;nd;nd;nd;nd;nd;nd;nd
30;VVPP;ADJD;anerkennen;16;NZZ_1995_08_26_a66_seg6_s5;15;Full|Psp;Nimmt man diese drei Punkte als Gradmesser, sieht in vielen Tiergärten, ob wissenschaftlich anerkannt oder nicht, die Bilanz niederschmetternd aus .;nd;nd;not of interest;ModPräd;;nd;nd;nd;nd;nd;nd;nd;nd;nd;nd;nd;nd;nd;nd;nd;nd;nd;nd;nd;nd;nd;nd
31;VVPP;ADJD;lernen;27;NZZ_1996_12_10_a63_seg13_s2;21;Full|Psp;Er hatte in Bern, Heidelberg und Berlin studiert und in Briefen an seine Eltern betont, dass er « wissenschaftlich besonders von Prof. Kocher viel gelernt » hatte .;proposition;Frameadverbial;done;;frei;nd;nd;nd;nd;nd;nd;nd;+;nd;+;nd;nd;nd;nd;nd;nd;nd;nd;nd;nd;nd;nd
32;VVPP;ADJD;begründen;32;NZZ_1999_10_30_a160_seg7_s9;31;Full|Psp;Stoeckers Verständnis des Todes als Grenze des Lebens, dem als letzte Phase in der Regel ( ausser bei brutalster Gewalt ) das Sterben zugehört, überzeugt, weil es wissenschaftlich begründet und mit alltäglichen Todesauffassungen vereinbar ist .;nd;nd;not of interest;ModPräd;;nd;nd;nd;nd;nd;nd;nd;nd;nd;nd;nd;nd;nd;nd;nd;nd;nd;nd;nd;nd;nd;nd
33;VVPP;ADJD;begründen;7;NZZ_1999_06_02_a209_seg4_s39;5;Full|Psp;Der Faktor 10 kann wissenschaftlich nicht begründet werden .;proposition;Frameadverbial;done;Stellung;frei;nd;nd;nd;nd;nd;nd;nd;+;nd;+;nd;nd;nd;nd;nd;nd;nd;nd;nd;nd;nd;nd
34;VVPP;ADJD;begründen;14;NZZ_1995_03_09_a244_seg10_s7;13;Full|Psp;Abgesehen davon, dass das Ausmass einer geforderten Verminderung von Schadstoffen kaum wissenschaftlich begründet werden kann, sondern in der Regel das Resultat politischen Ausfeilschens ist, wird hier stellvertretend eine Flussgrösse zu limitieren versucht statt der wirkungsrelevanten Bestandesgrösse .;prozess;methodenorientiert;done;;frei;+;nd;+;nd;nd;+;nd;nd;nd;nd;nd;nd;nd;nd;nd;nd;nd;nd;nd;nd;nd;nd
35;VVFIN;ADJD;fundieren;41;NZZ_1996_09_23_a219_seg8_s2;40;Full|3|Sg|Past|Ind;Medizin bzw. ärztliche Tätigkeit war grundsätzlich von dem Moment an reguliert, wo sie sich die Heilung von und später auch die Bewahrung vor Krankheit in der ganzen Bevölkerung zum Ziele setzte und sich als - wie auch immer wissenschaftlich fundierte - Schulmedizin verstand .;nd;nd;not of interest;ModADJ;;nd;nd;nd;nd;nd;nd;nd;nd;nd;nd;nd;nd;nd;nd;nd;nd;nd;nd;nd;nd;nd;nd
36;VVPP;ADJD;erfassen;10;NZZ_1999_07_15_a188_seg27_s3;9;Full|Psp;Die rund 8500 Arten aus 50 Pflanzenfamilien wurden wissenschaftlich erfasst .;prozess;methodenorientiert;done;;frei;+;nd;+;nd;nd;+;nd;nd;nd;nd;nd;nd;nd;nd;nd;nd;nd;nd;nd;nd;nd;nd
37;VVPP;ADJD;bewerten;10;NZZ_1996_08_03_a10_seg5_s2;9;Full|Psp;Die Ergebnisse der jetzt bekanntgewordenen Untersuchung müssten sofort wissenschaftlich bewertet werden, erklärte Landwirtschaftsminister Borchert am Freitag in Bonn .;prozess;methodenorientiert;done;;frei;+;nd;+;nd;nd;+;nd;nd;nd;nd;nd;nd;nd;nd;nd;nd;nd;nd;nd;nd;nd;nd
38;VVINF;ADJD;beweisen;15;NZZ_1995_02_06_a33_seg7_s2;14;Full|-2;Zudem müsse jede Person, die eine neue Therapie gefunden hat, diese wissenschaftlich beweisen können .;prozess;methodenorientiert;done;;frei;+;nd;+;nd;nd;+;nd;nd;nd;nd;nd;nd;nd;nd;nd;nd;nd;nd;nd;nd;nd;nd
39;VVPP;ADJD;kooperieren;23;NZZ_1997_04_21_a81_seg4_s19;22;Full|Psp;Bäuerle verhehlt im Gespräch auch nicht, dass Tularik sogar mehr bieten kann als jenes deutsche Pharmaunternehmen, mit dem er wissenschaftlich kooperiert hatte .;prozess;methodenorientiert;done;;frei;+;nd;+;nd;nd;+;nd;nd;nd;nd;nd;nd;nd;nd;nd;nd;nd;nd;nd;nd;nd;nd
40;VVPP;ADJD;untersuchen;33;NZZ_1997_02_25_a25_seg14_s12;32;Full|Psp;Eine der Hauptursachen für das Weglaufen ortet sie auch im Unverständnis für die hormonelle Umstellung während der Pubertät und deren Auswirkungen auf die Psyche, die ihres Wissens bisher noch nie wissenschaftlich untersucht worden sind .;prozess;methodenorientiert;done;;frei;+;nd;+;nd;nd;+;nd;nd;nd;nd;nd;nd;nd;nd;nd;nd;nd;nd;nd;nd;nd;nd
41;VVINF;ADJD;weglassen;27;NZZ_1993_08_06_a35_seg2_s2;23;Full|-2;Der scheinbar prestigegeladene Name Berufsmatur müsste einfach z. B. zu Berufsabitur abgeschwächt werden, und bei Fachhochschulreife würde ich den Begriff « wissenschaftlich » auch noch weglassen .;nd;nd;not of interest;Objektsprache;;nd;nd;nd;nd;nd;nd;nd;nd;nd;nd;nd;nd;nd;nd;nd;nd;nd;nd;nd;nd;nd;nd
42;VVPP;ADJD;auswerten;15;NZZ_1994_10_05_a119_seg4_s12;14;Full|Psp;Diese Beschlüsse seien gefällt worden, ohne dass die laufenden Versuche abgeschlossen und wissenschaftlich ausgewertet wurden .;prozess;methodenorientiert;done;;frei;+;nd;+;nd;nd;+;nd;nd;nd;nd;nd;nd;nd;nd;nd;nd;nd;nd;nd;nd;nd;nd
43;VVINF;ADJD;beurteilen;5;NZZ_1996_10_21_a46_seg14_s3;4;Full|-2;Um die Massnahmen wissenschaftlich beurteilen zu können, ist es notwendig, abzuschätzen, wie viele BSE-Fälle in den nächsten Jahren in welcher Altersgruppe auftreten werden und wie viele durch die vorgeschlagenen Massnahmen verhindert werden könnten .;prozess;methodenorientiert;done;;frei;+;nd;+;nd;nd;+;nd;nd;nd;nd;nd;nd;nd;nd;nd;nd;nd;nd;nd;nd;nd;nd
44;VVIZU;ADJD;auswerten;31;NZZ_1994_08_19_a103_seg2_s14;30;Full|zu;Unverständlich wirkt dann aber die Aussage, « der Bundesrat könnte Stellung beziehen, ohne dass er den ursprünglichen Vorsatz fallenlassen müsste, die Versuche mit ärztlich abgegebenen Betäubungsmitteln wissenschaftlich auszuwerten, bevor daraus politische Schlüsse gezogen werden » .;prozess;methodenorientiert;done;;frei;+;nd;+;nd;nd;+;nd;nd;nd;nd;nd;nd;nd;nd;nd;nd;nd;nd;nd;nd;nd;nd
45;VVPP;ADJD;bestätigen;29;NZZ_1998_07_31_a41_seg6_s7;28;Full|Psp;Diese Forschung wurde innerhalb einer von bedeutenden Fortschritten geprägten Medizin getätigt, die immer mehr biologische Erklärungen für die meisten als psychosomatisch bezeichneten Erkrankungen fand und Hypothesen wissenschaftlich bestätigt haben wollte .;prozess;methodenorientiert;done;;frei;+;nd;+;nd;nd;+;nd;nd;nd;nd;nd;nd;nd;nd;nd;nd;nd;nd;nd;nd;nd;nd
46;VVPP;ADJD;evaluieren;17;NZZ_1997_05_30_a5_seg22_s1;16;Full|Psp;Die Tätigkeit der im Kanton Zürich zuletzt eingerichteten regionalen Suchtpräventionsstelle Zürcher Oberland ist als erste wissenschaftlich evaluiert worden .;prozess;methodenorientiert;done;;frei;+;nd;+;nd;nd;+;nd;nd;nd;nd;nd;nd;nd;nd;nd;nd;nd;nd;nd;nd;nd;nd
47;VVINF;ADJD;lehren;20;NZZ_1999_03_31_a229_seg9_s24;17;Full|-2;Der Schritt zur Forderung gewisser Kreise, im Schulunterricht neben der Evolution die biblische Schöpfungsgeschichte als wissenschaftlich gleichwertig zu lehren, ist nicht mehr gross .;nd;nd;not of interest;Vergleich;;nd;nd;nd;nd;nd;nd;nd;nd;nd;nd;nd;nd;nd;nd;nd;nd;nd;nd;nd;nd;nd;nd
48;VVPP;ADJD;sprechen;16;NZZ_1999_08_07_a153_seg2_s11;15;Full|Psp;Aber dieses Scheinproblem löst sich sofort, wenn man die Bandbreite der Reinkarnationen, wissenschaftlich gesprochen : die Reinkarnationsamplitude berücksichtigt, die ja auch Migrationen zum tierischen und pflanzlichen Leib hie, zum göttlichen da, mit umgreift .;prozess;methodenorientiert;done;;frei;+;nd;+;nd;nd;+;nd;nd;nd;nd;nd;nd;nd;nd;nd;nd;nd;nd;nd;nd;nd;nd
49;VVFIN;ADJD;arbeiten;13;NZZ_1993_04_01_a70_seg10_s7;14;Full|3|Sg|Pres|Ind;Ein Vorwort Bundesrat Kaspar Villigers, mathematische Luftkriegmodelle im Anhang - Stahel arbeitet wissenschaftlich seit längerem auf dem Gebiet des Operations Research - sowie Tabellen, Photographien und ein Literaturverzeichnis ergänzen den Band .;proposition;Frameadverbial;done;Stellung;frei;nd;nd;nd;nd;nd;nd;nd;+;nd;+;nd;nd;nd;nd;nd;nd;nd;nd;nd;nd;nd;nd
50;VVPP;ADJD;erreichen;86;NZZ_1996_03_05_a47_seg7_s1;81;Full|Psp;Dass namhafte Schweizer Forscher hier ein rasches Umdenken fordern, hat allerdings wenig mit Mitleid gegenüber der benachteiligen Dritten Welt zu tun, sondern entspricht in erster Linie dem wohlverstandenen Eigeninteresse : Zum einen, so SPPU-Leiter Häberli, sei der Norden darauf angewiesen, dass es im Süden Fachleute gebe, die imstande seien, ihren Beitrag zur Lösung der lokalen, regionalen und globalen Probleme zu leisten, zum andern haben einige Entwicklungsländer ( zum Beispiel Indien ) wissenschaftlich ein sehr hohes Niveau erreicht, von dem auch die Forschung in den industrialisierten Ländern profitieren könne .;proposition;Frameadverbial;done;;frei;nd;nd;nd;nd;nd;nd;nd;+;nd;+;nd;nd;nd;nd;nd;nd;nd;nd;nd;nd;nd;nd
51;VVFIN;ADJD;begründen;17;NZZ_1993_02_16_a67_seg2_s1;16;Full|3|Sg|Past|Ind;Vor 15 Jahren verfasste der Psychoanalytiker Prof. Dr. Werthmann in Deutschland ein Gutachten, das wissenschaftlich begründete, dass die Gesprächspsychotherapie und die Verhaltenstherapie - im Gegensatz zur Psychoanalyse - als Methoden der Behandlung von seelischen Krankheiten mehr oder weniger ungeeignet seien .;prozess;methodenorientiert;done;;frei;+;nd;+;nd;nd;+;nd;nd;nd;nd;nd;nd;nd;nd;nd;nd;nd;nd;nd;nd;nd;nd
52;VVPP;ADJD;diskutieren;25;NZZ_1998_03_07_a28_seg7_s4;24;Full|Psp;"Ob der Anspruch Pearys, den Pol als erster erreicht zu haben, aufrechterhalten werden kann, wird seit den achtziger Jahren wieder wissenschaftlich diskutiert ; dass er sich durch eine Kombination von Navigationsfehlern und Irrtümern beim Eintrag der Berechnungen ins Expeditionstagebuch um fünfzig bis hundert Kilometer getäuscht haben könnte, ist nicht auszuschliessen .";prozess;methodenorientiert;done;;frei;+;nd;+;nd;nd;+;nd;nd;nd;nd;nd;nd;nd;nd;nd;nd;nd;nd;nd;nd;nd;nd
53;VVPP;ADJD;betrachten;17;NZZ_1996_05_11_a134_seg2_s4;16;Full|Psp;Das weiträumige Umfeld aber, die Gärten, ist während der letzten Jahrzehnte kaum mehr wissenschaftlich betrachtet worden .;prozess;methodenorientiert;done;;frei;+;nd;+;nd;nd;+;nd;nd;nd;nd;nd;nd;nd;nd;nd;nd;nd;nd;nd;nd;nd;nd
54;VVPP;ADJD;interessieren;12;NZZ_1999_11_25_a163_seg3_s32;11;Full|Psp;Kacz ist eben, wie die andern skurrilen Herren, wissenschaftlich interessiert .;nd;nd;not of interest;ModPräd;;nd;nd;nd;nd;nd;nd;nd;nd;nd;nd;nd;nd;nd;nd;nd;nd;nd;nd;nd;nd;nd;nd
55;VVPP;ADJD;verbrämen;89;NZZ_1994_05_20_a134_seg3_s14;88;Full|Psp;"Aber auch Seltsames ist zu sehen, so die amerikanischen « Fitter Families », die in den zwanziger Jahren wie wohlgeratene Schweine oder Kürbisse prämiert wurden, oder Habseligkeiten des kultisch verehrten Lyssenko, etwa ein Stück Eichenwurzel, das dieser ständig bei sich trug ; ebenso Schreckliches wie Akten und Aufnahmen von Euthanasieopfern und ( in Photos dokumentierte ) « Arbeiten » der 1936 beim Reichsgesundheitsamt eingerichteten « Erbwissenschaftlichen Forschungsstelle », die Vermessungen an « Zigeunern » vornahm, womit deren spätere Ermordung scheinbar wissenschaftlich verbrämt wurde .";prozess;methodenorientiert;done;;frei;+;nd;+;nd;nd;+;nd;nd;nd;nd;nd;nd;nd;nd;nd;nd;nd;nd;nd;nd;nd;nd
56;VVPP;ADJD;aufbereiten;23;NZZ_1999_08_21_a234_seg3_s13;22;Full|Psp;1998 dann haben sich Studenten und Dozenten des Berner Instituts für Kunstgeschichte gemeinsam mit dem Museum der Gemälde angenommen und sie wissenschaftlich aufbereitet .;prozess;methodenorientiert;done;;frei;+;nd;+;nd;nd;+;nd;nd;nd;nd;nd;nd;nd;nd;nd;nd;nd;nd;nd;nd;nd;nd
57;VVPP;ADJD;klären;10;NZZ_1997_12_27_a53_seg2_s6;6;Full|Psp;Warum Wale stranden, ist wissenschaftlich immer noch nicht geklärt .;proposition;Frameadverbial;done;Stellung;frei;nd;nd;nd;nd;nd;nd;nd;+;nd;+;nd;nd;nd;nd;nd;nd;nd;nd;nd;nd;nd;nd
58;VVPP;ADJD;bestätigen;18;NZZ_1997_03_06_a229_seg7_s3;17;Full|Psp;Es dürfte noch zehn oder mehr Jahre dauern, bis die heute als wahrscheinlich eingestufte Treibhausproblematik wissenschaftlich bestätigt oder aber verneint wird .;prozess;methodenorientiert;done;;frei;+;nd;+;nd;nd;+;nd;nd;nd;nd;nd;nd;nd;nd;nd;nd;nd;nd;nd;nd;nd;nd
59;VVFIN;ADJD;geben;2;NZZ_1993_12_30_a151_seg8_s8;5;Full|3|Sg|Pres|Ind;Zudem gibt es kaum wissenschaftlich fundierte Erkenntnisse über die Nebenwirkung der zahllosen Mischvarianten von Streckmitteln .;nd;nd;not of interest;ModADJ;;nd;nd;nd;nd;nd;nd;nd;nd;nd;nd;nd;nd;nd;nd;nd;nd;nd;nd;nd;nd;nd;nd
60;VVPP;ADJD;klären;13;NZZ_1995_07_07_a43_seg2_s8;9;Full|Psp;Bis heute ist auch die Beschaffenheit des Erregers wissenschaftlich noch nicht eindeutig geklärt .;proposition;Frameadverbial;done;Stellung;frei;nd;nd;nd;nd;nd;nd;nd;+;nd;+;nd;nd;nd;nd;nd;nd;nd;nd;nd;nd;nd;nd
61;VVINF;ADJD;untersuchen;18;NZZ_1994_10_28_a72_seg8_s2;16;Full|-2;Bereits im Juni schlug deshalb das Ratsbüro vor, die Ursachen der « Stadtratsflucht » wissenschaftlich zu untersuchen .;prozess;methodenorientiert;done;;frei;+;nd;+;nd;nd;+;nd;nd;nd;nd;nd;nd;nd;nd;nd;nd;nd;nd;nd;nd;nd;nd
62;VVFIN;ADJD;versuchen;11;NZZ_1994_09_28_a95_seg3_s22;10;Full|3|Sg|Past|Ind;Es war eine Tagung vornehmlich von Literaturwissenschaftern, und wissenschaftlich versuchte man sich denn auch dem Schriftsteller Johnson zu nähern .;prozess;methodenorientiert;done;;frei;+;nd;+;nd;nd;+;nd;nd;nd;nd;nd;nd;nd;nd;nd;nd;nd;nd;nd;nd;nd;nd
63;VVINF;ADJD;vermitteln;6;NZZ_1997_01_23_a203_seg8_s18;3;Full|-2;Lehrkräfte sollen wissenschaftlich begründetes Wissen vermitteln und den Fortgang des Wissensstandes in ihren Fächern verfolgen können .;prozess;methodenorientiert;done;syntaktisch ambig;frei;+;nd;+;nd;nd;+;nd;nd;nd;nd;nd;nd;nd;nd;nd;nd;nd;nd;nd;nd;nd;nd
64;VVPP;ADJD;fundieren;6;NZZ_1999_10_19_a129_seg3_s35;5;Full|Psp;Reich an Materialien, wissenschaftlich fundiert .;nd;nd;not of interest;"title; unvollständiger Satz";;nd;nd;nd;nd;nd;nd;nd;nd;nd;nd;nd;nd;nd;nd;nd;nd;nd;nd;nd;nd;nd;nd
65;VVINF;ADJD;untermauern;16;NZZ_1999_08_16_a107_seg6_s11;14;Full|-2;Evident ist in den Schriften das Bestreben, das leidenschaftliche Suchen vergangener Jahre wissenschaftlich zu untermauern .;prozess;methodenorientiert;done;;frei;+;nd;+;nd;nd;+;nd;nd;nd;nd;nd;nd;nd;nd;nd;nd;nd;nd;nd;nd;nd;nd
66;VVPP;ADJD;nachweisen;10;NZZ_1997_05_15_a57_seg3_s5;9;Full|Psp;Bedingung für die Kennzeichnungspflicht ist allerdings, dass wissenschaftlich nachgewiesen werden kann, dass sich die neuen Produkte von ihren traditionellen Vorgängern unterscheiden, so zum Beispiel wenn sich ihre Zusammensetzung, ihr Nährwert oder ihre Verwendbarkeit « wesentlich » verändert haben .;prozess;methodenorientiert;done;;frei;+;nd;+;nd;nd;+;nd;nd;nd;nd;nd;nd;nd;nd;nd;nd;nd;nd;nd;nd;nd;nd
67;VVPP;ADJD;untermauern;10;NZZ_1999_11_17_a203_seg8_s20;9;Full|Psp;Schliesslich ist sogar der Wert einer systematischen Fliegenbekämpfung wissenschaftlich untermauert worden .;prozess;methodenorientiert;done;;frei;+;nd;+;nd;nd;+;nd;nd;nd;nd;nd;nd;nd;nd;nd;nd;nd;nd;nd;nd;nd;nd
68;VVINF;ADJD;bestätigen;32;NZZ_1998_07_31_a41_seg6_s9;30;Full|-2;In den fünfziger Jahren verlor die « psychosomatische Bewegung » auf Grund ihrer mangelhaften Forschungsmethodik an Bedeutung und hinterliess wegen ihrer rigiden Haltung und des Unvermögens, ihre Hypothesen wissenschaftlich zu bestätigen, mehr Feinde als Freunde .;prozess;methodenorientiert;done;;frei;+;nd;+;nd;nd;+;nd;nd;nd;nd;nd;nd;nd;nd;nd;nd;nd;nd;nd;nd;nd;nd
69;VVPP;ADJD;bearbeiten;35;NZZ_1996_12_16_a33_seg3_s12;34;Full|Psp;Obwohl das Modewort « Identitätskrise » auf Vorbehalte stiess, stellt sich gleichwohl die Frage, weshalb historische Probleme, die bereits seit den fünfziger Jahren oder 1985 ( Raubgold ) nicht nur wissenschaftlich bearbeitet, sondern auch in der Öffentlichkeit diskutiert wurden, in den neunziger Jahren neu für grosse Unruhe sorgen .;prozess;methodenorientiert;done;;frei;+;nd;+;nd;nd;+;nd;nd;nd;nd;nd;nd;nd;nd;nd;nd;nd;nd;nd;nd;nd;nd
70;VVPP;ADJD;beweisen;19;NZZ_1999_10_07_a232_seg5_s34;17;Full|Psp;Die eine ist die streng wissenschaftliche : Man erlässt erst dann Verordnungen, wenn die Auswirkungen wissenschaftlich minuziös bewiesen sind .;nd;nd;not of interest;ModADJ;;nd;nd;nd;nd;nd;nd;nd;nd;nd;nd;nd;nd;nd;nd;nd;nd;nd;nd;nd;nd;nd;nd
71;VVPP;ADJD;belegen;9;NZZ_1998_07_24_a161_seg8_s3;6;Full|Psp;Derartige Wirkungen sind laut Brunner wissenschaftlich aber nicht belegt .;proposition;Frameadverbial;done;Stellung;frei;nd;nd;nd;nd;nd;nd;nd;+;nd;+;nd;nd;nd;nd;nd;nd;nd;nd;nd;nd;nd;nd
72;VVPP;ADJD;bearbeiten;20;NZZ_1997_11_24_a109_seg3_s7;19;Full|Psp;Ausserdem werden Grundlagen und Zusammenhänge des literarischen Lebens im Raum Kärnten - Friaul - Julisch Venetien und Slowenien wissenschaftlich bearbeitet und dokumentiert .;prozess;methodenorientiert;done;;frei;+;nd;+;nd;nd;+;nd;nd;nd;nd;nd;nd;nd;nd;nd;nd;nd;nd;nd;nd;nd;nd
73;VVPP;ADJD;befassen;17;NZZ_1996_07_19_a38_seg3_s2;16;Full|Psp;Im Gegensatz zur Architektur, die sich mit ihren geschichtlichen und theoretischen Grundlagen seit langem wissenschaftlich befasst und über eigene Museen verfügt, gab es bis jetzt im Bereich des Ingenieurwesens nichts Vergleichbares .;prozess;methodenorientiert;done;;frei;+;nd;+;nd;nd;+;nd;nd;nd;nd;nd;nd;nd;nd;nd;nd;nd;nd;nd;nd;nd;nd
74;VVPP;ADJD;belegen;10;NZZ_1995_02_18_a40_seg3_s9;8;Full|Psp;Ein gesetzgeberisches Vorgreifen wecke Erwartungen, die wissenschaftlich nicht belegt seien .;nd;nd;not of interest;ModPräd;;nd;nd;nd;nd;nd;nd;nd;nd;nd;nd;nd;nd;nd;nd;nd;nd;nd;nd;nd;nd;nd;nd
75;VVPP;ADJD;betreuen;23;NZZ_1999_11_27_a193_seg3_s17;22;Full|Psp;Schineller erhofft sich von dem Nachlass eine Aufwertung für das Purrmann-Haus in Speyer, wo das Werk des Künstlers gesammelt, wissenschaftlich betreut und ausgestellt wird .;prozess;methodenorientiert;done;;frei;+;nd;+;nd;nd;+;nd;nd;nd;nd;nd;nd;nd;nd;nd;nd;nd;nd;nd;nd;nd;nd
76;VVPP;ADJD;beweisen;47;NZZ_1997_08_23_a74_seg3_s2;43;Full|Psp;"Die neue Variante der Krankheit, die fast die gleichen Symptome wie die klassische Form aufweist, aber anders als diese auch junge Menschen befällt, nimmt einen ähnlichen Verlauf wie BSE ; einen direkten Zusammenhang zwischen den beiden Krankheiten ist aber wissenschaftlich bisher noch nicht bewiesen .";proposition;Frameadverbial;done;Stellung;frei;nd;nd;nd;nd;nd;nd;nd;+;nd;+;nd;nd;nd;nd;nd;nd;nd;nd;nd;nd;nd;nd
77;VVPP;ADJD;nachweisen;21;NZZ_1993_08_03_a112_seg3_s12;19;Full|Psp;Und das australische Tabak-Institut hat, wie zu erwarten war, einmal mehr darauf hingewiesen, dass es wissenschaftlich nicht nachgewiesen sei, dass passives Rauchen gesundheitliche Schäden verursache .;proposition;Frameadverbial;done;Stellung;frei;nd;nd;nd;nd;nd;nd;nd;+;nd;+;nd;nd;nd;nd;nd;nd;nd;nd;nd;nd;nd;nd
78;VVIZU;ADJD;auswerten;23;NZZ_1996_03_23_a217_seg4_s7;22;Full|zu;Da trat Louis Aragon auf den Plan und vermachte dem CNRS seinen gesamten schriftstellerischen Nachlass mit der ausdrücklichen Auflage, diesen wissenschaftlich auszuwerten und der Forschung zugänglich zu machen .;prozess;methodenorientiert;done;;frei;+;nd;+;nd;nd;+;nd;nd;nd;nd;nd;nd;nd;nd;nd;nd;nd;nd;nd;nd;nd;nd
79;VVINF;ADJD;vorgehen;14;NZZ_1995_03_29_a137_seg9_s6;13;Full|-2;Wenn jemand eine neue Therapiemethode einführen wolle, dann müsse die Person wissenschaftlich vorgehen, indem sie ihre Erkenntnisse einem Fachgremium unterbreite oder sie in einer Publikation präsentiere, damit ein Diskurs entstehe .;prozess;methodenorientiert;done;;frei;+;nd;+;nd;nd;+;nd;nd;nd;nd;nd;nd;nd;nd;nd;nd;nd;nd;nd;nd;nd;nd
80;VVPP;ADJD;belegen;8;NZZ_1996_03_22_a43_seg28_s8;7;Full|Psp;Dies wurde aber im Bericht nicht wissenschaftlich belegt .;prozess;methodenorientiert;done;;frei;+;nd;+;nd;nd;+;nd;nd;nd;nd;nd;nd;nd;nd;nd;nd;nd;nd;nd;nd;nd;nd
81;VVPP;ADJD;erforschen;24;NZZ_1998_05_22_a254_seg3_s2;23;Full|Psp;Im Dreieck Toulon - Genua - Korsika im Ligurischen Meer finden sich verschiedene Wal- und Delphin-Populationen, die seit ein paar Jahren wissenschaftlich erforscht werden .;prozess;methodenorientiert;done;;frei;+;nd;+;nd;nd;+;nd;nd;nd;nd;nd;nd;nd;nd;nd;nd;nd;nd;nd;nd;nd;nd
82;VVFIN;ADJD;arbeiten;16;NZZ_1999_12_29_a174_seg15_s1;8;Full|3|Sg|Pres|Ind;"* Stephan Wehowsky beschäftigt sich als Sozialwissenschafter wissenschaftlich mit Themen aus der Arbeitswelt ; er arbeitet als freier Journalist in Zug .";prozess;methodenorientiert;done;;frei;+;nd;+;nd;nd;+;nd;nd;nd;nd;nd;nd;nd;nd;nd;nd;nd;nd;nd;nd;nd;nd
83;VVPP;ADJD;testen;14;NZZ_1998_10_22_a51_seg4_s1;13;Full|Psp;crz. Bern, 20. Oktober Was man im kalifornischen Santa Monica bereits wissenschaftlich getestet hat - die Wirksamkeit von präventiven Massnahmen auf den Erhalt der Selbständigkeit von Betagten nämlich -, ist nun auch Gegenstand einer schweizerischen Untersuchung .;prozess;methodenorientiert;done;;frei;+;nd;+;nd;nd;+;nd;nd;nd;nd;nd;nd;nd;nd;nd;nd;nd;nd;nd;nd;nd;nd
84;VVFIN;ADJD;aufweisen;35;NZZ_1997_01_04_a138_seg5_s10;29;Full|3|Pl|Pres|Ind;Um das « Prestige » ( Froesch ) oder die « Unsterblichkeit » zu erlangen, wird ein grosser Teil der Zeit in Publikationen investiert, die oftmals wissenschaftlich keinen ( grossen ) Wert aufweisen .;proposition;Frameadverbial;done;;frei;nd;nd;nd;nd;nd;nd;nd;+;nd;+;nd;nd;nd;nd;nd;nd;nd;nd;nd;nd;nd;nd
85;VVFIN;ADJD;ausweisen;16;NZZ_1994_06_15_a119_seg8_s2;15;Full|-2;Seine Rechtfertigung sollte nicht mehr universellen Postulaten oder politischen Maximen folgen, sondern sich wissenschaftlich ausweisen : « Auf diesem Standpunkte muss das Verhältniss der Fremdheit, in welchem Juden und Judenthum bisher zur Aussenwelt gestanden, - verschwinden . »;prozess;methodenorientiert;done;;frei;+;nd;+;nd;nd;+;nd;nd;nd;nd;nd;nd;nd;nd;nd;nd;nd;nd;nd;nd;nd;nd
86;VVFIN;ADJD;anerkennen;18;NZZ_1996_11_05_a54_seg2_s5;17;Full|3|Sg|Past|Ind;In einem Gutachten akzeptierten die Psychiatrischen Dienste des Kantons Aargau die Behandlung jedoch nicht als « wissenschaftlich anerkannte und in der Medizin übliche Therapie » .;nd;nd;not of interest;ModADJ;;nd;nd;nd;nd;nd;nd;nd;nd;nd;nd;nd;nd;nd;nd;nd;nd;nd;nd;nd;nd;nd;nd
87;VVINF;ADJD;erforschen;35;NZZ_1998_08_29_a163_seg27_s5;27;Full|-2;Eine Expedition von Kletterern und Medizinern, die 1997 stattfand, verfolgte ein zweifaches Ziel : das « Dach der Welt » zu ersteigen und dort wissenschaftlich die Höhenwirkung auf den menschlichen Körper zu erforschen .;prozess;methodenorientiert;done;;frei;+;nd;+;nd;nd;+;nd;nd;nd;nd;nd;nd;nd;nd;nd;nd;nd;nd;nd;nd;nd;nd
88;VVINF;ADJD;herauskommen;6;NZZ_1996_02_20_a134_seg5_s2;5;Full|-2;Das muss nicht so wissenschaftlich herauskommen, wie es tönt : schon ein Mikrophonständer, der umkippt und dabei ein Geräusch von sich gibt, ist ein solches Experiment, ein neuer Sound, ein Schnipsel im Klangpuzzle, das zusammengesetzt dann eben ein Stück Trip Hop ergibt .;prozess;methodenorientiert;done;;frei;+;nd;+;nd;nd;+;nd;nd;nd;nd;nd;nd;nd;nd;nd;nd;nd;nd;nd;nd;nd;nd
89;VVFIN;ADJD;rechnen;14;NZZ_1995_01_11_a85_seg7_s1;16;Full|3|Sg|Past|Ind;In der Presse hat dieser Befund mehrheitlich zu einem Aha-Erlebnis geführt : Endlich rechnete jemand wissenschaftlich vor, was man eigentlich schon längst vermutet hatte .;prozess;methodenorientiert;done;;frei;+;nd;+;nd;nd;+;nd;nd;nd;nd;nd;nd;nd;nd;nd;nd;nd;nd;nd;nd;nd;nd
90;VVPP;ADJD;begründen;10;NZZ_1999_08_04_a28_seg1_s8;9;Full|Psp;Die pauschale Massnahme scheint eher willkürlich motiviert als wissenschaftlich begründet .;nd;nd;not of interest;ModPräd;;nd;nd;nd;nd;nd;nd;nd;nd;nd;nd;nd;nd;nd;nd;nd;nd;nd;nd;nd;nd;nd;nd
91;VVFIN;ADJD;forschen;17;NZZ_1995_05_02_a198_seg2_s7;16;Full|3|Sg|Pres|Ind;Fragen können hätte man im Rat beispielsweise, wer seit 1992 über Gottfried Keller « wissenschaftlich forscht » .;prozess;methodenorientiert;done;;frei;+;nd;+;nd;nd;+;nd;nd;nd;nd;nd;nd;nd;nd;nd;nd;nd;nd;nd;nd;nd;nd
92;VVPP;ADJD;sichern;41;NZZ_1999_08_30_a174_seg3_s15;40;Full|Psp;Zwar ist die Validität dieses Vergleiches von Werten, die nicht nur auf objektiv messbaren Kriterien ( Weite, Höhe, Zeiten ), sondern teilweise auch auf subjektiv schätzbaren Kriterien ( Technik, Ausführung ) beruhen, nicht wissenschaftlich gesichert, für eine einfache Prognose sind die Ergebnisse in der Praxis aber einigermassen aussagekräftig .;nd;nd;not of interest;ModPräd;;nd;nd;nd;nd;nd;nd;nd;nd;nd;nd;nd;nd;nd;nd;nd;nd;nd;nd;nd;nd;nd;nd
93;VVPP;ADJD;abhandeln;32;NZZ_1995_10_19_a149_seg3_s4;31;Full|Psp;Natürlich bestimmt das aktuelle Angebot auf dem Buchmarkt indirekt das Programm, weil es ja darum gehen soll, die Köpfe, die sich einen Stoff ausgedacht oder ein Thema wissenschaftlich abgehandelt haben, öffentlich zu machen, in sie hineinzuleuchten und gleichzeitig Bezüge innerhalb der thematisch gebündelten Abende herzustellen .;prozess;methodenorientiert;done;;frei;+;nd;+;nd;nd;+;nd;nd;nd;nd;nd;nd;nd;nd;nd;nd;nd;nd;nd;nd;nd;nd
94;VVFIN;ADJD;erhärten;3;NZZ_1996_04_13_a7_seg6_s7;2;Full|Psp;Als wissenschaftlich erhärtet gilt der seit 1990 beobachtete Anstieg von Schilddrüsentumoren bei Kindern .;nd;nd;not of interest;"ModADV; Vergleich";;nd;nd;nd;nd;nd;nd;nd;nd;nd;nd;nd;nd;nd;nd;nd;nd;nd;nd;nd;nd;nd;nd
95;VMFIN;ADJD;können;41;NZZ_1993_08_19_a116_seg2_s46;36;Mod|3|Pl|Past|Subj;Gestenreich schildert er die Anlage von Hagar Qim und lässt keinen Zweifel an seiner Überzeugung, dass zwischen dieser Tempelanlage auf Malta, Ggantija auf Gozo und Stonehenge Verbindungen bestanden haben, auch wenn sie wissenschaftlich noch nicht nachgewiesen werden könnten .;proposition;Frameadverbial;done;Stellung;frei;nd;nd;nd;nd;nd;nd;nd;+;nd;+;nd;nd;nd;nd;nd;nd;nd;nd;nd;nd;nd;nd
96;VVPP;ADJD;erstellen;4;NZZ_1995_10_07_a136_seg8_s6;3;Full|Psp;Es sei wissenschaftlich erstellt, dass er einen Blutalkoholgehalt von maximal 1 Gewichtspromille aufgewiesen habe .;nd;nd;not of interest;ModPräd;;nd;nd;nd;nd;nd;nd;nd;nd;nd;nd;nd;nd;nd;nd;nd;nd;nd;nd;nd;nd;nd;nd
97;VVIZU;ADJD;auswerten;28;NZZ_1997_10_23_a152_seg4_s18;27;Full|zu;Anhand des Fahrtenschreibers des Taxis käme nur ein einziger Tag für die Tat in Frage, die Untersuchungsbehörde habe es aber unterlassen, die entsprechende Kontrollkarte wissenschaftlich auszuwerten, weshalb selbst für diesen Tag die Grundlage zu einem Schuldspruch entfalle .;prozess;methodenorientiert;done;;frei;+;nd;+;nd;nd;+;nd;nd;nd;nd;nd;nd;nd;nd;nd;nd;nd;nd;nd;nd;nd;nd
98;VVPP;ADJD;aufarbeiten;18;NZZ_1994_05_30_a79_seg6_s25;17;Full|Psp;Connes interessantes Ouvre, das die Schau ohne Katalog erstmals zusammenhängend ausbreitet, verdiente es, wissenschaftlich aufgearbeitet zu werden .;prozess;methodenorientiert;done;;frei;+;nd;+;nd;nd;+;nd;nd;nd;nd;nd;nd;nd;nd;nd;nd;nd;nd;nd;nd;nd;nd
99;VVPP;ADJD;begründen;23;NZZ_1999_06_21_a43_seg9_s6;22;Full|Psp;Nicht im Sinne des Konsumenten ist jene WTO-Regel, die in einem Land nur dann höhere Standards akzeptiert, wenn diese wissenschaftlich begründet sind .;nd;nd;not of interest;ModPräd;;nd;nd;nd;nd;nd;nd;nd;nd;nd;nd;nd;nd;nd;nd;nd;nd;nd;nd;nd;nd;nd;nd
100;VVPP;ADJD;untersuchen;17;NZZ_1997_09_22_a114_seg25_s3;16;Full|Psp;Die amerikanische Biochemikerin Caryle Hirshberg und ihr Team waren die ersten, die dieses Phänomen wissenschaftlich untersucht haben und tatsächlich 50 Fälle von Spontanheilungen dokumentieren konnten .;prozess;methodenorientiert;done;;frei;+;nd;+;nd;nd;+;nd;nd;nd;nd;nd;nd;nd;nd;nd;nd;nd;nd;nd;nd;nd;nd
101;VVIZU;ADJD;ausfüllen;9;NZZ_1996_01_06_a110_seg3_s26;8;Full|zu;Kahlers Bemühen ging dahin, dessen Programm wissenschaftlich auszufüllen, auch musste er dabei Änderungen vornehmen, was die Rolle des Volkes Israel betrifft, die ihn in manchem in einer überraschenden Nähe zu den Aussagen des Apostels Paulus im Römerbrief erscheinen lassen .;prozess;methodenorientiert;done;;frei;+;nd;+;nd;nd;+;nd;nd;nd;nd;nd;nd;nd;nd;nd;nd;nd;nd;nd;nd;nd;nd
102;VVINF;ADJD;beweisen;40;NZZ_1995_04_08_a207_seg18_s13;39;Full|-2;"Weite Kreise machen die in diesen Sprühmitteln enthaltene hochgiftige Substanz Dioxin für die Missbildungen verantwortlich ; es werden aber auch immer wieder Stimmen laut, die zur Zurückhaltung mahnen, da sich eine solche Behauptung bis heute nicht wissenschaftlich beweisen lasse .";prozess;methodenorientiert;done;;frei;+;nd;+;nd;nd;+;nd;nd;nd;nd;nd;nd;nd;nd;nd;nd;nd;nd;nd;nd;nd;nd
103;VVINF;ADJD;qualifizieren;32;NZZ_1998_01_30_a171_seg9_s4;30;Full|-2;Für die Inhaber von « Qualifikationsstellen » ( Oberassistenten und Assistenten ) und von wissenschaftlichen Stabsstellen gilt, dass ihnen eine angemessene Gelegenheit gegeben werden muss, sich selber wissenschaftlich zu qualifizieren .;prozess;methodenorientiert;done;;frei;+;nd;+;nd;nd;+;nd;nd;nd;nd;nd;nd;nd;nd;nd;nd;nd;nd;nd;nd;nd;nd
104;VVPP;ADJD;erhärten;15;NZZ_1999_07_09_a166_seg4_s3;14;Full|Psp;Ihr Ärger über den üblen, zum Teil unzumutbaren Gestank ist nun sozusagen wissenschaftlich erhärtet worden .;nd;nd;not of interest;ModPräd;;nd;nd;nd;nd;nd;nd;nd;nd;nd;nd;nd;nd;nd;nd;nd;nd;nd;nd;nd;nd;nd;nd
105;VVPP;ADJD;auswerten;17;NZZ_1994_10_28_a125_seg3_s29;16;Full|Psp;"Frau Fuhrer scheint für die Drogenabgabe an Schwersüchtige zu sein, sofern die Versuche korrekt wissenschaftlich ausgewertet würden, ist aber gegen eine Erweiterung der Versuche ; laut einem Papier aus der Pressemappe lehnt sie « eine Abgabe oder Freigabe von Drogen » aber ab .";prozess;methodenorientiert;done;;frei;+;nd;+;nd;nd;+;nd;nd;nd;nd;nd;nd;nd;nd;nd;nd;nd;nd;nd;nd;nd;nd
106;VVPP;ADJD;ausrichten;7;NZZ_1994_08_20_a65_seg3_s8;6;Full|Psp;Primär seien die laufenden Projekte wissenschaftlich ausgerichtet, man erwarte aber auch Erkenntnisse für eine neue Drogenpolitik, die kurzfristig umgesetzt werden könnten .;prozess;methodenorientiert;done;;frei;+;nd;+;nd;nd;+;nd;nd;nd;nd;nd;nd;nd;nd;nd;nd;nd;nd;nd;nd;nd;nd
107;VVPP;ADJD;auswerten;7;NZZ_1995_05_26_a59_seg6_s10;6;Full|Psp;Dezember 1999 befristet sein und wissenschaftlich ausgewertet werden .;prozess;methodenorientiert;done;;frei;+;nd;+;nd;nd;+;nd;nd;nd;nd;nd;nd;nd;nd;nd;nd;nd;nd;nd;nd;nd;nd
108;VVFIN;ADJD;zulassen;23;NZZ_1996_10_22_a104_seg12_s21;21;Full|3|Sg|Pres|Ind;Was ihn dazu ermächtigt, ist sein « empiristisches » Vorurteil bezüglich Wissenschaftlichkeit und Objektivität, das nur Aussagen als wissenschaftlich anerkennungsfähig zulässt, die unabhängig von « Werten » ( letzten Antworten auf Wollens- und Sollensfragen ) begründbar sind .;nd;nd;not of interest;ModADV;;nd;nd;nd;nd;nd;nd;nd;nd;nd;nd;nd;nd;nd;nd;nd;nd;nd;nd;nd;nd;nd;nd
109;VVPP;ADJD;informieren;8;NZZ_1994_06_18_a152_seg13_s12;7;Full|Psp;Deshalb ist aber auch Wissenschaftskritik, wissenschaftlich informiert und mit Augenmass betrieben, angesichts der weitgehenden « Sprachlosigkeit » zwischen Wissenschaft und Lebenswelt eine ebenso wichtige Aufgabe wie die Verstärkung verständlichkeits- und anwendungsorientierter Bemühungen .;nd;nd;not of interest;ModSekPräd;;nd;nd;nd;nd;nd;nd;nd;nd;nd;nd;nd;nd;nd;nd;nd;nd;nd;nd;nd;nd;nd;nd
110;VVIZU;ADJD;aufarbeiten;18;NZZ_1999_04_10_a39_seg12_s8;17;Full|zu;Ziel des Archivs ist es nach dessen Stiftungspräsidenten Peter Paul Stöckli, die Nachlässe im Archiv wissenschaftlich aufzuarbeiten und als Monographien zu publizieren .;prozess;methodenorientiert;done;;frei;+;nd;+;nd;nd;+;nd;nd;nd;nd;nd;nd;nd;nd;nd;nd;nd;nd;nd;nd;nd;nd
111;VVPP;ADJD;fundieren;30;NZZ_1996_05_17_a225_seg3_s6;29;Full|Psp;Die Professoren und Doktoren und vermutlich auch deren clevere Werber und PR-Berater verstehen es ausgezeichnet, sämtliche sensiblen Bereiche einer breiten Bevölkerungsschicht ( marketing ) technisch versiert, wissenschaftlich fundiert und auch umfassend zu behandeln .;nd;nd;not of interest;ModADV;;nd;nd;nd;nd;nd;nd;nd;nd;nd;nd;nd;nd;nd;nd;nd;nd;nd;nd;nd;nd;nd;nd
112;VVINF;ADJD;nachweisen;8;NZZ_1997_02_07_a91_seg5_s3;7;Full|-2;In dieser Zeit muss das Land wissenschaftlich nachweisen, dass die Gesundheitsbedenken gerechtfertigt sind .;prozess;methodenorientiert;done;;frei;+;nd;+;nd;nd;+;nd;nd;nd;nd;nd;nd;nd;nd;nd;nd;nd;nd;nd;nd;nd;nd
113;VVINF;ADJD;gelten;28;NZZ_1998_04_25_a46_seg5_s8;23;Full|-2;Anhand neuerer Erkenntnisse der linguistischen Forschung kam eine Studie der Schweizerischen Zentralstelle für Heilpädagogik letztes Jahr zum Schluss, dass die Gebärdensprache wissenschaftlich als vollwertiges Sprachsystem zu gelten habe und ihre Verwendung in Sonderschulen für Gehörlose zu ermöglichen sei .;proposition;Frameadverbial;done;;frei;nd;nd;nd;nd;nd;nd;nd;+;nd;+;nd;nd;nd;nd;nd;nd;nd;nd;nd;nd;nd;nd
114;VVPP;ADJD;absichern;8;NZZ_1995_08_09_a150_seg2_s28;7;Full|Psp;Denn in der Neurobiologie gilt als wissenschaftlich abgesichert, dass sprachliche Begriffe wie « Tasse » im Gehirn nicht mit ihrer gesamten Bedeutung an einem festen Ort - oder gar in einer einzelnen Nervenzelle - abgespeichert werden .;nd;nd;not of interest;Vergleich;;nd;nd;nd;nd;nd;nd;nd;nd;nd;nd;nd;nd;nd;nd;nd;nd;nd;nd;nd;nd;nd;nd
115;VVINF;ADJD;untersuchen;21;NZZ_1999_11_09_a223_seg5_s4;16;Full|-2;Die neuen Methoden sind in ein gesamtuniversitäres Konzept einzubetten, mit spezieller Kompetenz auszuwählen und wissenschaftlich auf ihre Wirkungen zu untersuchen .;prozess;methodenorientiert;done;;frei;+;nd;+;nd;nd;+;nd;nd;nd;nd;nd;nd;nd;nd;nd;nd;nd;nd;nd;nd;nd;nd
116;VVPP;ADJD;aufgeklärt;23;NZZ_1997_12_20_a236_seg3_s14;22;Full|Psp;"Wo die Vernunft wächst, meint man, schwindet das Geheimnisvolle ; schrumpft ein im Mass, da sich die Welt wissenschaftlich aufgeklärt, medial erschlossen, marktwirtschaftlich reguliert zeigt .";nd;nd;not of interest;ModADV;;nd;nd;nd;nd;nd;nd;nd;nd;nd;nd;nd;nd;nd;nd;nd;nd;nd;nd;nd;nd;nd;nd
117;VVINF;ADJD;bilden;50;NZZ_1998_02_12_a29_seg4_s3;48;Full|-2;"Sein Ziel ist sei es nicht, die Pflegeberufe in der Breite zu akademisieren, sagte Johannes Flury, Leiter des SRK-Bereichs Berufsbildung ; vielmehr gelte es, mit anderen Sektoren, gerade zum Beispiel mit der Spitalverwaltung, gleichzuziehen und eine Art Elite für verantwortliche Positionen wissenschaftlich zu bilden .";prozess;methodenorientiert;done;;frei;+;nd;+;nd;nd;+;nd;nd;nd;nd;nd;nd;nd;nd;nd;nd;nd;nd;nd;nd;nd;nd
118;VVPP;ADJD;bearbeiten;20;NZZ_1999_05_03_a148_seg3_s3;19;Full|Psp;In Zusammenarbeit mit der Bibliotheca Hertziana in Rom und mit zahlreichen Experten hat nun die Albertina das Gesamtwerk wissenschaftlich bearbeitet .;prozess;methodenorientiert;done;;frei;+;nd;+;nd;nd;+;nd;nd;nd;nd;nd;nd;nd;nd;nd;nd;nd;nd;nd;nd;nd;nd
119;VVINF;ADJD;erhärten;46;NZZ_1999_04_16_a193_seg7_s3;43;Full|-2;Über die Entwicklung der Gewalt an Schulen, worunter verschiedene Formen des Mobbing, des körperlichen Plagens sowie des Ausgrenzens fallen, gibt es laut Milic noch keine zuverlässigen Vergleichsdaten, so dass die durch verschiedene Presseberichte suggerierte Gewaltzunahme in diesem Bereich wissenschaftlich nicht zu erhärten ist .;proposition;Frameadverbial;done;;frei;nd;nd;nd;nd;nd;nd;nd;+;nd;+;nd;nd;nd;nd;nd;nd;nd;nd;nd;nd;nd;nd
120;VVFIN;ADJD;leben;4;NZZ_1999_12_28_a195_seg2_s3;26;Full|3|Pl|Pres|Ind;Dem cartesischen Diktum leben heute die Viehtransporteure vieler Länder, neuerdings die kanadischen Robbenjäger, die japanischen und norwegischen Wal- und Delphin-Jäger, sogar « wissenschaftlich » skrupellos nach .;nd;nd;not of interest;ModADV;;nd;nd;nd;nd;nd;nd;nd;nd;nd;nd;nd;nd;nd;nd;nd;nd;nd;nd;nd;nd;nd;nd
121;VVPP;ADJD;stützen;16;NZZ_1995_03_04_a198_seg7_s4;15;Full|Psp;Die Ursache liegt zumindest teilweise auch im Training, das in Italien schon jahrelang wissenschaftlich gestützt ist und stets im frühen Winter beginnt .;nd;nd;not of interest;ModPräd;;nd;nd;nd;nd;nd;nd;nd;nd;nd;nd;nd;nd;nd;nd;nd;nd;nd;nd;nd;nd;nd;nd
122;VVFIN;ADJD;arbeiten;32;NZZ_1997_01_25_a216_seg4_s18;31;Full|3|Sg|Pres|Ind;Die äusseren Differenzen wachsen : Auf der einen Seite die konventionellere, mittlerweile gutsituiert lebende, zunehmend konservativ eingestellte Frau, die neben ihrem Dasein als repräsentative Ehefrau und Mutter wissenschaftlich arbeitet, auf der anderen der mehr und mehr sozialistisch und libertär denkende und lebende Zweig .;prozess;methodenorientiert;done;;frei;+;nd;+;nd;nd;+;nd;nd;nd;nd;nd;nd;nd;nd;nd;nd;nd;nd;nd;nd;nd;nd
123;VVINF;ADJD;nehmen;16;NZZ_1997_10_22_a86_seg7_s3;11;Full|-2;Grund genug also, das « Qualitätsmanagement im Tourismus » wissenschaftlich unter die Lupe zu nehmen, wie dies die Mitglieder der Association Internationale d ' Experts Scientifiques du Tourisme ( AIEST ) an ihrem jährlichen, diesmal in Thailand durchgeführten Kongress taten .;prozess;methodenorientiert;done;;frei;+;nd;+;nd;nd;+;nd;nd;nd;nd;nd;nd;nd;nd;nd;nd;nd;nd;nd;nd;nd;nd
124;VVINF;ADJD;begleiten;49;NZZ_1997_06_19_a219_seg4_s18;48;Full|-2;Solche Kritik weisen das Bonner Bundesbildungsministerium ( das für die 3-Jahres-Aktion « Schulen ans Netz » insgesamt 23 Millionen Mark an Fördermitteln bereitstellen will ) und Hauptsponsor Telekom ( angekündigte Investitionen von 36 Millionen Mark in drei Jahren ) zurück : « Wir lassen die gesamte Initiative wissenschaftlich begleiten und auswerten, damit Schulen, Bildungspolitik und Wirtschaft effektive Schlüsse aus der Massnahme ziehen und Folgeaktivitäten optimal planen können . »;prozess;methodenorientiert;done;;frei;+;nd;+;nd;nd;+;nd;nd;nd;nd;nd;nd;nd;nd;nd;nd;nd;nd;nd;nd;nd;nd
125;VVPP;ADJD;evaluieren;22;NZZ_1997_07_11_a41_seg4_s1;21;Full|Psp;Der vom Bundesrat bewilligte Versuch zur ärztlich kontrollierten Verschreibung von Betäubungsmitteln ist im Zeitraum von Anfang 1994 bis Ende 1996 wissenschaftlich evaluiert worden .;prozess;methodenorientiert;done;;frei;+;nd;+;nd;nd;+;nd;nd;nd;nd;nd;nd;nd;nd;nd;nd;nd;nd;nd;nd;nd;nd
126;VVPP;ADJD;ausrüsten;5;NZZ_1995_01_25_a137_seg3_s12;2;Full|Psp;Dabei wissenschaftlich aufs zuverlässigste ausgerüstet : Neben Vorbemerkungen zu den einzelnen Kapiteln und einem kleinen, aber leistungsfähigen bibliographischen Anhang finden wir in jedem Band eine Einführung, die den gegenwärtigen Stand der Forschung spiegelt .;prozess;methodenorientiert;done;;frei;+;nd;+;nd;nd;+;nd;nd;nd;nd;nd;nd;nd;nd;nd;nd;nd;nd;nd;nd;nd;nd
127;VVFIN;ADJD;beginnen;11;NZZ_1999_01_18_a135_seg3_s15;25;Full|3|Sg|Past|Ind;Der aus dem kurdischen Teil des Iraks stammende Jalil Asid begann sich erst während der Migration mit der traditionellen kurdischen Musik auseinanderzusetzen - auch wissenschaftlich .;prozess;methodenorientiert;done;;frei;+;nd;+;nd;nd;+;nd;nd;nd;nd;nd;nd;nd;nd;nd;nd;nd;nd;nd;nd;nd;nd
128;VVPP;ADJD;erfassen;19;NZZ_1995_03_08_a58_seg3_s7;18;Full|Psp;Von den schätzungsweise 30 Millionen verschiedenen Lebewesen auf der Erde, von denen erst rund 10 Millionen wissenschaftlich erfasst sind, wird, laut Roost, etwa die Hälfte die nächsten hundert Jahre nicht überleben .;nd;nd;not of interest;ModPräd;;nd;nd;nd;nd;nd;nd;nd;nd;nd;nd;nd;nd;nd;nd;nd;nd;nd;nd;nd;nd;nd;nd
129;VVINF;ADJD;nachweisen;14;NZZ_1999_01_28_a261_seg4_s77;13;Full|-2;Korner : Wir haben andere Erfahrungen, aber wir können sie nicht wissenschaftlich nachweisen .;prozess;methodenorientiert;done;;frei;+;nd;+;nd;nd;+;nd;nd;nd;nd;nd;nd;nd;nd;nd;nd;nd;nd;nd;nd;nd;nd
130;VVPP;ADJD;publizieren;43;NZZ_1993_04_22_a140_seg5_s8;42;Full|Psp;Mit Tränen in den Augen berichtet sie, dass Tausende von zum Teil bedeutenden phönizischen und römischen Stücken, welche auf dem Markt landeten, der Öffentlichkeit verloren sind, weil sie weder von Fachleuten im Zusammenhang ihrer Fundumgebung beurteilt noch wissenschaftlich publiziert werden konnten .;prozess;methodenorientiert;done;;frei;+;nd;+;nd;nd;+;nd;nd;nd;nd;nd;nd;nd;nd;nd;nd;nd;nd;nd;nd;nd;nd
131;VVPP;ADJD;untersuchen;19;NZZ_1998_03_02_a31_seg3_s3;18;Full|Psp;Seit letztem Mai wird ein Formular als Protokoll des Aufklärungsgesprächs eingesetzt und dessen Tauglichkeit an sechs Kliniken wissenschaftlich untersucht .;prozess;methodenorientiert;done;;frei;+;nd;+;nd;nd;+;nd;nd;nd;nd;nd;nd;nd;nd;nd;nd;nd;nd;nd;nd;nd;nd
132;VVINF;ADJD;untersuchen;12;NZZ_1998_02_10_a6_seg15_s1;11;Full|-2;Ein nationales Forschungsprogramm will das Phänomen « organisierte Kriminalität » wissenschaftlich untersuchen .;prozess;methodenorientiert;done;;frei;+;nd;+;nd;nd;+;nd;nd;nd;nd;nd;nd;nd;nd;nd;nd;nd;nd;nd;nd;nd;nd
133;VVPP;ADJD;erforschen;62;NZZ_1997_06_02_a85_seg3_s5;61;Full|Psp;So kann es nur aufs schönste gelegen kommen, wenn sich die Erinnerung an den zeitgeschichtlichen Anfang des Rhetorik-Seminars vor drei Jahrzehnten einigermassen passabel koordinieren lässt mit der Erinnerung an die historischen Tübinger Anfänge und die Geschichte einer bedeutenden abendländischen Disziplin - einer Kunst und Theorie -, wie sie ein halbes Millennium an der Universität der Stadt am Neckar wissenschaftlich erforscht, gelehrt und gelernt wurde und wieder wird .;prozess;methodenorientiert;done;;frei;+;nd;+;nd;nd;+;nd;nd;nd;nd;nd;nd;nd;nd;nd;nd;nd;nd;nd;nd;nd;nd
134;VVPP;ADJD;begleiten;26;NZZ_1995_02_22_a46_seg3_s4;25;Full|Psp;Der von Tscholl angeführte schwedische Psychiatrieprofessor Nils Bejerot hatte in den siebziger Jahren den zweijährigen Versuch der ärztlich kontrollierten Opiat- und Amphetaminabgabe in Schweden wissenschaftlich begleitet .;prozess;methodenorientiert;done;;frei;+;nd;+;nd;nd;+;nd;nd;nd;nd;nd;nd;nd;nd;nd;nd;nd;nd;nd;nd;nd;nd
135;VVPP;ADJD;ausformulieren;6;NZZ_1997_01_23_a204_seg11_s6;5;Full|Psp;Ob die Persönlichkeitskriterien möglichst wissenschaftlich ausformuliert daherkommen oder eher diffus - die Beurteilung der Seelsorgerkandidaten geschieht in deren regelmässigem persönlichem Kontakt mit dem Leitungsteam .;nd;nd;not of interest;ModADV;;nd;nd;nd;nd;nd;nd;nd;nd;nd;nd;nd;nd;nd;nd;nd;nd;nd;nd;nd;nd;nd;nd
136;VVINF;ADJD;erforschen;11;NZZ_1999_08_28_a176_seg6_s4;10;Full|-2;Die Stiftung soll die bald dreihundertjährigen Objekte und Schriften wissenschaftlich erforschen und durch Faksimiledrucke oder Kopien weiterverbreiten .;prozess;methodenorientiert;done;;frei;+;nd;+;nd;nd;+;nd;nd;nd;nd;nd;nd;nd;nd;nd;nd;nd;nd;nd;nd;nd;nd
137;VVINF;ADJD;dokumentieren;13;NZZ_1994_05_06_a117_seg3_s5;11;Full|-2;Der Versuch, Photos des « Hofphotographen » Heinrich Hoffmann wissenschaftlich zu dokumentieren, ist an beiden Orten abgesagt worden .;prozess;methodenorientiert;done;;frei;+;nd;+;nd;nd;+;nd;nd;nd;nd;nd;nd;nd;nd;nd;nd;nd;nd;nd;nd;nd;nd
138;VVPP;ADJD;begleiten;7;NZZ_1998_08_18_a143_seg3_s9;6;Full|Psp;Die Entwicklung der Kinder soll wissenschaftlich begleitet werden .;prozess;methodenorientiert;done;;frei;+;nd;+;nd;nd;+;nd;nd;nd;nd;nd;nd;nd;nd;nd;nd;nd;nd;nd;nd;nd;nd
139;VVPP;ADJD;absichern;6;NZZ_1995_04_04_a156_seg30_s13;5;Full|Psp;Die neuen Unterrichtsformen sind wissenschaftlich abgesichert .;nd;nd;not of interest;ModPräd;;nd;nd;nd;nd;nd;nd;nd;nd;nd;nd;nd;nd;nd;nd;nd;nd;nd;nd;nd;nd;nd;nd
140;VVPP;ADJD;aufarbeiten;12;NZZ_1999_07_21_a170_seg3_s13;11;Full|Psp;Eine Ausstellung in München stellte sein Schaffen 1998 umfassend und wissenschaftlich aufgearbeitet vor .;nd;nd;not of interest;ModADV;;nd;nd;nd;nd;nd;nd;nd;nd;nd;nd;nd;nd;nd;nd;nd;nd;nd;nd;nd;nd;nd;nd
141;VVFIN;ADJD;verlieren;25;NZZ_1998_04_20_a97_seg7_s7;30;Full|3|Sg|Pres|Ind;Löst sich das Lehren und Lernen vom Forschungsprozess oder bleibt es nur noch als Erinnerung an vergangenes eigenes Lernen mit diesem verbunden, so verliert auch die Bezeichnung « wissenschaftlich » ihren Sinn, unterscheidet sich ein universitäres Lehren und Lernen nicht mehr von anderen, nichtwissenschaftlichen Lehr- und Lernprozessen .;nd;nd;not of interest;Objektsprache;;nd;nd;nd;nd;nd;nd;nd;nd;nd;nd;nd;nd;nd;nd;nd;nd;nd;nd;nd;nd;nd;nd
142;VVINF;ADJD;testen;12;NZZ_1998_07_13_a34_seg2_s2;11;Full|-2;Der Bund möchte diese neue Strafvollzugsform zusammen mit interessierten Kantonen wissenschaftlich testen .;prozess;methodenorientiert;done;;frei;+;nd;+;nd;nd;+;nd;nd;nd;nd;nd;nd;nd;nd;nd;nd;nd;nd;nd;nd;nd;nd
143;VVPP;ADJD;bearbeiten;27;NZZ_1996_04_17_a115_seg3_s13;26;Full|Psp;Nach Annahme der Schenkung durch Kaiser Wilhelm I. wurde diese durch die Prähistorische Abteilung des Königlichen Museums für Völkerkunde aufbewahrt, präsentiert, inventarisiert und wissenschaftlich bearbeitet .;prozess;methodenorientiert;done;;frei;+;nd;+;nd;nd;+;nd;nd;nd;nd;nd;nd;nd;nd;nd;nd;nd;nd;nd;nd;nd;nd
144;VVINF;ADJD;aufarbeiten;10;NZZ_1999_08_21_a87_seg5_s9;9;Full|-2;Dazu soll der Think tank relevante Fragen frühzeitig wissenschaftlich aufarbeiten und die Ergebnisse in verständlicher Form kommunizieren .;prozess;methodenorientiert;done;;frei;+;nd;+;nd;nd;+;nd;nd;nd;nd;nd;nd;nd;nd;nd;nd;nd;nd;nd;nd;nd;nd
145;VVPP;ADJD;erfassen;10;NZZ_1996_05_17_a251_seg9_s5;9;Full|Psp;Wer so früh aus fremden Augen beobachtet, wissenschaftlich erfasst und besungen wurde, der wird zur Selbstreflexion gezwungen .;prozess;methodenorientiert;done;;frei;+;nd;+;nd;nd;+;nd;nd;nd;nd;nd;nd;nd;nd;nd;nd;nd;nd;nd;nd;nd;nd
146;VVPP;ADJD;betrachten;7;NZZ_1996_11_22_a213_seg9_s24;6;Full|Psp;Alfred Walz/Josef Peter : Elektro-Smog wissenschaftlich betrachtet und im täglichen Umgang ( 18.30 ) .;prozess;methodenorientiert;done;title;frei;+;nd;+;nd;nd;+;nd;nd;nd;nd;nd;nd;nd;nd;nd;nd;nd;nd;nd;nd;nd;nd
147;VVPP;ADJD;untersuchen;17;NZZ_1994_03_03_a128_seg9_s9;16;Full|Psp;Die körperlichen Folgeerscheinungen und mögliche Komplikationen von intravenösem Methadonkonsum seien allerdings auch dort bisher kaum wissenschaftlich untersucht worden, erklärte Seidenberg .;prozess;methodenorientiert;done;;frei;+;nd;+;nd;nd;+;nd;nd;nd;nd;nd;nd;nd;nd;nd;nd;nd;nd;nd;nd;nd;nd
148;VVPP;ADJD;aufarbeiten;16;NZZ_1999_12_24_a151_seg3_s5;15;Full|Psp;Studenten des Berner Instituts für Kunstgeschichte haben unter Leitung von Oskar Bätschmann die Zeichnungen wissenschaftlich aufgearbeitet, und das Museum hat rund einhundert dieser Blätter zu einer Ausstellung zusammengestellt, die ganze Serien von Pausen und Skizzen so präsentiert, dass sie Einblick in Hodlers Arbeitsweise geben .;prozess;methodenorientiert;done;;frei;+;nd;+;nd;nd;+;nd;nd;nd;nd;nd;nd;nd;nd;nd;nd;nd;nd;nd;nd;nd;nd
149;VVPP;ADJD;erweisen;12;NZZ_1994_02_05_a28_seg5_s8;11;Full|Psp;"A. Mozart » ; von den vier überlieferten Haarbüscheln ist wissenschaftlich erwiesen, dass sie von zwei Personen stammen, ob eine von diesen der grosse Komponist war, bleibt offen ; in diesem Sinne angeschrieben wird die unkritische Auslage nicht .";nd;nd;not of interest;ModPräd;;nd;nd;nd;nd;nd;nd;nd;nd;nd;nd;nd;nd;nd;nd;nd;nd;nd;nd;nd;nd;nd;nd
150;VVPP;ADJD;prüfen;8;NZZ_1996_01_08_a17_seg11_s11;7;Full|Psp;Die Bedürfnisse der drei Nachbarländer sollten wissenschaftlich geprüft und die veralteten Bewässerungssysteme modernisiert werden, lautet seither die Formel Ankaras .;prozess;methodenorientiert;done;;frei;+;nd;+;nd;nd;+;nd;nd;nd;nd;nd;nd;nd;nd;nd;nd;nd;nd;nd;nd;nd;nd
151;VVPP;ADJD;berechtigen;13;NZZ_1996_03_27_a157_seg5_s3;12;Full|Psp;Es äussert sich ein Experte zur Frage, inwieweit diese Befürchtung wissenschaftlich berechtigt ist .;nd;nd;not of interest;ModPräd;;nd;nd;nd;nd;nd;nd;nd;nd;nd;nd;nd;nd;nd;nd;nd;nd;nd;nd;nd;nd;nd;nd
152;VVINF;ADJD;klären;6;NZZ_1995_09_27_a67_seg4_s2;4;Full|-2;Um diese Frage wissenschaftlich zu klären, hat der Bundesrat 1988 das Nationale Forschungsprogramm 26 genehmigt, in dem mit einem Budget von 16 Millionen Franken der Zusammenhang « Mensch, Gesundheit, Umwelt » untersucht werden sollte .;prozess;methodenorientiert;done;;frei;+;nd;+;nd;nd;+;nd;nd;nd;nd;nd;nd;nd;nd;nd;nd;nd;nd;nd;nd;nd;nd
153;VVPP;ADJD;evaluieren;15;NZZ_1997_05_30_a141_seg3_s1;14;Full|Psp;Die im Kanton 1995 zuletzt eingerichtete regionale Suchtpräventionsstelle Zürcher Oberland ist als erste wissenschaftlich evaluiert worden .;prozess;methodenorientiert;done;;frei;+;nd;+;nd;nd;+;nd;nd;nd;nd;nd;nd;nd;nd;nd;nd;nd;nd;nd;nd;nd;nd
154;VVPP;ADJD;erweisen;18;NZZ_1999_05_21_a29_seg3_s3;16;Full|Psp;Mitglieder des Komitees begründeten ihre Haltung vor allem damit, dass die Zweckmässigkeit der Therapie wissenschaftlich nicht erwiesen sei .;proposition;Frameadverbial;done;Stellung;frei;nd;nd;nd;nd;nd;nd;nd;+;nd;+;nd;nd;nd;nd;nd;nd;nd;nd;nd;nd;nd;nd
155;VVPP;ADJD;arbeiten;11;NZZ_1996_09_19_a222_seg4_s15;10;Full|Psp;» Freilich hiess das nicht, dass sie nicht wissenschaftlich gearbeitet hätte .;prozess;methodenorientiert;done;;frei;+;nd;+;nd;nd;+;nd;nd;nd;nd;nd;nd;nd;nd;nd;nd;nd;nd;nd;nd;nd;nd
156;VVPP;ADJD;begleiten;12;NZZ_1995_03_02_a150_seg4_s9;11;Full|Psp;Die Versuche sollen nach den Richtlinien des Bundes durchgeführt und wissenschaftlich begleitet werden .;prozess;methodenorientiert;done;;frei;+;nd;+;nd;nd;+;nd;nd;nd;nd;nd;nd;nd;nd;nd;nd;nd;nd;nd;nd;nd;nd
157;VVFIN;ADJD;erforschen;22;NZZ_1994_08_23_a107_seg9_s8;19;Full|3|Sg|Past|Ind;Echo schliesst Kritik nicht aus : man hat Canetti manchmal vorgeworfen, dass er den Menschen nicht « wissenschaftlich » genug erforschte .;prozess;methodenorientiert;done;;frei;+;nd;+;nd;nd;+;nd;nd;nd;nd;nd;nd;nd;nd;nd;nd;nd;nd;nd;nd;nd;nd
158;VVINF;ADJD;forschen;25;NZZ_1997_06_14_a117_seg7_s5;21;Full|-2;Einer Schau, die deutlich macht, dass die überdekorierten Beaux-Arts-Bauten noch immer zu einer gefährdeten Spezies zählen, die wissenschaftlich noch viel zu forschen geben dürfte .;proposition;Frameadverbial;done;;frei;nd;nd;nd;nd;nd;nd;nd;+;nd;+;nd;nd;nd;nd;nd;nd;nd;nd;nd;nd;nd;nd
159;VVIMP;ADJD;unterliegen;6;NZZ_1994_11_17_a87_seg4_s6;4;Full|3|Sg|Pres|Ind;Der Begriff « wissenschaftlich » unterliegt dem Streit der Wissenschaften .;nd;nd;not of interest;Objektsprache;;nd;nd;nd;nd;nd;nd;nd;nd;nd;nd;nd;nd;nd;nd;nd;nd;nd;nd;nd;nd;nd;nd
160;VVPP;ADJD;begleiten;4;NZZ_1995_05_24_a164_seg9_s10;3;Full|Psp;Schulentwicklungsprojekte sollen wissenschaftlich begleitet und die präventiven Möglichkeiten der Schule erforscht werden .;prozess;methodenorientiert;done;;frei;+;nd;+;nd;nd;+;nd;nd;nd;nd;nd;nd;nd;nd;nd;nd;nd;nd;nd;nd;nd;nd
161;VVPP;ADJD;begründen;22;NZZ_1999_06_26_a78_seg1_s37;21;Full|Psp;Abweichende nationale Standards lässt die Welthandelsordnung im Prinzip nur zu, wenn sie keine unnötigen Handelshemmnisse darstellen und wenn sie wissenschaftlich begründet sind .;nd;nd;not of interest;ModPräd;;nd;nd;nd;nd;nd;nd;nd;nd;nd;nd;nd;nd;nd;nd;nd;nd;nd;nd;nd;nd;nd;nd
162;VVINF;ADJD;durchleuchten;26;NZZ_1998_07_17_a134_seg1_s2;25;Full|-2;Die neu gegründete « Aldous-Huxley-Gesellschaft » in Münster ( Nordrhein-Westfalen ) soll das umfangreiche Werk des englischen Schriftstellers ( 1894-1963 ) bekannter machen und wissenschaftlich durchleuchten .;prozess;methodenorientiert;done;;frei;+;nd;+;nd;nd;+;nd;nd;nd;nd;nd;nd;nd;nd;nd;nd;nd;nd;nd;nd;nd;nd
163;VVFIN;ADJD;lassen;15;NZZ_1997_07_16_a98_seg4_s3;17;Full|3|Sg|Pres|Ind;Ob sich darunter, wie häufig angenommen, die Bezeichnung für China verbirgt, lässt sich wissenschaftlich ebensowenig belegen wie die Annahme, dass Juden während der babylonischen Gefangenschaft in den Fernen Osten geflohen sind .;proposition;Frameadverbial;done;Stellung;frei;nd;nd;nd;nd;nd;nd;nd;+;nd;+;nd;nd;nd;nd;nd;nd;nd;nd;nd;nd;nd;nd
164;VVPP;ADJD;beschreiben;10;NZZ_1997_02_19_a169_seg5_s6;9;Full|Psp;Schon Goethe hat dieses Phänomen erwähnt, doch wissenschaftlich beschrieben wurde der « Fliegenpilz » erst 1855 als Empusa muscae, die schon im folgenden Jahr in Entomophthora muscae umbenannt wurde .;prozess;methodenorientiert;done;;frei;+;nd;+;nd;nd;+;nd;nd;nd;nd;nd;nd;nd;nd;nd;nd;nd;nd;nd;nd;nd;nd
165;VVPP;ADJD;annehmen;50;NZZ_1997_02_22_a207_seg4_s13;46;Full|Psp;« I shall be more than pleased to make the personal acquaintance of one ... from whom I hope to learn a good deal about film », ist in einem Antwortschreiben zu lesen : Als einer der wenigen Vertreter traditioneller Fachrichtungen hat sich Panofsky wissenschaftlich des neuen Mediums angenommen .;prozess;methodenorientiert;done;;frei;+;nd;+;nd;nd;+;nd;nd;nd;nd;nd;nd;nd;nd;nd;nd;nd;nd;nd;nd;nd;nd
166;VVFIN;ADJD;aufschlüsseln;17;NZZ_1997_02_24_a79_seg9_s20;16;Full|-2;Er kann nicht mehr vom Standpunkt aufgeklärter, rationaler Intelligenz die « Realität » rein wissenschaftlich aufschlüsseln .;prozess;methodenorientiert;done;;frei;+;nd;+;nd;nd;+;nd;nd;nd;nd;nd;nd;nd;nd;nd;nd;nd;nd;nd;nd;nd;nd
167;VVINF;ADJD;evaluieren;32;NZZ_1997_09_18_a47_seg3_s8;30;Full|-2;In der Schlusserklärung wird sogar die Wichtigkeit betont, kontrollierte Studien zur Erprobung neuer Ansätze in den Bereichen Therapie, Betreuung und Wiedereingliederung von Drogenabhängigen weiterzuführen und die Ergebnisse wissenschaftlich zu evaluieren .;prozess;methodenorientiert;done;;frei;+;nd;+;nd;nd;+;nd;nd;nd;nd;nd;nd;nd;nd;nd;nd;nd;nd;nd;nd;nd;nd
168;VVFIN;ADJD;vorgehen;15;NZZ_1998_09_11_a176_seg5_s16;8;Full|3|Sg|Past|Ind;Deutlich wird, wie genau, ja wissenschaftlich Meyer in der Behandlung seiner Stoffe vorging .;prozess;methodenorientiert;done;;frei;+;nd;+;nd;nd;+;nd;nd;nd;nd;nd;nd;nd;nd;nd;nd;nd;nd;nd;nd;nd;nd
169;VVPP;ADJD;bestätigen;30;NZZ_1993_12_15_a27_seg10_s13;28;Full|Psp;Da sich nach Angaben von Ewert die archäologische Forschung, die von der Deutschen Forschungsgemeinschaft finanziell unterstützt wurde, auf die Moschee beschränkte, ist die Zerstörung wissenschaftlich nicht bestätigt .;prozess;methodenorientiert;done;;frei;+;nd;+;nd;nd;+;nd;nd;nd;nd;nd;nd;nd;nd;nd;nd;nd;nd;nd;nd;nd;nd
170;VVINF;ADJD;sagen;23;NZZ_1994_06_18_a151_seg8_s3;22;Full|-2;Umgekehrt ist der im Vorteil, der mehr versteht als andere : Er ist kompetenter, weil er, wie man wissenschaftlich sagen würde, über mehr « Codes » verfügt .;prozess;methodenorientiert;done;;frei;+;nd;+;nd;nd;+;nd;nd;nd;nd;nd;nd;nd;nd;nd;nd;nd;nd;nd;nd;nd;nd
171;VVFIN;ADJD;klarerweise;3;NZZ_1997_07_09_a124_seg8_s12;15;--;Das ist klarerweise weder « objektiv » noch « ausgewogen », noch « wissenschaftlich » formuliert .;prozess;methodenorientiert;done;;frei;+;nd;+;nd;nd;+;nd;nd;nd;nd;nd;nd;nd;nd;nd;nd;nd;nd;nd;nd;nd;nd
172;VVINF;ADJD;erforschen;20;NZZ_1996_06_22_a63_seg5_s7;18;Full|-2;Im Rahmen des Europarat-Projektes « Kultur und Quartier » wurde vorgeschlagen, die soziale Wirksamkeit künstlerischer Aktivitäten wissenschaftlich zu erforschen .;prozess;methodenorientiert;done;;frei;+;nd;+;nd;nd;+;nd;nd;nd;nd;nd;nd;nd;nd;nd;nd;nd;nd;nd;nd;nd;nd
173;VVPP;ADJD;sichern;23;NZZ_1998_03_27_a180_seg6_s2;22;Full|Psp;Damit interpretierte das Obergericht die Praxis des Bundesgerichts falsch : Das Bundesgericht verlangt einen solchen Hinweis nämlich nur, wenn als wissenschaftlich gesichert dargestellt wird, was in Tat und Wahrheit umstritten ist ( vgl. BGE 120 II 76 ) .;nd;nd;not of interest;ModADV;;nd;nd;nd;nd;nd;nd;nd;nd;nd;nd;nd;nd;nd;nd;nd;nd;nd;nd;nd;nd;nd;nd
174;VVPP;ADJD;sehen;8;NZZ_1998_12_24_a231_seg3_s10;7;Full|Psp;Womöglich hätten wir ihn, rein wissenschaftlich gesehen, interessiert .;prozess;methodenorientiert;done;;frei;+;nd;+;nd;nd;+;nd;nd;nd;nd;nd;nd;nd;nd;nd;nd;nd;nd;nd;nd;nd;nd
175;VVPP;ADJD;erhärten;35;NZZ_1996_03_29_a169_seg5_s3;33;Full|Psp;Darin hatte der Autor Ansichten über körperliche Berührungen und sexuelle Kontakte zwischen Psychotherapeut und Patienten geäussert, die in Fachkreisen auf grossen Widerstand gestossen waren, weil die vom Psychiater propagierte Methode wissenschaftlich nicht erhärtet sei und gegen die ethischen Prinzipien des Berufsstandes verstosse .;proposition;Frameadverbial;done;Stellung;frei;nd;nd;nd;nd;nd;nd;nd;+;nd;+;nd;nd;nd;nd;nd;nd;nd;nd;nd;nd;nd;nd
176;VVINF;ADJD;beweisen;18;NZZ_1994_08_05_a40_seg5_s4;17;Full|-2;Falls wir für Importprodukte strengere Massstäbe als das Gatt einführen möchten, müssten wir zuerst « wissenschaftlich beweisen », dass die Gesundheit akut gefährdet ist .;prozess;methodenorientiert;done;;frei;+;nd;+;nd;nd;+;nd;nd;nd;nd;nd;nd;nd;nd;nd;nd;nd;nd;nd;nd;nd;nd
177;VVPP;ADJD;erfassen;21;NZZ_1997_09_06_a130_seg2_s4;20;Full|Psp;Als besonders prominent erweist sich der Komplex der 4500 italienischen Zeichnungen, die nun erstmals in einem vierbändigen Generalverzeichnis wissenschaftlich erfasst sind .;prozess;methodenorientiert;done;;frei;+;nd;+;nd;nd;+;nd;nd;nd;nd;nd;nd;nd;nd;nd;nd;nd;nd;nd;nd;nd;nd
178;VVINF;ADJD;bearbeiten;26;NZZ_1996_12_10_a141_seg8_s1;24;Full|-2;Die Schweizerische Rechtsquellenforschung geht zurück auf den Juristentag am 4. September 1894 in Basel, als beschlossen wurde, die Rechtsquellen bis 1798 wissenschaftlich zu bearbeiten .;prozess;methodenorientiert;done;;frei;+;nd;+;nd;nd;+;nd;nd;nd;nd;nd;nd;nd;nd;nd;nd;nd;nd;nd;nd;nd;nd
179;VVPP;ADJD;bearbeiten;30;NZZ_1997_01_11_a185_seg13_s1;29;Full|Psp;Der jetzt erschienene, von Victor Ravizza als Bearbeiter verantwortete Band 21 enthält die genannten Werke für kleines Orchester, die in Gebrauchsausgaben vorliegen, aber jetzt erstmals wissenschaftlich bearbeitet sind .;prozess;methodenorientiert;done;;frei;+;nd;+;nd;nd;+;nd;nd;nd;nd;nd;nd;nd;nd;nd;nd;nd;nd;nd;nd;nd;nd
180;VVPP;ADJD;angehen;19;NZZ_1997_10_27_a112_seg5_s7;16;Full|Psp;Ausserdem sind zahlreiche offene Fragen hinsichtlich der sozialen Strukturen und des Verhaltens in der Nacht wissenschaftlich gar nie angegangen worden und können deshalb auch nicht abschliessend beantwortet werden .;prozess;methodenorientiert;done;;frei;+;nd;+;nd;nd;+;nd;nd;nd;nd;nd;nd;nd;nd;nd;nd;nd;nd;nd;nd;nd;nd
181;VVPP;ADJD;arbeiten;8;NZZ_1999_09_14_a135_seg3_s3;7;Full|Psp;Über diese Erfahrung hat er zunächst wissenschaftlich gearbeitet .;prozess;methodenorientiert;done;;frei;+;nd;+;nd;nd;+;nd;nd;nd;nd;nd;nd;nd;nd;nd;nd;nd;nd;nd;nd;nd;nd
182;VVPP;ADJD;manövrieren;17;NZZ_1995_10_21_a175_seg4_s2;14;Full|Psp;Dass er sich nicht nur in politisch fragwürdige Nachbarschaft begibt, sondern auch wissenschaftlich ins Abseits manövriert, zeigen nachfolgende Erörterungen .;proposition;Frameadverbial;done;;frei;nd;nd;nd;nd;nd;nd;nd;+;nd;+;nd;nd;nd;nd;nd;nd;nd;nd;nd;nd;nd;nd
183;VVPP;ADJD;ablösen;28;NZZ_1999_07_10_a156_seg2_s3;24;Full|Psp;Traditionellerweise sei die Erfolgsgeschichte der Gynäkologie als eine « Revolution » geschildert worden, in deren Verlauf « unwissende » Hebammen von « wissenschaftlich » vorgehenden Ärzten abgelöst wurden .;nd;nd;not of interest;ModADJ;;nd;nd;nd;nd;nd;nd;nd;nd;nd;nd;nd;nd;nd;nd;nd;nd;nd;nd;nd;nd;nd;nd
184;VVFIN;ADJD;befassen;3;NZZ_1998_05_15_a172_seg4_s14;5;Full|3|Pl|Pres|Ind;Drei Spezialistinnen befassen sich wissenschaftlich mit vier für die römische Zeit charakteristischen Fundkategorien .;prozess;methodenorientiert;done;;frei;+;nd;+;nd;nd;+;nd;nd;nd;nd;nd;nd;nd;nd;nd;nd;nd;nd;nd;nd;nd;nd
185;VVIZU;ADJD;herangehen;11;NZZ_1998_10_28_a36_seg3_s4;7;Full|zu;Bewusst wurde darauf verzichtet, allzu wissenschaftlich an die Aufgabe heranzugehen, um vor allem ein leicht lesbares Handbuch zu realisieren, das allen an einer Beschäftigung im Bereich Sport Interessierten Hinweise zu den entsprechenden Stellenbeschrieben bietet .;prozess;methodenorientiert;done;;frei;+;nd;+;nd;nd;+;nd;nd;nd;nd;nd;nd;nd;nd;nd;nd;nd;nd;nd;nd;nd;nd
186;VVPP;ADJD;erforschen;39;NZZ_1995_03_09_a113_seg3_s20;38;Full|Psp;Hier wirkten die Berichte aus Cerveteri in höchstem Mass alarmierend, wo neuerdings - nachdem die Nekropolen seit dem letzten Jahrhundert restlos geplündert worden sind - die Siedlung, eine der politisch einflussreichsten Grossstädte der Etrusker, wissenschaftlich erforscht wird : Aus einer solchen Grabung sind ganze Gefässe kaum zu erwarten, um so wertvoller sind für das historische Verständnis die in den Schichten vorhandenen Scherben .;prozess;methodenorientiert;done;;frei;+;nd;+;nd;nd;+;nd;nd;nd;nd;nd;nd;nd;nd;nd;nd;nd;nd;nd;nd;nd;nd
187;VVPP;ADJD;sichern;32;NZZ_1999_04_07_a57_seg6_s5;31;Full|Psp;Im Sinne einer Klarstellung hält das Bundesgericht fest, dass öffentliche Verlautbarungen verboten bleiben, in welchen die angeblich gesundheitsschädigenden Wirkungen von Mikrowellengerichten ohne Hinweis auf den herrschenden Meinungsstreit als wissenschaftlich gesichert hingestellt werden .;nd;nd;not of interest;Vergleich;;nd;nd;nd;nd;nd;nd;nd;nd;nd;nd;nd;nd;nd;nd;nd;nd;nd;nd;nd;nd;nd;nd
188;VVPP;ADJD;ermitteln;5;NZZ_1994_02_05_a93_seg12_s15;4;Full|Psp;Diese Frage wurde wissenschaftlich ermittelt, und auch politische Gegner der externen Kosten äussern sich anerkennend über diese Studien .;prozess;methodenorientiert;done;;frei;+;nd;+;nd;nd;+;nd;nd;nd;nd;nd;nd;nd;nd;nd;nd;nd;nd;nd;nd;nd;nd
189;VVINF;ADJD;arbeiten;11;NZZ_1998_01_27_a165_seg7_s9;10;Full|-2;Mit seinem Rücktritt verbindet er den Wunsch, vermehrt wissenschaftlich arbeiten zu können .;prozess;methodenorientiert;done;;frei;+;nd;+;nd;nd;+;nd;nd;nd;nd;nd;nd;nd;nd;nd;nd;nd;nd;nd;nd;nd;nd
190;VVPP;ADJD;klären;18;NZZ_1993_04_01_a60_seg10_s3;17;Full|Psp;Vor der Bundeshauspresse machte er dazu am Mittwoch geltend, dass die Lenkungswirkung einer Lenkungsabgabe weiterhin wissenschaftlich geklärt und erhärtet werden müsse .;prozess;methodenorientiert;done;;frei;+;nd;+;nd;nd;+;nd;nd;nd;nd;nd;nd;nd;nd;nd;nd;nd;nd;nd;nd;nd;nd
191;VVFIN;ADJD;arbeiten;13;NZZ_1993_04_01_a70_seg10_s7;14;Full|3|Sg|Pres|Ind;Ein Vorwort Bundesrat Kaspar Villigers, mathematische Luftkriegmodelle im Anhang - Stahel arbeitet wissenschaftlich seit längerem auf dem Gebiet des Operations Research - sowie Tabellen, Photographien und ein Literaturverzeichnis ergänzen den Band .;prozess;methodenorientiert;done;;frei;+;nd;+;nd;nd;+;nd;nd;nd;nd;nd;nd;nd;nd;nd;nd;nd;nd;nd;nd;nd;nd
192;VVINF;ADJD;auswerten;6;NZZ_1993_04_07_a68_seg3_s6;5;Full|-2;Zudem muss es sich wissenschaftlich auswerten lassen .;prozess;methodenorientiert;done;;frei;+;nd;+;nd;nd;+;nd;nd;nd;nd;nd;nd;nd;nd;nd;nd;nd;nd;nd;nd;nd;nd
193;VVPP;ADJD;begleiten;21;NZZ_1993_04_07_a68_seg5_s2;20;Full|Psp;Für den Versuch, der Anfang April startete, drei Jahre dauert und während einer Zeitspanne von fünf Jahren wissenschaftlich begleitet und ausgewertet wird, ist der Direktion der Anstalt St. Johannsen vom EJPD ein Beitrag von einer Million in Aussicht gestellt worden .;prozess;methodenorientiert;done;;frei;+;nd;+;nd;nd;+;nd;nd;nd;nd;nd;nd;nd;nd;nd;nd;nd;nd;nd;nd;nd;nd
194;VVPP;ADJD;relativieren;16;NZZ_1993_04_08_a47_seg7_s6;15;Full|Psp;Diese neue Sicht auf den Raum reflektierte den Glauben an die Schwerkraft, die wissenschaftlich relativiert ist und dennoch verbindlich für das tägliche Tun bleibt .;nd;nd;not of interest;ModPräd;;nd;nd;nd;nd;nd;nd;nd;nd;nd;nd;nd;nd;nd;nd;nd;nd;nd;nd;nd;nd;nd;nd
195;VVINF;ADJD;beweisen;32;NZZ_1993_04_10_a22_seg2_s6;30;Full|-2;Die Ungereimtheiten der Berichte wurden zum Auslöser zahlreicher Spekulationen und Interpretationen, für ergebnislose jahrhundertelange theologische Diskussionen, die nur das eine erbrachten, dass sich die Auferstehung Jesu wissenschaftlich nicht beweisen lässt .;prozess;methodenorientiert;done;;frei;+;nd;+;nd;nd;+;nd;nd;nd;nd;nd;nd;nd;nd;nd;nd;nd;nd;nd;nd;nd;nd
196;VVPP;ADJD;sichern;17;NZZ_1993_04_10_a209_seg7_s18;14;Full|Psp;"Aber dieses Ziel liegt in so weiter Ferne, und seine Erreichbarkeit ist wissenschaftlich überhaupt nicht gesichert ; man kann daher der Auffassung sein, dass der enorme, durch internationale Vereinbarungen dauernd fortgeschriebene Aufwand durchaus reduziert werden könnte .";prozess;methodenorientiert;done;;frei;+;nd;+;nd;nd;+;nd;nd;nd;nd;nd;nd;nd;nd;nd;nd;nd;nd;nd;nd;nd;nd
197;VVFIN;ADJD;beschäftigen;12;NZZ_1993_04_15_a59_seg2_s13;15;Full|3|Sg|Pres|Ind;Christian Schmid-Cadalbert ist nicht nur selbst Lyriker und Geschichtenerzähler, er beschäftigt sich auch wissenschaftlich mit den schweizerischen Dialekten und ihren Literaturen .;prozess;methodenorientiert;done;;frei;+;nd;+;nd;nd;+;nd;nd;nd;nd;nd;nd;nd;nd;nd;nd;nd;nd;nd;nd;nd;nd
198;VVPP;ADJD;publizieren;43;NZZ_1993_04_22_a140_seg5_s8;42;Full|Psp;Mit Tränen in den Augen berichtet sie, dass Tausende von zum Teil bedeutenden phönizischen und römischen Stücken, welche auf dem Markt landeten, der Öffentlichkeit verloren sind, weil sie weder von Fachleuten im Zusammenhang ihrer Fundumgebung beurteilt noch wissenschaftlich publiziert werden konnten .;prozess;methodenorientiert;done;;frei;+;nd;+;nd;nd;+;nd;nd;nd;nd;nd;nd;nd;nd;nd;nd;nd;nd;nd;nd;nd;nd
199;VVFIN;ADJD;geben;33;NZZ_1993_04_23_a42_seg2_s1;32;Full|3|Sg|Pres|Ind;Die Aufsatzserie unter dem Titel « Metaphysik des Autos » in der Nummer « Technologie und Gesellschaft » ( NZZ Nr. 75 ) ist einseitig und tendenziös, obwohl sie sich wissenschaftlich gibt .;prozess;methodenorientiert;done;;frei;+;nd;+;nd;nd;+;nd;nd;nd;nd;nd;nd;nd;nd;nd;nd;nd;nd;nd;nd;nd;nd
200;VVIZU;ADJD;herstellen;11;NZZ_1993_04_26_a93_seg1_s20;3;Full|zu;Doch obwohl wissenschaftlich durchaus ein Zusammenhang zwischen Arbeitslosigkeit und Selbstmord herzustellen ist, scheint es im Einzelfall doch sehr viel schwieriger, diese Beziehungen im Detail zu rekonstruieren .;proposition;Frameadverbial;done;;frei;nd;nd;nd;nd;nd;nd;nd;+;nd;+;nd;nd;nd;nd;nd;nd;nd;nd;nd;nd;nd;nd
